item_id	set_id	template_id	slot	slot_family	condition	k	chance_rate	stratum	register	source_context	source	cue_location	gold_value	gold_tamil	gold_iso15919	morpheme_char_span	surface_morpheme	contrast_tamil	verb_lemma	referent_number	undecidable	checker_verified	neutralization_possible	split	flags
CLU-X-0001-C1-EXCL	CLU-X-0001	CLU-001	clusivity		C1	2	0.5000	addressee-included	literary		He did my brother and me at the gate.	in_sentence	EXCL	எங்களை செய்தான்.	eṅkaḷai ceytāṉ.	[0, 6]	எங்களை	நம்மை செய்தான்.	செய்	PL	False	True	False	public	
CLU-X-0001-C1-INCL	CLU-X-0001	CLU-001	clusivity		C1	2	0.5000	addressee-included	literary		He did you and me at the gate.	in_sentence	INCL	நம்மை செய்தான்.	nammai ceytāṉ.	[0, 5]	நம்மை	எங்களை செய்தான்.	செய்	PL	False	True	False	public	
CLU-X-0001-C2-EXCL	CLU-X-0001	CLU-001	clusivity		C2	2	0.5000	addressee-included	literary	My brother and I were both on the committee that year.	He did us at the gate.	prior_sentence	EXCL	எங்களை செய்தான்.	eṅkaḷai ceytāṉ.	[0, 6]	எங்களை	நம்மை செய்தான்.	செய்	PL	False	True	False	public	
CLU-X-0001-C2-INCL	CLU-X-0001	CLU-001	clusivity		C2	2	0.5000	addressee-included	literary	You and I were both on the committee that year.	He did us at the gate.	prior_sentence	INCL	நம்மை செய்தான்.	nammai ceytāṉ.	[0, 5]	நம்மை	எங்களை செய்தான்.	செய்	PL	False	True	False	public	
CLU-X-0001-C3-000	CLU-X-0001	CLU-001	clusivity		C3	2	0.5000	addressee-included	literary	The committee met four times in the course of that year.	He did us at the gate.	absent				[]		நம்மை செய்தான்.|எங்களை செய்தான்.	செய்	PL	False	True	False	public	
CLU-X-0001-C3-150	CLU-X-0001	CLU-001	clusivity		C3	2	0.5000	addressee-included	literary	The committee met four times in the course of that year.	He did us at the gate.	absent				[]		நம்மை செய்தான்.|எங்களை செய்தான்.	செய்	PL	False	True	False	public	
CLU-X-0002-C1-EXCL	CLU-X-0002	CLU-001	clusivity		C1	2	0.5000	addressee-included	literary		He looked my sister and me at the gate.	in_sentence	EXCL	எங்களை பார்த்தான்.	eṅkaḷai pārttāṉ.	[0, 6]	எங்களை	நம்மை பார்த்தான்.	பார்	PL	False	True	False	public	
CLU-X-0002-C1-INCL	CLU-X-0002	CLU-001	clusivity		C1	2	0.5000	addressee-included	literary		He looked you and myself at the gate.	in_sentence	INCL	நம்மை பார்த்தான்.	nammai pārttāṉ.	[0, 5]	நம்மை	எங்களை பார்த்தான்.	பார்	PL	False	True	False	public	
CLU-X-0002-C2-EXCL	CLU-X-0002	CLU-001	clusivity		C2	2	0.5000	addressee-included	literary	The group that travelled included me and two cousins.	He looked us at the gate.	prior_sentence	EXCL	எங்களை பார்த்தான்.	eṅkaḷai pārttāṉ.	[0, 6]	எங்களை	நம்மை பார்த்தான்.	பார்	PL	False	True	False	public	
CLU-X-0002-C2-INCL	CLU-X-0002	CLU-001	clusivity		C2	2	0.5000	addressee-included	literary	The group that travelled included you and me.	He looked us at the gate.	prior_sentence	INCL	நம்மை பார்த்தான்.	nammai pārttāṉ.	[0, 5]	நம்மை	எங்களை பார்த்தான்.	பார்	PL	False	True	False	public	
CLU-X-0002-C3-001	CLU-X-0002	CLU-001	clusivity		C3	2	0.5000	addressee-included	literary	The group that travelled reached the coast by evening.	He looked us at the gate.	absent				[]		நம்மை பார்த்தான்.|எங்களை பார்த்தான்.	பார்	PL	False	True	False	public	
CLU-X-0002-C3-151	CLU-X-0002	CLU-001	clusivity		C3	2	0.5000	addressee-included	literary	The group that travelled reached the coast by evening.	He looked us at the gate.	absent				[]		நம்மை பார்த்தான்.|எங்களை பார்த்தான்.	பார்	PL	False	True	False	public	
CLU-X-0003-C1-EXCL	CLU-X-0003	CLU-001	clusivity		C1	2	0.5000	addressee-included	literary		He wrote my cousin and me at the gate.	in_sentence	EXCL	எங்களை எழுதினான்.	eṅkaḷai eḻutiṉāṉ.	[0, 6]	எங்களை	நம்மை எழுதினான்.	எழுது	PL	False	True	False	public	
CLU-X-0003-C1-INCL	CLU-X-0003	CLU-001	clusivity		C1	2	0.5000	addressee-included	literary		He wrote yourself and me at the gate.	in_sentence	INCL	நம்மை எழுதினான்.	nammai eḻutiṉāṉ.	[0, 5]	நம்மை	எங்களை எழுதினான்.	எழுது	PL	False	True	False	public	
CLU-X-0003-C2-EXCL	CLU-X-0003	CLU-001	clusivity		C2	2	0.5000	addressee-included	literary	Neighbours joined our reading circle last winter.	He wrote us at the gate.	prior_sentence	EXCL	எங்களை எழுதினான்.	eṅkaḷai eḻutiṉāṉ.	[0, 6]	எங்களை	நம்மை எழுதினான்.	எழுது	PL	False	True	False	public	
CLU-X-0003-C2-INCL	CLU-X-0003	CLU-001	clusivity		C2	2	0.5000	addressee-included	literary	You joined our reading circle last winter.	He wrote us at the gate.	prior_sentence	INCL	நம்மை எழுதினான்.	nammai eḻutiṉāṉ.	[0, 5]	நம்மை	எங்களை எழுதினான்.	எழுது	PL	False	True	False	public	
CLU-X-0003-C3-002	CLU-X-0003	CLU-001	clusivity		C3	2	0.5000	addressee-included	literary	A noticeboard went up outside last winter.	He wrote us at the gate.	absent				[]		நம்மை எழுதினான்.|எங்களை எழுதினான்.	எழுது	PL	False	True	False	public	
CLU-X-0003-C3-152	CLU-X-0003	CLU-001	clusivity		C3	2	0.5000	addressee-included	literary	A noticeboard went up outside last winter.	He wrote us at the gate.	absent				[]		நம்மை எழுதினான்.|எங்களை எழுதினான்.	எழுது	PL	False	True	False	public	
CLU-X-0004-C1-EXCL	CLU-X-0004	CLU-001	clusivity		C1	2	0.5000	addressee-included	literary		He sang two of my friends and me at the gate.	in_sentence	EXCL	எங்களை பாடினான்.	eṅkaḷai pāṭiṉāṉ.	[0, 6]	எங்களை	நம்மை பாடினான்.	பாடு	PL	False	True	False	public	
CLU-X-0004-C1-INCL	CLU-X-0004	CLU-001	clusivity		C1	2	0.5000	addressee-included	literary		He sang both you and me at the gate.	in_sentence	INCL	நம்மை பாடினான்.	nammai pāṭiṉāṉ.	[0, 5]	நம்மை	எங்களை பாடினான்.	பாடு	PL	False	True	False	public	
CLU-X-0004-C2-EXCL	CLU-X-0004	CLU-001	clusivity		C2	2	0.5000	addressee-included	literary	Everyone in my office, not you, signed it.	He sang us at the gate.	prior_sentence	EXCL	எங்களை பாடினான்.	eṅkaḷai pāṭiṉāṉ.	[0, 6]	எங்களை	நம்மை பாடினான்.	பாடு	PL	False	True	False	public	
CLU-X-0004-C2-INCL	CLU-X-0004	CLU-001	clusivity		C2	2	0.5000	addressee-included	literary	Everyone here, you as well, signed the letter.	He sang us at the gate.	prior_sentence	INCL	நம்மை பாடினான்.	nammai pāṭiṉāṉ.	[0, 5]	நம்மை	எங்களை பாடினான்.	பாடு	PL	False	True	False	public	
CLU-X-0004-C3-003	CLU-X-0004	CLU-001	clusivity		C3	2	0.5000	addressee-included	literary	Somebody left unopened post beside that letter.	He sang us at the gate.	absent				[]		நம்மை பாடினான்.|எங்களை பாடினான்.	பாடு	PL	False	True	False	public	
CLU-X-0004-C3-153	CLU-X-0004	CLU-001	clusivity		C3	2	0.5000	addressee-included	literary	Somebody left unopened post beside that letter.	He sang us at the gate.	absent				[]		நம்மை பாடினான்.|எங்களை பாடினான்.	பாடு	PL	False	True	False	public	
CLU-X-0005-C1-EXCL	CLU-X-0005	CLU-001	clusivity		C1	2	0.5000	addressee-included	literary		He asked my colleague together with me at the gate.	in_sentence	EXCL	எங்களை கேட்டான்.	eṅkaḷai kēṭṭāṉ.	[0, 6]	எங்களை	நம்மை கேட்டான்.	கேள்	PL	False	True	False	public	
CLU-X-0005-C1-INCL	CLU-X-0005	CLU-001	clusivity		C1	2	0.5000	addressee-included	literary		He asked you together with me at the gate.	in_sentence	INCL	நம்மை கேட்டான்.	nammai kēṭṭāṉ.	[0, 5]	நம்மை	எங்களை கேட்டான்.	கேள்	PL	False	True	False	public	
CLU-X-0005-C2-EXCL	CLU-X-0005	CLU-001	clusivity		C2	2	0.5000	addressee-included	literary	We three, not counting you, share the same landlord.	He asked us at the gate.	prior_sentence	EXCL	எங்களை கேட்டான்.	eṅkaḷai kēṭṭāṉ.	[0, 6]	எங்களை	நம்மை கேட்டான்.	கேள்	PL	False	True	False	public	
CLU-X-0005-C2-INCL	CLU-X-0005	CLU-001	clusivity		C2	2	0.5000	addressee-included	literary	We three, counting you, share the same landlord.	He asked us at the gate.	prior_sentence	INCL	நம்மை கேட்டான்.	nammai kēṭṭāṉ.	[0, 5]	நம்மை	எங்களை கேட்டான்.	கேள்	PL	False	True	False	public	
CLU-X-0005-C3-004	CLU-X-0005	CLU-001	clusivity		C3	2	0.5000	addressee-included	literary	The three upstairs flats were repainted by the landlord.	He asked us at the gate.	absent				[]		நம்மை கேட்டான்.|எங்களை கேட்டான்.	கேள்	PL	False	True	False	public	
CLU-X-0005-C3-154	CLU-X-0005	CLU-001	clusivity		C3	2	0.5000	addressee-included	literary	The three upstairs flats were repainted by the landlord.	He asked us at the gate.	absent				[]		நம்மை கேட்டான்.|எங்களை கேட்டான்.	கேள்	PL	False	True	False	public	
CLU-X-0006-C1-EXCL	CLU-X-0006	CLU-001	clusivity		C1	2	0.5000	addressee-included	literary		He bought my neighbour as well as me at the gate.	in_sentence	EXCL	எங்களை வாங்கினான்.	eṅkaḷai vāṅkiṉāṉ.	[0, 6]	எங்களை	நம்மை வாங்கினான்.	வாங்கு	PL	False	True	False	public	
CLU-X-0006-C1-INCL	CLU-X-0006	CLU-001	clusivity		C1	2	0.5000	addressee-included	literary		He bought you as well as me at the gate.	in_sentence	INCL	நம்மை வாங்கினான்.	nammai vāṅkiṉāṉ.	[0, 5]	நம்மை	எங்களை வாங்கினான்.	வாங்கு	PL	False	True	False	public	
CLU-X-0006-C2-EXCL	CLU-X-0006	CLU-001	clusivity		C2	2	0.5000	addressee-included	literary	My wife and I have run this household since March.	He bought us at the gate.	prior_sentence	EXCL	எங்களை வாங்கினான்.	eṅkaḷai vāṅkiṉāṉ.	[0, 6]	எங்களை	நம்மை வாங்கினான்.	வாங்கு	PL	False	True	False	public	
CLU-X-0006-C2-INCL	CLU-X-0006	CLU-001	clusivity		C2	2	0.5000	addressee-included	literary	You have been part of this household since March.	He bought us at the gate.	prior_sentence	INCL	நம்மை வாங்கினான்.	nammai vāṅkiṉāṉ.	[0, 5]	நம்மை	எங்களை வாங்கினான்.	வாங்கு	PL	False	True	False	public	
CLU-X-0006-C3-005	CLU-X-0006	CLU-001	clusivity		C3	2	0.5000	addressee-included	literary	The water supply to the flat was cut in March.	He bought us at the gate.	absent				[]		நம்மை வாங்கினான்.|எங்களை வாங்கினான்.	வாங்கு	PL	False	True	False	public	
CLU-X-0006-C3-155	CLU-X-0006	CLU-001	clusivity		C3	2	0.5000	addressee-included	literary	The water supply to the flat was cut in March.	He bought us at the gate.	absent				[]		நம்மை வாங்கினான்.|எங்களை வாங்கினான்.	வாங்கு	PL	False	True	False	public	
CLU-X-0007-C1-EXCL	CLU-X-0007	CLU-001	clusivity		C1	2	0.5000	addressee-included	literary		He drank my brother and me at the gate.	in_sentence	EXCL	எங்களை குடித்தான்.	eṅkaḷai kuṭittāṉ.	[0, 6]	எங்களை	நம்மை குடித்தான்.	குடி	PL	False	True	False	public	
CLU-X-0007-C1-INCL	CLU-X-0007	CLU-001	clusivity		C1	2	0.5000	addressee-included	literary		He drank you and me at the gate.	in_sentence	INCL	நம்மை குடித்தான்.	nammai kuṭittāṉ.	[0, 5]	நம்மை	எங்களை குடித்தான்.	குடி	PL	False	True	False	public	
CLU-X-0007-C2-EXCL	CLU-X-0007	CLU-001	clusivity		C2	2	0.5000	addressee-included	literary	Both of us, my wife and I, were named in the notice.	He drank us at the gate.	prior_sentence	EXCL	எங்களை குடித்தான்.	eṅkaḷai kuṭittāṉ.	[0, 6]	எங்களை	நம்மை குடித்தான்.	குடி	PL	False	True	False	public	
CLU-X-0007-C2-INCL	CLU-X-0007	CLU-001	clusivity		C2	2	0.5000	addressee-included	literary	Both of us, you and I, were named in the notice.	He drank us at the gate.	prior_sentence	INCL	நம்மை குடித்தான்.	nammai kuṭittāṉ.	[0, 5]	நம்மை	எங்களை குடித்தான்.	குடி	PL	False	True	False	public	
CLU-X-0007-C3-006	CLU-X-0007	CLU-001	clusivity		C3	2	0.5000	addressee-included	literary	A copy of the notice was pinned to the board downstairs.	He drank us at the gate.	absent				[]		நம்மை குடித்தான்.|எங்களை குடித்தான்.	குடி	PL	False	True	False	public	
CLU-X-0007-C3-156	CLU-X-0007	CLU-001	clusivity		C3	2	0.5000	addressee-included	literary	A copy of the notice was pinned to the board downstairs.	He drank us at the gate.	absent				[]		நம்மை குடித்தான்.|எங்களை குடித்தான்.	குடி	PL	False	True	False	public	
CLU-X-0008-C1-EXCL	CLU-X-0008	CLU-001	clusivity		C1	2	0.5000	addressee-included	literary		He built my sister and me at the gate.	in_sentence	EXCL	எங்களை கட்டினான்.	eṅkaḷai kaṭṭiṉāṉ.	[0, 6]	எங்களை	நம்மை கட்டினான்.	கட்டு	PL	False	True	False	public	
CLU-X-0008-C1-INCL	CLU-X-0008	CLU-001	clusivity		C1	2	0.5000	addressee-included	literary		He built you and myself at the gate.	in_sentence	INCL	நம்மை கட்டினான்.	nammai kaṭṭiṉāṉ.	[0, 5]	நம்மை	எங்களை கட்டினான்.	கட்டு	PL	False	True	False	public	
CLU-X-0008-C2-EXCL	CLU-X-0008	CLU-001	clusivity		C2	2	0.5000	addressee-included	literary	My colleagues are on the same team as me this season.	He built us at the gate.	prior_sentence	EXCL	எங்களை கட்டினான்.	eṅkaḷai kaṭṭiṉāṉ.	[0, 6]	எங்களை	நம்மை கட்டினான்.	கட்டு	PL	False	True	False	public	
CLU-X-0008-C2-INCL	CLU-X-0008	CLU-001	clusivity		C2	2	0.5000	addressee-included	literary	You are on the same team as me this season.	He built us at the gate.	prior_sentence	INCL	நம்மை கட்டினான்.	nammai kaṭṭiṉāṉ.	[0, 5]	நம்மை	எங்களை கட்டினான்.	கட்டு	PL	False	True	False	public	
CLU-X-0008-C3-007	CLU-X-0008	CLU-001	clusivity		C3	2	0.5000	addressee-included	literary	The season was shortened by two weeks because of the rain.	He built us at the gate.	absent				[]		நம்மை கட்டினான்.|எங்களை கட்டினான்.	கட்டு	PL	False	True	False	public	
CLU-X-0008-C3-157	CLU-X-0008	CLU-001	clusivity		C3	2	0.5000	addressee-included	literary	The season was shortened by two weeks because of the rain.	He built us at the gate.	absent				[]		நம்மை கட்டினான்.|எங்களை கட்டினான்.	கட்டு	PL	False	True	False	public	
CLU-X-0009-C1-EXCL	CLU-X-0009	CLU-001	clusivity		C1	2	0.5000	addressee-included	literary		He opened my cousin and me at the gate.	in_sentence	EXCL	எங்களை திறந்தான்.	eṅkaḷai tiṟantāṉ.	[0, 6]	எங்களை	நம்மை திறந்தான்.	திற	PL	False	True	False	public	
CLU-X-0009-C1-INCL	CLU-X-0009	CLU-001	clusivity		C1	2	0.5000	addressee-included	literary		He opened yourself and me at the gate.	in_sentence	INCL	நம்மை திறந்தான்.	nammai tiṟantāṉ.	[0, 5]	நம்மை	எங்களை திறந்தான்.	திற	PL	False	True	False	public	
CLU-X-0009-C2-EXCL	CLU-X-0009	CLU-001	clusivity		C2	2	0.5000	addressee-included	literary	My brother and I were both on the committee that year.	He opened us at the gate.	prior_sentence	EXCL	எங்களை திறந்தான்.	eṅkaḷai tiṟantāṉ.	[0, 6]	எங்களை	நம்மை திறந்தான்.	திற	PL	False	True	False	public	
CLU-X-0009-C2-INCL	CLU-X-0009	CLU-001	clusivity		C2	2	0.5000	addressee-included	literary	You and I were both on the committee that year.	He opened us at the gate.	prior_sentence	INCL	நம்மை திறந்தான்.	nammai tiṟantāṉ.	[0, 5]	நம்மை	எங்களை திறந்தான்.	திற	PL	False	True	False	public	
CLU-X-0009-C3-008	CLU-X-0009	CLU-001	clusivity		C3	2	0.5000	addressee-included	literary	The committee met four times in the course of that year.	He opened us at the gate.	absent				[]		நம்மை திறந்தான்.|எங்களை திறந்தான்.	திற	PL	False	True	False	public	
CLU-X-0009-C3-158	CLU-X-0009	CLU-001	clusivity		C3	2	0.5000	addressee-included	literary	The committee met four times in the course of that year.	He opened us at the gate.	absent				[]		நம்மை திறந்தான்.|எங்களை திறந்தான்.	திற	PL	False	True	False	public	
CLU-X-0010-C1-EXCL	CLU-X-0010	CLU-001	clusivity		C1	2	0.5000	addressee-included	literary		He closed two of my friends and me at the gate.	in_sentence	EXCL	எங்களை மூடினான்.	eṅkaḷai mūṭiṉāṉ.	[0, 6]	எங்களை	நம்மை மூடினான்.	மூடு	PL	False	True	False	public	
CLU-X-0010-C1-INCL	CLU-X-0010	CLU-001	clusivity		C1	2	0.5000	addressee-included	literary		He closed both you and me at the gate.	in_sentence	INCL	நம்மை மூடினான்.	nammai mūṭiṉāṉ.	[0, 5]	நம்மை	எங்களை மூடினான்.	மூடு	PL	False	True	False	public	
CLU-X-0010-C2-EXCL	CLU-X-0010	CLU-001	clusivity		C2	2	0.5000	addressee-included	literary	The group that travelled included me and two cousins.	He closed us at the gate.	prior_sentence	EXCL	எங்களை மூடினான்.	eṅkaḷai mūṭiṉāṉ.	[0, 6]	எங்களை	நம்மை மூடினான்.	மூடு	PL	False	True	False	public	
CLU-X-0010-C2-INCL	CLU-X-0010	CLU-001	clusivity		C2	2	0.5000	addressee-included	literary	The group that travelled included you and me.	He closed us at the gate.	prior_sentence	INCL	நம்மை மூடினான்.	nammai mūṭiṉāṉ.	[0, 5]	நம்மை	எங்களை மூடினான்.	மூடு	PL	False	True	False	public	
CLU-X-0010-C3-009	CLU-X-0010	CLU-001	clusivity		C3	2	0.5000	addressee-included	literary	The group that travelled reached the coast by evening.	He closed us at the gate.	absent				[]		நம்மை மூடினான்.|எங்களை மூடினான்.	மூடு	PL	False	True	False	public	
CLU-X-0010-C3-159	CLU-X-0010	CLU-001	clusivity		C3	2	0.5000	addressee-included	literary	The group that travelled reached the coast by evening.	He closed us at the gate.	absent				[]		நம்மை மூடினான்.|எங்களை மூடினான்.	மூடு	PL	False	True	False	public	
CLU-X-0011-C1-EXCL	CLU-X-0011	CLU-002	clusivity		C1	2	0.5000	addressee-excluded	literary		The officer sent my colleague together with me in the corridor.	in_sentence	EXCL	எங்களை அனுப்பினான்.	eṅkaḷai aṉuppiṉāṉ.	[0, 6]	எங்களை	நம்மை அனுப்பினான்.	அனுப்பு	PL	False	True	False	public	
CLU-X-0011-C1-INCL	CLU-X-0011	CLU-002	clusivity		C1	2	0.5000	addressee-excluded	literary		The officer sent you together with me in the corridor.	in_sentence	INCL	நம்மை அனுப்பினான்.	nammai aṉuppiṉāṉ.	[0, 5]	நம்மை	எங்களை அனுப்பினான்.	அனுப்பு	PL	False	True	False	public	
CLU-X-0011-C2-EXCL	CLU-X-0011	CLU-002	clusivity		C2	2	0.5000	addressee-excluded	literary	Neighbours joined our reading circle last winter.	The officer sent us in the corridor.	prior_sentence	EXCL	எங்களை அனுப்பினான்.	eṅkaḷai aṉuppiṉāṉ.	[0, 6]	எங்களை	நம்மை அனுப்பினான்.	அனுப்பு	PL	False	True	False	public	
CLU-X-0011-C2-INCL	CLU-X-0011	CLU-002	clusivity		C2	2	0.5000	addressee-excluded	literary	You joined our reading circle last winter.	The officer sent us in the corridor.	prior_sentence	INCL	நம்மை அனுப்பினான்.	nammai aṉuppiṉāṉ.	[0, 5]	நம்மை	எங்களை அனுப்பினான்.	அனுப்பு	PL	False	True	False	public	
CLU-X-0011-C3-010	CLU-X-0011	CLU-002	clusivity		C3	2	0.5000	addressee-excluded	literary	A noticeboard went up outside last winter.	The officer sent us in the corridor.	absent				[]		நம்மை அனுப்பினான்.|எங்களை அனுப்பினான்.	அனுப்பு	PL	False	True	False	public	
CLU-X-0011-C3-160	CLU-X-0011	CLU-002	clusivity		C3	2	0.5000	addressee-excluded	literary	A noticeboard went up outside last winter.	The officer sent us in the corridor.	absent				[]		நம்மை அனுப்பினான்.|எங்களை அனுப்பினான்.	அனுப்பு	PL	False	True	False	public	
CLU-X-0012-C1-EXCL	CLU-X-0012	CLU-002	clusivity		C1	2	0.5000	addressee-excluded	literary		The officer began my neighbour as well as me in the corridor.	in_sentence	EXCL	எங்களை தொடங்கினான்.	eṅkaḷai toṭaṅkiṉāṉ.	[0, 6]	எங்களை	நம்மை தொடங்கினான்.	தொடங்கு	PL	False	True	False	public	
CLU-X-0012-C1-INCL	CLU-X-0012	CLU-002	clusivity		C1	2	0.5000	addressee-excluded	literary		The officer began you as well as me in the corridor.	in_sentence	INCL	நம்மை தொடங்கினான்.	nammai toṭaṅkiṉāṉ.	[0, 5]	நம்மை	எங்களை தொடங்கினான்.	தொடங்கு	PL	False	True	False	public	
CLU-X-0012-C2-EXCL	CLU-X-0012	CLU-002	clusivity		C2	2	0.5000	addressee-excluded	literary	Everyone in my office, not you, signed it.	The officer began us in the corridor.	prior_sentence	EXCL	எங்களை தொடங்கினான்.	eṅkaḷai toṭaṅkiṉāṉ.	[0, 6]	எங்களை	நம்மை தொடங்கினான்.	தொடங்கு	PL	False	True	False	public	
CLU-X-0012-C2-INCL	CLU-X-0012	CLU-002	clusivity		C2	2	0.5000	addressee-excluded	literary	Everyone here, you as well, signed the letter.	The officer began us in the corridor.	prior_sentence	INCL	நம்மை தொடங்கினான்.	nammai toṭaṅkiṉāṉ.	[0, 5]	நம்மை	எங்களை தொடங்கினான்.	தொடங்கு	PL	False	True	False	public	
CLU-X-0012-C3-011	CLU-X-0012	CLU-002	clusivity		C3	2	0.5000	addressee-excluded	literary	Somebody left unopened post beside that letter.	The officer began us in the corridor.	absent				[]		நம்மை தொடங்கினான்.|எங்களை தொடங்கினான்.	தொடங்கு	PL	False	True	False	public	
CLU-X-0012-C3-161	CLU-X-0012	CLU-002	clusivity		C3	2	0.5000	addressee-excluded	literary	Somebody left unopened post beside that letter.	The officer began us in the corridor.	absent				[]		நம்மை தொடங்கினான்.|எங்களை தொடங்கினான்.	தொடங்கு	PL	False	True	False	public	
CLU-X-0013-C1-EXCL	CLU-X-0013	CLU-002	clusivity		C1	2	0.5000	addressee-excluded	literary		The officer knew my brother and me in the corridor.	in_sentence	EXCL	எங்களை அறிந்தான்.	eṅkaḷai aṟintāṉ.	[0, 6]	எங்களை	நம்மை அறிந்தான்.	அறி	PL	False	True	False	public	
CLU-X-0013-C1-INCL	CLU-X-0013	CLU-002	clusivity		C1	2	0.5000	addressee-excluded	literary		The officer knew you and me in the corridor.	in_sentence	INCL	நம்மை அறிந்தான்.	nammai aṟintāṉ.	[0, 5]	நம்மை	எங்களை அறிந்தான்.	அறி	PL	False	True	False	public	
CLU-X-0013-C2-EXCL	CLU-X-0013	CLU-002	clusivity		C2	2	0.5000	addressee-excluded	literary	We three, not counting you, share the same landlord.	The officer knew us in the corridor.	prior_sentence	EXCL	எங்களை அறிந்தான்.	eṅkaḷai aṟintāṉ.	[0, 6]	எங்களை	நம்மை அறிந்தான்.	அறி	PL	False	True	False	public	
CLU-X-0013-C2-INCL	CLU-X-0013	CLU-002	clusivity		C2	2	0.5000	addressee-excluded	literary	We three, counting you, share the same landlord.	The officer knew us in the corridor.	prior_sentence	INCL	நம்மை அறிந்தான்.	nammai aṟintāṉ.	[0, 5]	நம்மை	எங்களை அறிந்தான்.	அறி	PL	False	True	False	public	
CLU-X-0013-C3-012	CLU-X-0013	CLU-002	clusivity		C3	2	0.5000	addressee-excluded	literary	The three upstairs flats were repainted by the landlord.	The officer knew us in the corridor.	absent				[]		நம்மை அறிந்தான்.|எங்களை அறிந்தான்.	அறி	PL	False	True	False	public	
CLU-X-0013-C3-162	CLU-X-0013	CLU-002	clusivity		C3	2	0.5000	addressee-excluded	literary	The three upstairs flats were repainted by the landlord.	The officer knew us in the corridor.	absent				[]		நம்மை அறிந்தான்.|எங்களை அறிந்தான்.	அறி	PL	False	True	False	public	
CLU-X-0014-C1-EXCL	CLU-X-0014	CLU-002	clusivity		C1	2	0.5000	addressee-excluded	literary		The officer searched my sister and me in the corridor.	in_sentence	EXCL	எங்களை தேடினான்.	eṅkaḷai tēṭiṉāṉ.	[0, 6]	எங்களை	நம்மை தேடினான்.	தேடு	PL	False	True	False	public	
CLU-X-0014-C1-INCL	CLU-X-0014	CLU-002	clusivity		C1	2	0.5000	addressee-excluded	literary		The officer searched you and myself in the corridor.	in_sentence	INCL	நம்மை தேடினான்.	nammai tēṭiṉāṉ.	[0, 5]	நம்மை	எங்களை தேடினான்.	தேடு	PL	False	True	False	public	
CLU-X-0014-C2-EXCL	CLU-X-0014	CLU-002	clusivity		C2	2	0.5000	addressee-excluded	literary	My wife and I have run this household since March.	The officer searched us in the corridor.	prior_sentence	EXCL	எங்களை தேடினான்.	eṅkaḷai tēṭiṉāṉ.	[0, 6]	எங்களை	நம்மை தேடினான்.	தேடு	PL	False	True	False	public	
CLU-X-0014-C2-INCL	CLU-X-0014	CLU-002	clusivity		C2	2	0.5000	addressee-excluded	literary	You have been part of this household since March.	The officer searched us in the corridor.	prior_sentence	INCL	நம்மை தேடினான்.	nammai tēṭiṉāṉ.	[0, 5]	நம்மை	எங்களை தேடினான்.	தேடு	PL	False	True	False	public	
CLU-X-0014-C3-013	CLU-X-0014	CLU-002	clusivity		C3	2	0.5000	addressee-excluded	literary	The water supply to the flat was cut in March.	The officer searched us in the corridor.	absent				[]		நம்மை தேடினான்.|எங்களை தேடினான்.	தேடு	PL	False	True	False	public	
CLU-X-0014-C3-163	CLU-X-0014	CLU-002	clusivity		C3	2	0.5000	addressee-excluded	literary	The water supply to the flat was cut in March.	The officer searched us in the corridor.	absent				[]		நம்மை தேடினான்.|எங்களை தேடினான்.	தேடு	PL	False	True	False	public	
CLU-X-0015-C1-EXCL	CLU-X-0015	CLU-002	clusivity		C1	2	0.5000	addressee-excluded	literary		The officer caught my cousin and me in the corridor.	in_sentence	EXCL	எங்களை பிடித்தான்.	eṅkaḷai piṭittāṉ.	[0, 6]	எங்களை	நம்மை பிடித்தான்.	பிடி	PL	False	True	False	public	
CLU-X-0015-C1-INCL	CLU-X-0015	CLU-002	clusivity		C1	2	0.5000	addressee-excluded	literary		The officer caught yourself and me in the corridor.	in_sentence	INCL	நம்மை பிடித்தான்.	nammai piṭittāṉ.	[0, 5]	நம்மை	எங்களை பிடித்தான்.	பிடி	PL	False	True	False	public	
CLU-X-0015-C2-EXCL	CLU-X-0015	CLU-002	clusivity		C2	2	0.5000	addressee-excluded	literary	Both of us, my wife and I, were named in the notice.	The officer caught us in the corridor.	prior_sentence	EXCL	எங்களை பிடித்தான்.	eṅkaḷai piṭittāṉ.	[0, 6]	எங்களை	நம்மை பிடித்தான்.	பிடி	PL	False	True	False	public	
CLU-X-0015-C2-INCL	CLU-X-0015	CLU-002	clusivity		C2	2	0.5000	addressee-excluded	literary	Both of us, you and I, were named in the notice.	The officer caught us in the corridor.	prior_sentence	INCL	நம்மை பிடித்தான்.	nammai piṭittāṉ.	[0, 5]	நம்மை	எங்களை பிடித்தான்.	பிடி	PL	False	True	False	public	
CLU-X-0015-C3-014	CLU-X-0015	CLU-002	clusivity		C3	2	0.5000	addressee-excluded	literary	A copy of the notice was pinned to the board downstairs.	The officer caught us in the corridor.	absent				[]		நம்மை பிடித்தான்.|எங்களை பிடித்தான்.	பிடி	PL	False	True	False	public	
CLU-X-0015-C3-164	CLU-X-0015	CLU-002	clusivity		C3	2	0.5000	addressee-excluded	literary	A copy of the notice was pinned to the board downstairs.	The officer caught us in the corridor.	absent				[]		நம்மை பிடித்தான்.|எங்களை பிடித்தான்.	பிடி	PL	False	True	False	public	
CLU-X-0016-C1-EXCL	CLU-X-0016	CLU-002	clusivity		C1	2	0.5000	addressee-excluded	literary		The officer took two of my friends and me in the corridor.	in_sentence	EXCL	எங்களை கொண்டான்.	eṅkaḷai koṇṭāṉ.	[0, 6]	எங்களை	நம்மை கொண்டான்.	கொள்	PL	False	True	False	public	
CLU-X-0016-C1-INCL	CLU-X-0016	CLU-002	clusivity		C1	2	0.5000	addressee-excluded	literary		The officer took both you and me in the corridor.	in_sentence	INCL	நம்மை கொண்டான்.	nammai koṇṭāṉ.	[0, 5]	நம்மை	எங்களை கொண்டான்.	கொள்	PL	False	True	False	public	
CLU-X-0016-C2-EXCL	CLU-X-0016	CLU-002	clusivity		C2	2	0.5000	addressee-excluded	literary	My colleagues are on the same team as me this season.	The officer took us in the corridor.	prior_sentence	EXCL	எங்களை கொண்டான்.	eṅkaḷai koṇṭāṉ.	[0, 6]	எங்களை	நம்மை கொண்டான்.	கொள்	PL	False	True	False	public	
CLU-X-0016-C2-INCL	CLU-X-0016	CLU-002	clusivity		C2	2	0.5000	addressee-excluded	literary	You are on the same team as me this season.	The officer took us in the corridor.	prior_sentence	INCL	நம்மை கொண்டான்.	nammai koṇṭāṉ.	[0, 5]	நம்மை	எங்களை கொண்டான்.	கொள்	PL	False	True	False	public	
CLU-X-0016-C3-015	CLU-X-0016	CLU-002	clusivity		C3	2	0.5000	addressee-excluded	literary	The season was shortened by two weeks because of the rain.	The officer took us in the corridor.	absent				[]		நம்மை கொண்டான்.|எங்களை கொண்டான்.	கொள்	PL	False	True	False	public	
CLU-X-0016-C3-165	CLU-X-0016	CLU-002	clusivity		C3	2	0.5000	addressee-excluded	literary	The season was shortened by two weeks because of the rain.	The officer took us in the corridor.	absent				[]		நம்மை கொண்டான்.|எங்களை கொண்டான்.	கொள்	PL	False	True	False	public	
CLU-X-0017-C1-EXCL	CLU-X-0017	CLU-002	clusivity		C1	2	0.5000	addressee-excluded	literary		The officer said my colleague together with me in the corridor.	in_sentence	EXCL	எங்களை கூறினான்.	eṅkaḷai kūṟiṉāṉ.	[0, 6]	எங்களை	நம்மை கூறினான்.	கூறு	PL	False	True	False	public	
CLU-X-0017-C1-INCL	CLU-X-0017	CLU-002	clusivity		C1	2	0.5000	addressee-excluded	literary		The officer said you together with me in the corridor.	in_sentence	INCL	நம்மை கூறினான்.	nammai kūṟiṉāṉ.	[0, 5]	நம்மை	எங்களை கூறினான்.	கூறு	PL	False	True	False	public	
CLU-X-0017-C2-EXCL	CLU-X-0017	CLU-002	clusivity		C2	2	0.5000	addressee-excluded	literary	My brother and I were both on the committee that year.	The officer said us in the corridor.	prior_sentence	EXCL	எங்களை கூறினான்.	eṅkaḷai kūṟiṉāṉ.	[0, 6]	எங்களை	நம்மை கூறினான்.	கூறு	PL	False	True	False	public	
CLU-X-0017-C2-INCL	CLU-X-0017	CLU-002	clusivity		C2	2	0.5000	addressee-excluded	literary	You and I were both on the committee that year.	The officer said us in the corridor.	prior_sentence	INCL	நம்மை கூறினான்.	nammai kūṟiṉāṉ.	[0, 5]	நம்மை	எங்களை கூறினான்.	கூறு	PL	False	True	False	public	
CLU-X-0017-C3-016	CLU-X-0017	CLU-002	clusivity		C3	2	0.5000	addressee-excluded	literary	The committee met four times in the course of that year.	The officer said us in the corridor.	absent				[]		நம்மை கூறினான்.|எங்களை கூறினான்.	கூறு	PL	False	True	False	public	
CLU-X-0017-C3-166	CLU-X-0017	CLU-002	clusivity		C3	2	0.5000	addressee-excluded	literary	The committee met four times in the course of that year.	The officer said us in the corridor.	absent				[]		நம்மை கூறினான்.|எங்களை கூறினான்.	கூறு	PL	False	True	False	public	
CLU-X-0018-C1-EXCL	CLU-X-0018	CLU-002	clusivity		C1	2	0.5000	addressee-excluded	literary		The officer conducted my neighbour as well as me in the corridor.	in_sentence	EXCL	எங்களை நடத்தினான்.	eṅkaḷai naṭattiṉāṉ.	[0, 6]	எங்களை	நம்மை நடத்தினான்.	நடத்து	PL	False	True	False	public	
CLU-X-0018-C1-INCL	CLU-X-0018	CLU-002	clusivity		C1	2	0.5000	addressee-excluded	literary		The officer conducted you as well as me in the corridor.	in_sentence	INCL	நம்மை நடத்தினான்.	nammai naṭattiṉāṉ.	[0, 5]	நம்மை	எங்களை நடத்தினான்.	நடத்து	PL	False	True	False	public	
CLU-X-0018-C2-EXCL	CLU-X-0018	CLU-002	clusivity		C2	2	0.5000	addressee-excluded	literary	The group that travelled included me and two cousins.	The officer conducted us in the corridor.	prior_sentence	EXCL	எங்களை நடத்தினான்.	eṅkaḷai naṭattiṉāṉ.	[0, 6]	எங்களை	நம்மை நடத்தினான்.	நடத்து	PL	False	True	False	public	
CLU-X-0018-C2-INCL	CLU-X-0018	CLU-002	clusivity		C2	2	0.5000	addressee-excluded	literary	The group that travelled included you and me.	The officer conducted us in the corridor.	prior_sentence	INCL	நம்மை நடத்தினான்.	nammai naṭattiṉāṉ.	[0, 5]	நம்மை	எங்களை நடத்தினான்.	நடத்து	PL	False	True	False	public	
CLU-X-0018-C3-017	CLU-X-0018	CLU-002	clusivity		C3	2	0.5000	addressee-excluded	literary	The group that travelled reached the coast by evening.	The officer conducted us in the corridor.	absent				[]		நம்மை நடத்தினான்.|எங்களை நடத்தினான்.	நடத்து	PL	False	True	False	public	
CLU-X-0018-C3-167	CLU-X-0018	CLU-002	clusivity		C3	2	0.5000	addressee-excluded	literary	The group that travelled reached the coast by evening.	The officer conducted us in the corridor.	absent				[]		நம்மை நடத்தினான்.|எங்களை நடத்தினான்.	நடத்து	PL	False	True	False	public	
CLU-X-0019-C1-EXCL	CLU-X-0019	CLU-002	clusivity		C1	2	0.5000	addressee-excluded	literary		The officer studied my brother and me in the corridor.	in_sentence	EXCL	எங்களை பயின்றான்.	eṅkaḷai payiṉṟāṉ.	[0, 6]	எங்களை	நம்மை பயின்றான்.	பயில்	PL	False	True	False	public	
CLU-X-0019-C1-INCL	CLU-X-0019	CLU-002	clusivity		C1	2	0.5000	addressee-excluded	literary		The officer studied you and me in the corridor.	in_sentence	INCL	நம்மை பயின்றான்.	nammai payiṉṟāṉ.	[0, 5]	நம்மை	எங்களை பயின்றான்.	பயில்	PL	False	True	False	public	
CLU-X-0019-C2-EXCL	CLU-X-0019	CLU-002	clusivity		C2	2	0.5000	addressee-excluded	literary	Neighbours joined our reading circle last winter.	The officer studied us in the corridor.	prior_sentence	EXCL	எங்களை பயின்றான்.	eṅkaḷai payiṉṟāṉ.	[0, 6]	எங்களை	நம்மை பயின்றான்.	பயில்	PL	False	True	False	public	
CLU-X-0019-C2-INCL	CLU-X-0019	CLU-002	clusivity		C2	2	0.5000	addressee-excluded	literary	You joined our reading circle last winter.	The officer studied us in the corridor.	prior_sentence	INCL	நம்மை பயின்றான்.	nammai payiṉṟāṉ.	[0, 5]	நம்மை	எங்களை பயின்றான்.	பயில்	PL	False	True	False	public	
CLU-X-0019-C3-018	CLU-X-0019	CLU-002	clusivity		C3	2	0.5000	addressee-excluded	literary	A noticeboard went up outside last winter.	The officer studied us in the corridor.	absent				[]		நம்மை பயின்றான்.|எங்களை பயின்றான்.	பயில்	PL	False	True	False	public	
CLU-X-0019-C3-168	CLU-X-0019	CLU-002	clusivity		C3	2	0.5000	addressee-excluded	literary	A noticeboard went up outside last winter.	The officer studied us in the corridor.	absent				[]		நம்மை பயின்றான்.|எங்களை பயின்றான்.	பயில்	PL	False	True	False	public	
CLU-X-0020-C1-EXCL	CLU-X-0020	CLU-002	clusivity		C1	2	0.5000	addressee-excluded	literary		The officer washed my sister and me in the corridor.	in_sentence	EXCL	எங்களை கழுவினான்.	eṅkaḷai kaḻuviṉāṉ.	[0, 6]	எங்களை	நம்மை கழுவினான்.	கழுவு	PL	False	True	False	public	
CLU-X-0020-C1-INCL	CLU-X-0020	CLU-002	clusivity		C1	2	0.5000	addressee-excluded	literary		The officer washed you and myself in the corridor.	in_sentence	INCL	நம்மை கழுவினான்.	nammai kaḻuviṉāṉ.	[0, 5]	நம்மை	எங்களை கழுவினான்.	கழுவு	PL	False	True	False	public	
CLU-X-0020-C2-EXCL	CLU-X-0020	CLU-002	clusivity		C2	2	0.5000	addressee-excluded	literary	Everyone in my office, not you, signed it.	The officer washed us in the corridor.	prior_sentence	EXCL	எங்களை கழுவினான்.	eṅkaḷai kaḻuviṉāṉ.	[0, 6]	எங்களை	நம்மை கழுவினான்.	கழுவு	PL	False	True	False	public	
CLU-X-0020-C2-INCL	CLU-X-0020	CLU-002	clusivity		C2	2	0.5000	addressee-excluded	literary	Everyone here, you as well, signed the letter.	The officer washed us in the corridor.	prior_sentence	INCL	நம்மை கழுவினான்.	nammai kaḻuviṉāṉ.	[0, 5]	நம்மை	எங்களை கழுவினான்.	கழுவு	PL	False	True	False	public	
CLU-X-0020-C3-019	CLU-X-0020	CLU-002	clusivity		C3	2	0.5000	addressee-excluded	literary	Somebody left unopened post beside that letter.	The officer washed us in the corridor.	absent				[]		நம்மை கழுவினான்.|எங்களை கழுவினான்.	கழுவு	PL	False	True	False	public	
CLU-X-0020-C3-169	CLU-X-0020	CLU-002	clusivity		C3	2	0.5000	addressee-excluded	literary	Somebody left unopened post beside that letter.	The officer washed us in the corridor.	absent				[]		நம்மை கழுவினான்.|எங்களை கழுவினான்.	கழுவு	PL	False	True	False	public	
CLU-X-0021-C1-EXCL	CLU-X-0021	CLU-003	clusivity		C1	2	0.5000	addressee-included	literary		Someone wiped my cousin and me near the station.	in_sentence	EXCL	எங்களை துடைத்தான்.	eṅkaḷai tuṭaittāṉ.	[0, 6]	எங்களை	நம்மை துடைத்தான்.	துடை	PL	False	True	False	public	
CLU-X-0021-C1-INCL	CLU-X-0021	CLU-003	clusivity		C1	2	0.5000	addressee-included	literary		Someone wiped yourself and me near the station.	in_sentence	INCL	நம்மை துடைத்தான்.	nammai tuṭaittāṉ.	[0, 5]	நம்மை	எங்களை துடைத்தான்.	துடை	PL	False	True	False	public	
CLU-X-0021-C2-EXCL	CLU-X-0021	CLU-003	clusivity		C2	2	0.5000	addressee-included	literary	We three, not counting you, share the same landlord.	Someone wiped us near the station.	prior_sentence	EXCL	எங்களை துடைத்தான்.	eṅkaḷai tuṭaittāṉ.	[0, 6]	எங்களை	நம்மை துடைத்தான்.	துடை	PL	False	True	False	public	
CLU-X-0021-C2-INCL	CLU-X-0021	CLU-003	clusivity		C2	2	0.5000	addressee-included	literary	We three, counting you, share the same landlord.	Someone wiped us near the station.	prior_sentence	INCL	நம்மை துடைத்தான்.	nammai tuṭaittāṉ.	[0, 5]	நம்மை	எங்களை துடைத்தான்.	துடை	PL	False	True	False	public	
CLU-X-0021-C3-020	CLU-X-0021	CLU-003	clusivity		C3	2	0.5000	addressee-included	literary	The three upstairs flats were repainted by the landlord.	Someone wiped us near the station.	absent				[]		நம்மை துடைத்தான்.|எங்களை துடைத்தான்.	துடை	PL	False	True	False	public	
CLU-X-0021-C3-170	CLU-X-0021	CLU-003	clusivity		C3	2	0.5000	addressee-included	literary	The three upstairs flats were repainted by the landlord.	Someone wiped us near the station.	absent				[]		நம்மை துடைத்தான்.|எங்களை துடைத்தான்.	துடை	PL	False	True	False	public	
CLU-X-0022-C1-EXCL	CLU-X-0022	CLU-003	clusivity		C1	2	0.5000	addressee-included	literary		Someone trusted two of my friends and me near the station.	in_sentence	EXCL	எங்களை நம்பினான்.	eṅkaḷai nampiṉāṉ.	[0, 6]	எங்களை	நம்மை நம்பினான்.	நம்பு	PL	False	True	False	public	
CLU-X-0022-C1-INCL	CLU-X-0022	CLU-003	clusivity		C1	2	0.5000	addressee-included	literary		Someone trusted both you and me near the station.	in_sentence	INCL	நம்மை நம்பினான்.	nammai nampiṉāṉ.	[0, 5]	நம்மை	எங்களை நம்பினான்.	நம்பு	PL	False	True	False	public	
CLU-X-0022-C2-EXCL	CLU-X-0022	CLU-003	clusivity		C2	2	0.5000	addressee-included	literary	My wife and I have run this household since March.	Someone trusted us near the station.	prior_sentence	EXCL	எங்களை நம்பினான்.	eṅkaḷai nampiṉāṉ.	[0, 6]	எங்களை	நம்மை நம்பினான்.	நம்பு	PL	False	True	False	public	
CLU-X-0022-C2-INCL	CLU-X-0022	CLU-003	clusivity		C2	2	0.5000	addressee-included	literary	You have been part of this household since March.	Someone trusted us near the station.	prior_sentence	INCL	நம்மை நம்பினான்.	nammai nampiṉāṉ.	[0, 5]	நம்மை	எங்களை நம்பினான்.	நம்பு	PL	False	True	False	public	
CLU-X-0022-C3-021	CLU-X-0022	CLU-003	clusivity		C3	2	0.5000	addressee-included	literary	The water supply to the flat was cut in March.	Someone trusted us near the station.	absent				[]		நம்மை நம்பினான்.|எங்களை நம்பினான்.	நம்பு	PL	False	True	False	public	
CLU-X-0022-C3-171	CLU-X-0022	CLU-003	clusivity		C3	2	0.5000	addressee-included	literary	The water supply to the flat was cut in March.	Someone trusted us near the station.	absent				[]		நம்மை நம்பினான்.|எங்களை நம்பினான்.	நம்பு	PL	False	True	False	public	
CLU-X-0023-C1-EXCL	CLU-X-0023	CLU-003	clusivity		C1	2	0.5000	addressee-included	literary		Someone refused my colleague together with me near the station.	in_sentence	EXCL	எங்களை மறுத்தான்.	eṅkaḷai maṟuttāṉ.	[0, 6]	எங்களை	நம்மை மறுத்தான்.	மறு	PL	False	True	False	public	
CLU-X-0023-C1-INCL	CLU-X-0023	CLU-003	clusivity		C1	2	0.5000	addressee-included	literary		Someone refused you together with me near the station.	in_sentence	INCL	நம்மை மறுத்தான்.	nammai maṟuttāṉ.	[0, 5]	நம்மை	எங்களை மறுத்தான்.	மறு	PL	False	True	False	public	
CLU-X-0023-C2-EXCL	CLU-X-0023	CLU-003	clusivity		C2	2	0.5000	addressee-included	literary	Both of us, my wife and I, were named in the notice.	Someone refused us near the station.	prior_sentence	EXCL	எங்களை மறுத்தான்.	eṅkaḷai maṟuttāṉ.	[0, 6]	எங்களை	நம்மை மறுத்தான்.	மறு	PL	False	True	False	public	
CLU-X-0023-C2-INCL	CLU-X-0023	CLU-003	clusivity		C2	2	0.5000	addressee-included	literary	Both of us, you and I, were named in the notice.	Someone refused us near the station.	prior_sentence	INCL	நம்மை மறுத்தான்.	nammai maṟuttāṉ.	[0, 5]	நம்மை	எங்களை மறுத்தான்.	மறு	PL	False	True	False	public	
CLU-X-0023-C3-022	CLU-X-0023	CLU-003	clusivity		C3	2	0.5000	addressee-included	literary	A copy of the notice was pinned to the board downstairs.	Someone refused us near the station.	absent				[]		நம்மை மறுத்தான்.|எங்களை மறுத்தான்.	மறு	PL	False	True	False	public	
CLU-X-0023-C3-172	CLU-X-0023	CLU-003	clusivity		C3	2	0.5000	addressee-included	literary	A copy of the notice was pinned to the board downstairs.	Someone refused us near the station.	absent				[]		நம்மை மறுத்தான்.|எங்களை மறுத்தான்.	மறு	PL	False	True	False	public	
CLU-X-0024-C1-EXCL	CLU-X-0024	CLU-003	clusivity		C1	2	0.5000	addressee-included	literary		Someone liked my neighbour as well as me near the station.	in_sentence	EXCL	எங்களை விரும்பினான்.	eṅkaḷai virumpiṉāṉ.	[0, 6]	எங்களை	நம்மை விரும்பினான்.	விரும்பு	PL	False	True	False	public	
CLU-X-0024-C1-INCL	CLU-X-0024	CLU-003	clusivity		C1	2	0.5000	addressee-included	literary		Someone liked you as well as me near the station.	in_sentence	INCL	நம்மை விரும்பினான்.	nammai virumpiṉāṉ.	[0, 5]	நம்மை	எங்களை விரும்பினான்.	விரும்பு	PL	False	True	False	public	
CLU-X-0024-C2-EXCL	CLU-X-0024	CLU-003	clusivity		C2	2	0.5000	addressee-included	literary	My colleagues are on the same team as me this season.	Someone liked us near the station.	prior_sentence	EXCL	எங்களை விரும்பினான்.	eṅkaḷai virumpiṉāṉ.	[0, 6]	எங்களை	நம்மை விரும்பினான்.	விரும்பு	PL	False	True	False	public	
CLU-X-0024-C2-INCL	CLU-X-0024	CLU-003	clusivity		C2	2	0.5000	addressee-included	literary	You are on the same team as me this season.	Someone liked us near the station.	prior_sentence	INCL	நம்மை விரும்பினான்.	nammai virumpiṉāṉ.	[0, 5]	நம்மை	எங்களை விரும்பினான்.	விரும்பு	PL	False	True	False	public	
CLU-X-0024-C3-023	CLU-X-0024	CLU-003	clusivity		C3	2	0.5000	addressee-included	literary	The season was shortened by two weeks because of the rain.	Someone liked us near the station.	absent				[]		நம்மை விரும்பினான்.|எங்களை விரும்பினான்.	விரும்பு	PL	False	True	False	public	
CLU-X-0024-C3-173	CLU-X-0024	CLU-003	clusivity		C3	2	0.5000	addressee-included	literary	The season was shortened by two weeks because of the rain.	Someone liked us near the station.	absent				[]		நம்மை விரும்பினான்.|எங்களை விரும்பினான்.	விரும்பு	PL	False	True	False	public	
CLU-X-0025-C1-EXCL	CLU-X-0025	CLU-003	clusivity		C1	2	0.5000	addressee-included	literary		Someone ate my brother and me near the station.	in_sentence	EXCL	எங்களை உண்டான்.	eṅkaḷai uṇṭāṉ.	[0, 6]	எங்களை	நம்மை உண்டான்.	உண்	PL	False	True	False	public	
CLU-X-0025-C1-INCL	CLU-X-0025	CLU-003	clusivity		C1	2	0.5000	addressee-included	literary		Someone ate you and me near the station.	in_sentence	INCL	நம்மை உண்டான்.	nammai uṇṭāṉ.	[0, 5]	நம்மை	எங்களை உண்டான்.	உண்	PL	False	True	False	public	
CLU-X-0025-C2-EXCL	CLU-X-0025	CLU-003	clusivity		C2	2	0.5000	addressee-included	literary	My brother and I were both on the committee that year.	Someone ate us near the station.	prior_sentence	EXCL	எங்களை உண்டான்.	eṅkaḷai uṇṭāṉ.	[0, 6]	எங்களை	நம்மை உண்டான்.	உண்	PL	False	True	False	public	
CLU-X-0025-C2-INCL	CLU-X-0025	CLU-003	clusivity		C2	2	0.5000	addressee-included	literary	You and I were both on the committee that year.	Someone ate us near the station.	prior_sentence	INCL	நம்மை உண்டான்.	nammai uṇṭāṉ.	[0, 5]	நம்மை	எங்களை உண்டான்.	உண்	PL	False	True	False	public	
CLU-X-0025-C3-024	CLU-X-0025	CLU-003	clusivity		C3	2	0.5000	addressee-included	literary	The committee met four times in the course of that year.	Someone ate us near the station.	absent				[]		நம்மை உண்டான்.|எங்களை உண்டான்.	உண்	PL	False	True	False	public	
CLU-X-0025-C3-174	CLU-X-0025	CLU-003	clusivity		C3	2	0.5000	addressee-included	literary	The committee met four times in the course of that year.	Someone ate us near the station.	absent				[]		நம்மை உண்டான்.|எங்களை உண்டான்.	உண்	PL	False	True	False	public	
CLU-X-0026-C1-EXCL	CLU-X-0026	CLU-003	clusivity		C1	2	0.5000	addressee-included	literary		Someone ate my sister and me near the station.	in_sentence	EXCL	எங்களை தின்றான்.	eṅkaḷai tiṉṟāṉ.	[0, 6]	எங்களை	நம்மை தின்றான்.	தின்	PL	False	True	False	public	
CLU-X-0026-C1-INCL	CLU-X-0026	CLU-003	clusivity		C1	2	0.5000	addressee-included	literary		Someone ate you and myself near the station.	in_sentence	INCL	நம்மை தின்றான்.	nammai tiṉṟāṉ.	[0, 5]	நம்மை	எங்களை தின்றான்.	தின்	PL	False	True	False	public	
CLU-X-0026-C2-EXCL	CLU-X-0026	CLU-003	clusivity		C2	2	0.5000	addressee-included	literary	The group that travelled included me and two cousins.	Someone ate us near the station.	prior_sentence	EXCL	எங்களை தின்றான்.	eṅkaḷai tiṉṟāṉ.	[0, 6]	எங்களை	நம்மை தின்றான்.	தின்	PL	False	True	False	public	
CLU-X-0026-C2-INCL	CLU-X-0026	CLU-003	clusivity		C2	2	0.5000	addressee-included	literary	The group that travelled included you and me.	Someone ate us near the station.	prior_sentence	INCL	நம்மை தின்றான்.	nammai tiṉṟāṉ.	[0, 5]	நம்மை	எங்களை தின்றான்.	தின்	PL	False	True	False	public	
CLU-X-0026-C3-025	CLU-X-0026	CLU-003	clusivity		C3	2	0.5000	addressee-included	literary	The group that travelled reached the coast by evening.	Someone ate us near the station.	absent				[]		நம்மை தின்றான்.|எங்களை தின்றான்.	தின்	PL	False	True	False	public	
CLU-X-0026-C3-175	CLU-X-0026	CLU-003	clusivity		C3	2	0.5000	addressee-included	literary	The group that travelled reached the coast by evening.	Someone ate us near the station.	absent				[]		நம்மை தின்றான்.|எங்களை தின்றான்.	தின்	PL	False	True	False	public	
CLU-X-0027-C1-EXCL	CLU-X-0027	CLU-003	clusivity		C1	2	0.5000	addressee-included	literary		Someone took my cousin and me near the station.	in_sentence	EXCL	எங்களை எடுத்தான்.	eṅkaḷai eṭuttāṉ.	[0, 6]	எங்களை	நம்மை எடுத்தான்.	எடு	PL	False	True	False	public	
CLU-X-0027-C1-INCL	CLU-X-0027	CLU-003	clusivity		C1	2	0.5000	addressee-included	literary		Someone took yourself and me near the station.	in_sentence	INCL	நம்மை எடுத்தான்.	nammai eṭuttāṉ.	[0, 5]	நம்மை	எங்களை எடுத்தான்.	எடு	PL	False	True	False	public	
CLU-X-0027-C2-EXCL	CLU-X-0027	CLU-003	clusivity		C2	2	0.5000	addressee-included	literary	Neighbours joined our reading circle last winter.	Someone took us near the station.	prior_sentence	EXCL	எங்களை எடுத்தான்.	eṅkaḷai eṭuttāṉ.	[0, 6]	எங்களை	நம்மை எடுத்தான்.	எடு	PL	False	True	False	public	
CLU-X-0027-C2-INCL	CLU-X-0027	CLU-003	clusivity		C2	2	0.5000	addressee-included	literary	You joined our reading circle last winter.	Someone took us near the station.	prior_sentence	INCL	நம்மை எடுத்தான்.	nammai eṭuttāṉ.	[0, 5]	நம்மை	எங்களை எடுத்தான்.	எடு	PL	False	True	False	public	
CLU-X-0027-C3-026	CLU-X-0027	CLU-003	clusivity		C3	2	0.5000	addressee-included	literary	A noticeboard went up outside last winter.	Someone took us near the station.	absent				[]		நம்மை எடுத்தான்.|எங்களை எடுத்தான்.	எடு	PL	False	True	False	public	
CLU-X-0027-C3-176	CLU-X-0027	CLU-003	clusivity		C3	2	0.5000	addressee-included	literary	A noticeboard went up outside last winter.	Someone took us near the station.	absent				[]		நம்மை எடுத்தான்.|எங்களை எடுத்தான்.	எடு	PL	False	True	False	public	
CLU-X-0028-C1-EXCL	CLU-X-0028	CLU-003	clusivity		C1	2	0.5000	addressee-included	literary		Someone did two of my friends and me near the station.	in_sentence	EXCL	எங்களை செய்தான்.	eṅkaḷai ceytāṉ.	[0, 6]	எங்களை	நம்மை செய்தான்.	செய்	PL	False	True	False	public	
CLU-X-0028-C1-INCL	CLU-X-0028	CLU-003	clusivity		C1	2	0.5000	addressee-included	literary		Someone did both you and me near the station.	in_sentence	INCL	நம்மை செய்தான்.	nammai ceytāṉ.	[0, 5]	நம்மை	எங்களை செய்தான்.	செய்	PL	False	True	False	public	
CLU-X-0028-C2-EXCL	CLU-X-0028	CLU-003	clusivity		C2	2	0.5000	addressee-included	literary	Everyone in my office, not you, signed it.	Someone did us near the station.	prior_sentence	EXCL	எங்களை செய்தான்.	eṅkaḷai ceytāṉ.	[0, 6]	எங்களை	நம்மை செய்தான்.	செய்	PL	False	True	False	public	
CLU-X-0028-C2-INCL	CLU-X-0028	CLU-003	clusivity		C2	2	0.5000	addressee-included	literary	Everyone here, you as well, signed the letter.	Someone did us near the station.	prior_sentence	INCL	நம்மை செய்தான்.	nammai ceytāṉ.	[0, 5]	நம்மை	எங்களை செய்தான்.	செய்	PL	False	True	False	public	
CLU-X-0028-C3-027	CLU-X-0028	CLU-003	clusivity		C3	2	0.5000	addressee-included	literary	Somebody left unopened post beside that letter.	Someone did us near the station.	absent				[]		நம்மை செய்தான்.|எங்களை செய்தான்.	செய்	PL	False	True	False	public	
CLU-X-0028-C3-177	CLU-X-0028	CLU-003	clusivity		C3	2	0.5000	addressee-included	literary	Somebody left unopened post beside that letter.	Someone did us near the station.	absent				[]		நம்மை செய்தான்.|எங்களை செய்தான்.	செய்	PL	False	True	False	public	
CLU-X-0029-C1-EXCL	CLU-X-0029	CLU-003	clusivity		C1	2	0.5000	addressee-included	literary		Someone looked my colleague together with me near the station.	in_sentence	EXCL	எங்களை பார்த்தான்.	eṅkaḷai pārttāṉ.	[0, 6]	எங்களை	நம்மை பார்த்தான்.	பார்	PL	False	True	False	public	
CLU-X-0029-C1-INCL	CLU-X-0029	CLU-003	clusivity		C1	2	0.5000	addressee-included	literary		Someone looked you together with me near the station.	in_sentence	INCL	நம்மை பார்த்தான்.	nammai pārttāṉ.	[0, 5]	நம்மை	எங்களை பார்த்தான்.	பார்	PL	False	True	False	public	
CLU-X-0029-C2-EXCL	CLU-X-0029	CLU-003	clusivity		C2	2	0.5000	addressee-included	literary	We three, not counting you, share the same landlord.	Someone looked us near the station.	prior_sentence	EXCL	எங்களை பார்த்தான்.	eṅkaḷai pārttāṉ.	[0, 6]	எங்களை	நம்மை பார்த்தான்.	பார்	PL	False	True	False	public	
CLU-X-0029-C2-INCL	CLU-X-0029	CLU-003	clusivity		C2	2	0.5000	addressee-included	literary	We three, counting you, share the same landlord.	Someone looked us near the station.	prior_sentence	INCL	நம்மை பார்த்தான்.	nammai pārttāṉ.	[0, 5]	நம்மை	எங்களை பார்த்தான்.	பார்	PL	False	True	False	public	
CLU-X-0029-C3-028	CLU-X-0029	CLU-003	clusivity		C3	2	0.5000	addressee-included	literary	The three upstairs flats were repainted by the landlord.	Someone looked us near the station.	absent				[]		நம்மை பார்த்தான்.|எங்களை பார்த்தான்.	பார்	PL	False	True	False	public	
CLU-X-0029-C3-178	CLU-X-0029	CLU-003	clusivity		C3	2	0.5000	addressee-included	literary	The three upstairs flats were repainted by the landlord.	Someone looked us near the station.	absent				[]		நம்மை பார்த்தான்.|எங்களை பார்த்தான்.	பார்	PL	False	True	False	public	
CLU-X-0030-C1-EXCL	CLU-X-0030	CLU-003	clusivity		C1	2	0.5000	addressee-included	literary		Someone wrote my neighbour as well as me near the station.	in_sentence	EXCL	எங்களை எழுதினான்.	eṅkaḷai eḻutiṉāṉ.	[0, 6]	எங்களை	நம்மை எழுதினான்.	எழுது	PL	False	True	False	public	
CLU-X-0030-C1-INCL	CLU-X-0030	CLU-003	clusivity		C1	2	0.5000	addressee-included	literary		Someone wrote you as well as me near the station.	in_sentence	INCL	நம்மை எழுதினான்.	nammai eḻutiṉāṉ.	[0, 5]	நம்மை	எங்களை எழுதினான்.	எழுது	PL	False	True	False	public	
CLU-X-0030-C2-EXCL	CLU-X-0030	CLU-003	clusivity		C2	2	0.5000	addressee-included	literary	My wife and I have run this household since March.	Someone wrote us near the station.	prior_sentence	EXCL	எங்களை எழுதினான்.	eṅkaḷai eḻutiṉāṉ.	[0, 6]	எங்களை	நம்மை எழுதினான்.	எழுது	PL	False	True	False	public	
CLU-X-0030-C2-INCL	CLU-X-0030	CLU-003	clusivity		C2	2	0.5000	addressee-included	literary	You have been part of this household since March.	Someone wrote us near the station.	prior_sentence	INCL	நம்மை எழுதினான்.	nammai eḻutiṉāṉ.	[0, 5]	நம்மை	எங்களை எழுதினான்.	எழுது	PL	False	True	False	public	
CLU-X-0030-C3-029	CLU-X-0030	CLU-003	clusivity		C3	2	0.5000	addressee-included	literary	The water supply to the flat was cut in March.	Someone wrote us near the station.	absent				[]		நம்மை எழுதினான்.|எங்களை எழுதினான்.	எழுது	PL	False	True	False	public	
CLU-X-0030-C3-179	CLU-X-0030	CLU-003	clusivity		C3	2	0.5000	addressee-included	literary	The water supply to the flat was cut in March.	Someone wrote us near the station.	absent				[]		நம்மை எழுதினான்.|எங்களை எழுதினான்.	எழுது	PL	False	True	False	public	
CLU-X-0031-C1-EXCL	CLU-X-0031	CLU-004	clusivity		C1	2	0.5000	addressee-excluded	literary		The guard sang my brother and me at the crossing.	in_sentence	EXCL	எங்களை பாடினான்.	eṅkaḷai pāṭiṉāṉ.	[0, 6]	எங்களை	நம்மை பாடினான்.	பாடு	PL	False	True	False	public	
CLU-X-0031-C1-INCL	CLU-X-0031	CLU-004	clusivity		C1	2	0.5000	addressee-excluded	literary		The guard sang you and me at the crossing.	in_sentence	INCL	நம்மை பாடினான்.	nammai pāṭiṉāṉ.	[0, 5]	நம்மை	எங்களை பாடினான்.	பாடு	PL	False	True	False	public	
CLU-X-0031-C2-EXCL	CLU-X-0031	CLU-004	clusivity		C2	2	0.5000	addressee-excluded	literary	Both of us, my wife and I, were named in the notice.	The guard sang us at the crossing.	prior_sentence	EXCL	எங்களை பாடினான்.	eṅkaḷai pāṭiṉāṉ.	[0, 6]	எங்களை	நம்மை பாடினான்.	பாடு	PL	False	True	False	public	
CLU-X-0031-C2-INCL	CLU-X-0031	CLU-004	clusivity		C2	2	0.5000	addressee-excluded	literary	Both of us, you and I, were named in the notice.	The guard sang us at the crossing.	prior_sentence	INCL	நம்மை பாடினான்.	nammai pāṭiṉāṉ.	[0, 5]	நம்மை	எங்களை பாடினான்.	பாடு	PL	False	True	False	public	
CLU-X-0031-C3-030	CLU-X-0031	CLU-004	clusivity		C3	2	0.5000	addressee-excluded	literary	A copy of the notice was pinned to the board downstairs.	The guard sang us at the crossing.	absent				[]		நம்மை பாடினான்.|எங்களை பாடினான்.	பாடு	PL	False	True	False	public	
CLU-X-0031-C3-180	CLU-X-0031	CLU-004	clusivity		C3	2	0.5000	addressee-excluded	literary	A copy of the notice was pinned to the board downstairs.	The guard sang us at the crossing.	absent				[]		நம்மை பாடினான்.|எங்களை பாடினான்.	பாடு	PL	False	True	False	public	
CLU-X-0032-C1-EXCL	CLU-X-0032	CLU-004	clusivity		C1	2	0.5000	addressee-excluded	literary		The guard asked my sister and me at the crossing.	in_sentence	EXCL	எங்களை கேட்டான்.	eṅkaḷai kēṭṭāṉ.	[0, 6]	எங்களை	நம்மை கேட்டான்.	கேள்	PL	False	True	False	public	
CLU-X-0032-C1-INCL	CLU-X-0032	CLU-004	clusivity		C1	2	0.5000	addressee-excluded	literary		The guard asked you and myself at the crossing.	in_sentence	INCL	நம்மை கேட்டான்.	nammai kēṭṭāṉ.	[0, 5]	நம்மை	எங்களை கேட்டான்.	கேள்	PL	False	True	False	public	
CLU-X-0032-C2-EXCL	CLU-X-0032	CLU-004	clusivity		C2	2	0.5000	addressee-excluded	literary	My colleagues are on the same team as me this season.	The guard asked us at the crossing.	prior_sentence	EXCL	எங்களை கேட்டான்.	eṅkaḷai kēṭṭāṉ.	[0, 6]	எங்களை	நம்மை கேட்டான்.	கேள்	PL	False	True	False	public	
CLU-X-0032-C2-INCL	CLU-X-0032	CLU-004	clusivity		C2	2	0.5000	addressee-excluded	literary	You are on the same team as me this season.	The guard asked us at the crossing.	prior_sentence	INCL	நம்மை கேட்டான்.	nammai kēṭṭāṉ.	[0, 5]	நம்மை	எங்களை கேட்டான்.	கேள்	PL	False	True	False	public	
CLU-X-0032-C3-031	CLU-X-0032	CLU-004	clusivity		C3	2	0.5000	addressee-excluded	literary	The season was shortened by two weeks because of the rain.	The guard asked us at the crossing.	absent				[]		நம்மை கேட்டான்.|எங்களை கேட்டான்.	கேள்	PL	False	True	False	public	
CLU-X-0032-C3-181	CLU-X-0032	CLU-004	clusivity		C3	2	0.5000	addressee-excluded	literary	The season was shortened by two weeks because of the rain.	The guard asked us at the crossing.	absent				[]		நம்மை கேட்டான்.|எங்களை கேட்டான்.	கேள்	PL	False	True	False	public	
CLU-X-0033-C1-EXCL	CLU-X-0033	CLU-004	clusivity		C1	2	0.5000	addressee-excluded	literary		The guard bought my cousin and me at the crossing.	in_sentence	EXCL	எங்களை வாங்கினான்.	eṅkaḷai vāṅkiṉāṉ.	[0, 6]	எங்களை	நம்மை வாங்கினான்.	வாங்கு	PL	False	True	False	public	
CLU-X-0033-C1-INCL	CLU-X-0033	CLU-004	clusivity		C1	2	0.5000	addressee-excluded	literary		The guard bought yourself and me at the crossing.	in_sentence	INCL	நம்மை வாங்கினான்.	nammai vāṅkiṉāṉ.	[0, 5]	நம்மை	எங்களை வாங்கினான்.	வாங்கு	PL	False	True	False	public	
CLU-X-0033-C2-EXCL	CLU-X-0033	CLU-004	clusivity		C2	2	0.5000	addressee-excluded	literary	My brother and I were both on the committee that year.	The guard bought us at the crossing.	prior_sentence	EXCL	எங்களை வாங்கினான்.	eṅkaḷai vāṅkiṉāṉ.	[0, 6]	எங்களை	நம்மை வாங்கினான்.	வாங்கு	PL	False	True	False	public	
CLU-X-0033-C2-INCL	CLU-X-0033	CLU-004	clusivity		C2	2	0.5000	addressee-excluded	literary	You and I were both on the committee that year.	The guard bought us at the crossing.	prior_sentence	INCL	நம்மை வாங்கினான்.	nammai vāṅkiṉāṉ.	[0, 5]	நம்மை	எங்களை வாங்கினான்.	வாங்கு	PL	False	True	False	public	
CLU-X-0033-C3-032	CLU-X-0033	CLU-004	clusivity		C3	2	0.5000	addressee-excluded	literary	The committee met four times in the course of that year.	The guard bought us at the crossing.	absent				[]		நம்மை வாங்கினான்.|எங்களை வாங்கினான்.	வாங்கு	PL	False	True	False	public	
CLU-X-0033-C3-182	CLU-X-0033	CLU-004	clusivity		C3	2	0.5000	addressee-excluded	literary	The committee met four times in the course of that year.	The guard bought us at the crossing.	absent				[]		நம்மை வாங்கினான்.|எங்களை வாங்கினான்.	வாங்கு	PL	False	True	False	public	
CLU-X-0034-C1-EXCL	CLU-X-0034	CLU-004	clusivity		C1	2	0.5000	addressee-excluded	literary		The guard drank two of my friends and me at the crossing.	in_sentence	EXCL	எங்களை குடித்தான்.	eṅkaḷai kuṭittāṉ.	[0, 6]	எங்களை	நம்மை குடித்தான்.	குடி	PL	False	True	False	public	
CLU-X-0034-C1-INCL	CLU-X-0034	CLU-004	clusivity		C1	2	0.5000	addressee-excluded	literary		The guard drank both you and me at the crossing.	in_sentence	INCL	நம்மை குடித்தான்.	nammai kuṭittāṉ.	[0, 5]	நம்மை	எங்களை குடித்தான்.	குடி	PL	False	True	False	public	
CLU-X-0034-C2-EXCL	CLU-X-0034	CLU-004	clusivity		C2	2	0.5000	addressee-excluded	literary	The group that travelled included me and two cousins.	The guard drank us at the crossing.	prior_sentence	EXCL	எங்களை குடித்தான்.	eṅkaḷai kuṭittāṉ.	[0, 6]	எங்களை	நம்மை குடித்தான்.	குடி	PL	False	True	False	public	
CLU-X-0034-C2-INCL	CLU-X-0034	CLU-004	clusivity		C2	2	0.5000	addressee-excluded	literary	The group that travelled included you and me.	The guard drank us at the crossing.	prior_sentence	INCL	நம்மை குடித்தான்.	nammai kuṭittāṉ.	[0, 5]	நம்மை	எங்களை குடித்தான்.	குடி	PL	False	True	False	public	
CLU-X-0034-C3-033	CLU-X-0034	CLU-004	clusivity		C3	2	0.5000	addressee-excluded	literary	The group that travelled reached the coast by evening.	The guard drank us at the crossing.	absent				[]		நம்மை குடித்தான்.|எங்களை குடித்தான்.	குடி	PL	False	True	False	public	
CLU-X-0034-C3-183	CLU-X-0034	CLU-004	clusivity		C3	2	0.5000	addressee-excluded	literary	The group that travelled reached the coast by evening.	The guard drank us at the crossing.	absent				[]		நம்மை குடித்தான்.|எங்களை குடித்தான்.	குடி	PL	False	True	False	public	
CLU-X-0035-C1-EXCL	CLU-X-0035	CLU-004	clusivity		C1	2	0.5000	addressee-excluded	literary		The guard built my colleague together with me at the crossing.	in_sentence	EXCL	எங்களை கட்டினான்.	eṅkaḷai kaṭṭiṉāṉ.	[0, 6]	எங்களை	நம்மை கட்டினான்.	கட்டு	PL	False	True	False	public	
CLU-X-0035-C1-INCL	CLU-X-0035	CLU-004	clusivity		C1	2	0.5000	addressee-excluded	literary		The guard built you together with me at the crossing.	in_sentence	INCL	நம்மை கட்டினான்.	nammai kaṭṭiṉāṉ.	[0, 5]	நம்மை	எங்களை கட்டினான்.	கட்டு	PL	False	True	False	public	
CLU-X-0035-C2-EXCL	CLU-X-0035	CLU-004	clusivity		C2	2	0.5000	addressee-excluded	literary	Neighbours joined our reading circle last winter.	The guard built us at the crossing.	prior_sentence	EXCL	எங்களை கட்டினான்.	eṅkaḷai kaṭṭiṉāṉ.	[0, 6]	எங்களை	நம்மை கட்டினான்.	கட்டு	PL	False	True	False	public	
CLU-X-0035-C2-INCL	CLU-X-0035	CLU-004	clusivity		C2	2	0.5000	addressee-excluded	literary	You joined our reading circle last winter.	The guard built us at the crossing.	prior_sentence	INCL	நம்மை கட்டினான்.	nammai kaṭṭiṉāṉ.	[0, 5]	நம்மை	எங்களை கட்டினான்.	கட்டு	PL	False	True	False	public	
CLU-X-0035-C3-034	CLU-X-0035	CLU-004	clusivity		C3	2	0.5000	addressee-excluded	literary	A noticeboard went up outside last winter.	The guard built us at the crossing.	absent				[]		நம்மை கட்டினான்.|எங்களை கட்டினான்.	கட்டு	PL	False	True	False	public	
CLU-X-0035-C3-184	CLU-X-0035	CLU-004	clusivity		C3	2	0.5000	addressee-excluded	literary	A noticeboard went up outside last winter.	The guard built us at the crossing.	absent				[]		நம்மை கட்டினான்.|எங்களை கட்டினான்.	கட்டு	PL	False	True	False	public	
CLU-X-0036-C1-EXCL	CLU-X-0036	CLU-004	clusivity		C1	2	0.5000	addressee-excluded	literary		The guard opened my neighbour as well as me at the crossing.	in_sentence	EXCL	எங்களை திறந்தான்.	eṅkaḷai tiṟantāṉ.	[0, 6]	எங்களை	நம்மை திறந்தான்.	திற	PL	False	True	False	public	
CLU-X-0036-C1-INCL	CLU-X-0036	CLU-004	clusivity		C1	2	0.5000	addressee-excluded	literary		The guard opened you as well as me at the crossing.	in_sentence	INCL	நம்மை திறந்தான்.	nammai tiṟantāṉ.	[0, 5]	நம்மை	எங்களை திறந்தான்.	திற	PL	False	True	False	public	
CLU-X-0036-C2-EXCL	CLU-X-0036	CLU-004	clusivity		C2	2	0.5000	addressee-excluded	literary	Everyone in my office, not you, signed it.	The guard opened us at the crossing.	prior_sentence	EXCL	எங்களை திறந்தான்.	eṅkaḷai tiṟantāṉ.	[0, 6]	எங்களை	நம்மை திறந்தான்.	திற	PL	False	True	False	public	
CLU-X-0036-C2-INCL	CLU-X-0036	CLU-004	clusivity		C2	2	0.5000	addressee-excluded	literary	Everyone here, you as well, signed the letter.	The guard opened us at the crossing.	prior_sentence	INCL	நம்மை திறந்தான்.	nammai tiṟantāṉ.	[0, 5]	நம்மை	எங்களை திறந்தான்.	திற	PL	False	True	False	public	
CLU-X-0036-C3-035	CLU-X-0036	CLU-004	clusivity		C3	2	0.5000	addressee-excluded	literary	Somebody left unopened post beside that letter.	The guard opened us at the crossing.	absent				[]		நம்மை திறந்தான்.|எங்களை திறந்தான்.	திற	PL	False	True	False	public	
CLU-X-0036-C3-185	CLU-X-0036	CLU-004	clusivity		C3	2	0.5000	addressee-excluded	literary	Somebody left unopened post beside that letter.	The guard opened us at the crossing.	absent				[]		நம்மை திறந்தான்.|எங்களை திறந்தான்.	திற	PL	False	True	False	public	
CLU-X-0037-C1-EXCL	CLU-X-0037	CLU-004	clusivity		C1	2	0.5000	addressee-excluded	literary		The guard closed my brother and me at the crossing.	in_sentence	EXCL	எங்களை மூடினான்.	eṅkaḷai mūṭiṉāṉ.	[0, 6]	எங்களை	நம்மை மூடினான்.	மூடு	PL	False	True	False	public	
CLU-X-0037-C1-INCL	CLU-X-0037	CLU-004	clusivity		C1	2	0.5000	addressee-excluded	literary		The guard closed you and me at the crossing.	in_sentence	INCL	நம்மை மூடினான்.	nammai mūṭiṉāṉ.	[0, 5]	நம்மை	எங்களை மூடினான்.	மூடு	PL	False	True	False	public	
CLU-X-0037-C2-EXCL	CLU-X-0037	CLU-004	clusivity		C2	2	0.5000	addressee-excluded	literary	We three, not counting you, share the same landlord.	The guard closed us at the crossing.	prior_sentence	EXCL	எங்களை மூடினான்.	eṅkaḷai mūṭiṉāṉ.	[0, 6]	எங்களை	நம்மை மூடினான்.	மூடு	PL	False	True	False	public	
CLU-X-0037-C2-INCL	CLU-X-0037	CLU-004	clusivity		C2	2	0.5000	addressee-excluded	literary	We three, counting you, share the same landlord.	The guard closed us at the crossing.	prior_sentence	INCL	நம்மை மூடினான்.	nammai mūṭiṉāṉ.	[0, 5]	நம்மை	எங்களை மூடினான்.	மூடு	PL	False	True	False	public	
CLU-X-0037-C3-036	CLU-X-0037	CLU-004	clusivity		C3	2	0.5000	addressee-excluded	literary	The three upstairs flats were repainted by the landlord.	The guard closed us at the crossing.	absent				[]		நம்மை மூடினான்.|எங்களை மூடினான்.	மூடு	PL	False	True	False	public	
CLU-X-0037-C3-186	CLU-X-0037	CLU-004	clusivity		C3	2	0.5000	addressee-excluded	literary	The three upstairs flats were repainted by the landlord.	The guard closed us at the crossing.	absent				[]		நம்மை மூடினான்.|எங்களை மூடினான்.	மூடு	PL	False	True	False	public	
CLU-X-0038-C1-EXCL	CLU-X-0038	CLU-004	clusivity		C1	2	0.5000	addressee-excluded	literary		The guard sent my sister and me at the crossing.	in_sentence	EXCL	எங்களை அனுப்பினான்.	eṅkaḷai aṉuppiṉāṉ.	[0, 6]	எங்களை	நம்மை அனுப்பினான்.	அனுப்பு	PL	False	True	False	public	
CLU-X-0038-C1-INCL	CLU-X-0038	CLU-004	clusivity		C1	2	0.5000	addressee-excluded	literary		The guard sent you and myself at the crossing.	in_sentence	INCL	நம்மை அனுப்பினான்.	nammai aṉuppiṉāṉ.	[0, 5]	நம்மை	எங்களை அனுப்பினான்.	அனுப்பு	PL	False	True	False	public	
CLU-X-0038-C2-EXCL	CLU-X-0038	CLU-004	clusivity		C2	2	0.5000	addressee-excluded	literary	My wife and I have run this household since March.	The guard sent us at the crossing.	prior_sentence	EXCL	எங்களை அனுப்பினான்.	eṅkaḷai aṉuppiṉāṉ.	[0, 6]	எங்களை	நம்மை அனுப்பினான்.	அனுப்பு	PL	False	True	False	public	
CLU-X-0038-C2-INCL	CLU-X-0038	CLU-004	clusivity		C2	2	0.5000	addressee-excluded	literary	You have been part of this household since March.	The guard sent us at the crossing.	prior_sentence	INCL	நம்மை அனுப்பினான்.	nammai aṉuppiṉāṉ.	[0, 5]	நம்மை	எங்களை அனுப்பினான்.	அனுப்பு	PL	False	True	False	public	
CLU-X-0038-C3-037	CLU-X-0038	CLU-004	clusivity		C3	2	0.5000	addressee-excluded	literary	The water supply to the flat was cut in March.	The guard sent us at the crossing.	absent				[]		நம்மை அனுப்பினான்.|எங்களை அனுப்பினான்.	அனுப்பு	PL	False	True	False	public	
CLU-X-0038-C3-187	CLU-X-0038	CLU-004	clusivity		C3	2	0.5000	addressee-excluded	literary	The water supply to the flat was cut in March.	The guard sent us at the crossing.	absent				[]		நம்மை அனுப்பினான்.|எங்களை அனுப்பினான்.	அனுப்பு	PL	False	True	False	public	
CLU-X-0039-C1-EXCL	CLU-X-0039	CLU-004	clusivity		C1	2	0.5000	addressee-excluded	literary		The guard began my cousin and me at the crossing.	in_sentence	EXCL	எங்களை தொடங்கினான்.	eṅkaḷai toṭaṅkiṉāṉ.	[0, 6]	எங்களை	நம்மை தொடங்கினான்.	தொடங்கு	PL	False	True	False	public	
CLU-X-0039-C1-INCL	CLU-X-0039	CLU-004	clusivity		C1	2	0.5000	addressee-excluded	literary		The guard began yourself and me at the crossing.	in_sentence	INCL	நம்மை தொடங்கினான்.	nammai toṭaṅkiṉāṉ.	[0, 5]	நம்மை	எங்களை தொடங்கினான்.	தொடங்கு	PL	False	True	False	public	
CLU-X-0039-C2-EXCL	CLU-X-0039	CLU-004	clusivity		C2	2	0.5000	addressee-excluded	literary	Both of us, my wife and I, were named in the notice.	The guard began us at the crossing.	prior_sentence	EXCL	எங்களை தொடங்கினான்.	eṅkaḷai toṭaṅkiṉāṉ.	[0, 6]	எங்களை	நம்மை தொடங்கினான்.	தொடங்கு	PL	False	True	False	public	
CLU-X-0039-C2-INCL	CLU-X-0039	CLU-004	clusivity		C2	2	0.5000	addressee-excluded	literary	Both of us, you and I, were named in the notice.	The guard began us at the crossing.	prior_sentence	INCL	நம்மை தொடங்கினான்.	nammai toṭaṅkiṉāṉ.	[0, 5]	நம்மை	எங்களை தொடங்கினான்.	தொடங்கு	PL	False	True	False	public	
CLU-X-0039-C3-038	CLU-X-0039	CLU-004	clusivity		C3	2	0.5000	addressee-excluded	literary	A copy of the notice was pinned to the board downstairs.	The guard began us at the crossing.	absent				[]		நம்மை தொடங்கினான்.|எங்களை தொடங்கினான்.	தொடங்கு	PL	False	True	False	public	
CLU-X-0039-C3-188	CLU-X-0039	CLU-004	clusivity		C3	2	0.5000	addressee-excluded	literary	A copy of the notice was pinned to the board downstairs.	The guard began us at the crossing.	absent				[]		நம்மை தொடங்கினான்.|எங்களை தொடங்கினான்.	தொடங்கு	PL	False	True	False	public	
CLU-X-0040-C1-EXCL	CLU-X-0040	CLU-004	clusivity		C1	2	0.5000	addressee-excluded	literary		The guard knew two of my friends and me at the crossing.	in_sentence	EXCL	எங்களை அறிந்தான்.	eṅkaḷai aṟintāṉ.	[0, 6]	எங்களை	நம்மை அறிந்தான்.	அறி	PL	False	True	False	public	
CLU-X-0040-C1-INCL	CLU-X-0040	CLU-004	clusivity		C1	2	0.5000	addressee-excluded	literary		The guard knew both you and me at the crossing.	in_sentence	INCL	நம்மை அறிந்தான்.	nammai aṟintāṉ.	[0, 5]	நம்மை	எங்களை அறிந்தான்.	அறி	PL	False	True	False	public	
CLU-X-0040-C2-EXCL	CLU-X-0040	CLU-004	clusivity		C2	2	0.5000	addressee-excluded	literary	My colleagues are on the same team as me this season.	The guard knew us at the crossing.	prior_sentence	EXCL	எங்களை அறிந்தான்.	eṅkaḷai aṟintāṉ.	[0, 6]	எங்களை	நம்மை அறிந்தான்.	அறி	PL	False	True	False	public	
CLU-X-0040-C2-INCL	CLU-X-0040	CLU-004	clusivity		C2	2	0.5000	addressee-excluded	literary	You are on the same team as me this season.	The guard knew us at the crossing.	prior_sentence	INCL	நம்மை அறிந்தான்.	nammai aṟintāṉ.	[0, 5]	நம்மை	எங்களை அறிந்தான்.	அறி	PL	False	True	False	public	
CLU-X-0040-C3-039	CLU-X-0040	CLU-004	clusivity		C3	2	0.5000	addressee-excluded	literary	The season was shortened by two weeks because of the rain.	The guard knew us at the crossing.	absent				[]		நம்மை அறிந்தான்.|எங்களை அறிந்தான்.	அறி	PL	False	True	False	public	
CLU-X-0040-C3-189	CLU-X-0040	CLU-004	clusivity		C3	2	0.5000	addressee-excluded	literary	The season was shortened by two weeks because of the rain.	The guard knew us at the crossing.	absent				[]		நம்மை அறிந்தான்.|எங்களை அறிந்தான்.	அறி	PL	False	True	False	public	
CLU-X-0051-C1-EXCL	CLU-X-0051	CLU-006	clusivity		C1	2	0.5000	addressee-excluded	literary		The clerk sent the door to my cousin and me.	in_sentence	EXCL	எங்களுக்கு விரும்பினான்.	eṅkaḷukku virumpiṉāṉ.	[0, 10]	எங்களுக்கு	நமக்கு விரும்பினான்.	விரும்பு	PL	False	True	False	public	
CLU-X-0051-C1-INCL	CLU-X-0051	CLU-006	clusivity		C1	2	0.5000	addressee-excluded	literary		The clerk sent the door to yourself and me.	in_sentence	INCL	நமக்கு விரும்பினான்.	namakku virumpiṉāṉ.	[0, 6]	நமக்கு	எங்களுக்கு விரும்பினான்.	விரும்பு	PL	False	True	False	public	
CLU-X-0051-C2-EXCL	CLU-X-0051	CLU-006	clusivity		C2	2	0.5000	addressee-excluded	literary	Neighbours joined our reading circle last winter.	The clerk sent us the door.	prior_sentence	EXCL	எங்களுக்கு விரும்பினான்.	eṅkaḷukku virumpiṉāṉ.	[0, 10]	எங்களுக்கு	நமக்கு விரும்பினான்.	விரும்பு	PL	False	True	False	public	
CLU-X-0051-C2-INCL	CLU-X-0051	CLU-006	clusivity		C2	2	0.5000	addressee-excluded	literary	You joined our reading circle last winter.	The clerk sent us the door.	prior_sentence	INCL	நமக்கு விரும்பினான்.	namakku virumpiṉāṉ.	[0, 6]	நமக்கு	எங்களுக்கு விரும்பினான்.	விரும்பு	PL	False	True	False	public	
CLU-X-0051-C3-050	CLU-X-0051	CLU-006	clusivity		C3	2	0.5000	addressee-excluded	literary	A noticeboard went up outside last winter.	The clerk sent us the door.	absent				[]		நமக்கு விரும்பினான்.|எங்களுக்கு விரும்பினான்.	விரும்பு	PL	False	True	False	public	
CLU-X-0052-C1-EXCL	CLU-X-0052	CLU-006	clusivity		C1	2	0.5000	addressee-excluded	literary		The clerk sent the door to two of my friends and me.	in_sentence	EXCL	எங்களுக்கு உண்டான்.	eṅkaḷukku uṇṭāṉ.	[0, 10]	எங்களுக்கு	நமக்கு உண்டான்.	உண்	PL	False	True	False	public	
CLU-X-0052-C1-INCL	CLU-X-0052	CLU-006	clusivity		C1	2	0.5000	addressee-excluded	literary		The clerk sent the door to both you and me.	in_sentence	INCL	நமக்கு உண்டான்.	namakku uṇṭāṉ.	[0, 6]	நமக்கு	எங்களுக்கு உண்டான்.	உண்	PL	False	True	False	public	
CLU-X-0052-C2-EXCL	CLU-X-0052	CLU-006	clusivity		C2	2	0.5000	addressee-excluded	literary	Everyone in my office, not you, signed it.	The clerk sent us the door.	prior_sentence	EXCL	எங்களுக்கு உண்டான்.	eṅkaḷukku uṇṭāṉ.	[0, 10]	எங்களுக்கு	நமக்கு உண்டான்.	உண்	PL	False	True	False	public	
CLU-X-0052-C2-INCL	CLU-X-0052	CLU-006	clusivity		C2	2	0.5000	addressee-excluded	literary	Everyone here, you as well, signed the letter.	The clerk sent us the door.	prior_sentence	INCL	நமக்கு உண்டான்.	namakku uṇṭāṉ.	[0, 6]	நமக்கு	எங்களுக்கு உண்டான்.	உண்	PL	False	True	False	public	
CLU-X-0052-C3-051	CLU-X-0052	CLU-006	clusivity		C3	2	0.5000	addressee-excluded	literary	Somebody left unopened post beside that letter.	The clerk sent us the door.	absent				[]		நமக்கு உண்டான்.|எங்களுக்கு உண்டான்.	உண்	PL	False	True	False	public	
CLU-X-0053-C1-EXCL	CLU-X-0053	CLU-006	clusivity		C1	2	0.5000	addressee-excluded	literary		The clerk sent the door to my colleague together with me.	in_sentence	EXCL	எங்களுக்கு தின்றான்.	eṅkaḷukku tiṉṟāṉ.	[0, 10]	எங்களுக்கு	நமக்கு தின்றான்.	தின்	PL	False	True	False	public	
CLU-X-0053-C1-INCL	CLU-X-0053	CLU-006	clusivity		C1	2	0.5000	addressee-excluded	literary		The clerk sent the door to you together with me.	in_sentence	INCL	நமக்கு தின்றான்.	namakku tiṉṟāṉ.	[0, 6]	நமக்கு	எங்களுக்கு தின்றான்.	தின்	PL	False	True	False	public	
CLU-X-0053-C2-EXCL	CLU-X-0053	CLU-006	clusivity		C2	2	0.5000	addressee-excluded	literary	We three, not counting you, share the same landlord.	The clerk sent us the door.	prior_sentence	EXCL	எங்களுக்கு தின்றான்.	eṅkaḷukku tiṉṟāṉ.	[0, 10]	எங்களுக்கு	நமக்கு தின்றான்.	தின்	PL	False	True	False	public	
CLU-X-0053-C2-INCL	CLU-X-0053	CLU-006	clusivity		C2	2	0.5000	addressee-excluded	literary	We three, counting you, share the same landlord.	The clerk sent us the door.	prior_sentence	INCL	நமக்கு தின்றான்.	namakku tiṉṟāṉ.	[0, 6]	நமக்கு	எங்களுக்கு தின்றான்.	தின்	PL	False	True	False	public	
CLU-X-0053-C3-052	CLU-X-0053	CLU-006	clusivity		C3	2	0.5000	addressee-excluded	literary	The three upstairs flats were repainted by the landlord.	The clerk sent us the door.	absent				[]		நமக்கு தின்றான்.|எங்களுக்கு தின்றான்.	தின்	PL	False	True	False	public	
CLU-X-0054-C1-EXCL	CLU-X-0054	CLU-006	clusivity		C1	2	0.5000	addressee-excluded	literary		The clerk sent the door to my neighbour as well as me.	in_sentence	EXCL	எங்களுக்கு எடுத்தான்.	eṅkaḷukku eṭuttāṉ.	[0, 10]	எங்களுக்கு	நமக்கு எடுத்தான்.	எடு	PL	False	True	False	public	
CLU-X-0054-C1-INCL	CLU-X-0054	CLU-006	clusivity		C1	2	0.5000	addressee-excluded	literary		The clerk sent the door to you as well as me.	in_sentence	INCL	நமக்கு எடுத்தான்.	namakku eṭuttāṉ.	[0, 6]	நமக்கு	எங்களுக்கு எடுத்தான்.	எடு	PL	False	True	False	public	
CLU-X-0054-C2-EXCL	CLU-X-0054	CLU-006	clusivity		C2	2	0.5000	addressee-excluded	literary	My wife and I have run this household since March.	The clerk sent us the door.	prior_sentence	EXCL	எங்களுக்கு எடுத்தான்.	eṅkaḷukku eṭuttāṉ.	[0, 10]	எங்களுக்கு	நமக்கு எடுத்தான்.	எடு	PL	False	True	False	public	
CLU-X-0054-C2-INCL	CLU-X-0054	CLU-006	clusivity		C2	2	0.5000	addressee-excluded	literary	You have been part of this household since March.	The clerk sent us the door.	prior_sentence	INCL	நமக்கு எடுத்தான்.	namakku eṭuttāṉ.	[0, 6]	நமக்கு	எங்களுக்கு எடுத்தான்.	எடு	PL	False	True	False	public	
CLU-X-0054-C3-053	CLU-X-0054	CLU-006	clusivity		C3	2	0.5000	addressee-excluded	literary	The water supply to the flat was cut in March.	The clerk sent us the door.	absent				[]		நமக்கு எடுத்தான்.|எங்களுக்கு எடுத்தான்.	எடு	PL	False	True	False	public	
CLU-X-0055-C1-EXCL	CLU-X-0055	CLU-006	clusivity		C1	2	0.5000	addressee-excluded	literary		The clerk sent the chair to my brother and me.	in_sentence	EXCL	எங்களுக்கு செய்தான்.	eṅkaḷukku ceytāṉ.	[0, 10]	எங்களுக்கு	நமக்கு செய்தான்.	செய்	PL	False	True	False	public	
CLU-X-0055-C1-INCL	CLU-X-0055	CLU-006	clusivity		C1	2	0.5000	addressee-excluded	literary		The clerk sent the chair to you and me.	in_sentence	INCL	நமக்கு செய்தான்.	namakku ceytāṉ.	[0, 6]	நமக்கு	எங்களுக்கு செய்தான்.	செய்	PL	False	True	False	public	
CLU-X-0055-C2-EXCL	CLU-X-0055	CLU-006	clusivity		C2	2	0.5000	addressee-excluded	literary	Both of us, my wife and I, were named in the notice.	The clerk sent us the chair.	prior_sentence	EXCL	எங்களுக்கு செய்தான்.	eṅkaḷukku ceytāṉ.	[0, 10]	எங்களுக்கு	நமக்கு செய்தான்.	செய்	PL	False	True	False	public	
CLU-X-0055-C2-INCL	CLU-X-0055	CLU-006	clusivity		C2	2	0.5000	addressee-excluded	literary	Both of us, you and I, were named in the notice.	The clerk sent us the chair.	prior_sentence	INCL	நமக்கு செய்தான்.	namakku ceytāṉ.	[0, 6]	நமக்கு	எங்களுக்கு செய்தான்.	செய்	PL	False	True	False	public	
CLU-X-0055-C3-054	CLU-X-0055	CLU-006	clusivity		C3	2	0.5000	addressee-excluded	literary	A copy of the notice was pinned to the board downstairs.	The clerk sent us the chair.	absent				[]		நமக்கு செய்தான்.|எங்களுக்கு செய்தான்.	செய்	PL	False	True	False	public	
CLU-X-0056-C1-EXCL	CLU-X-0056	CLU-006	clusivity		C1	2	0.5000	addressee-excluded	literary		The clerk sent the chair to my sister and me.	in_sentence	EXCL	எங்களுக்கு பார்த்தான்.	eṅkaḷukku pārttāṉ.	[0, 10]	எங்களுக்கு	நமக்கு பார்த்தான்.	பார்	PL	False	True	False	public	
CLU-X-0056-C1-INCL	CLU-X-0056	CLU-006	clusivity		C1	2	0.5000	addressee-excluded	literary		The clerk sent the chair to you and myself.	in_sentence	INCL	நமக்கு பார்த்தான்.	namakku pārttāṉ.	[0, 6]	நமக்கு	எங்களுக்கு பார்த்தான்.	பார்	PL	False	True	False	public	
CLU-X-0056-C2-EXCL	CLU-X-0056	CLU-006	clusivity		C2	2	0.5000	addressee-excluded	literary	My colleagues are on the same team as me this season.	The clerk sent us the chair.	prior_sentence	EXCL	எங்களுக்கு பார்த்தான்.	eṅkaḷukku pārttāṉ.	[0, 10]	எங்களுக்கு	நமக்கு பார்த்தான்.	பார்	PL	False	True	False	public	
CLU-X-0056-C2-INCL	CLU-X-0056	CLU-006	clusivity		C2	2	0.5000	addressee-excluded	literary	You are on the same team as me this season.	The clerk sent us the chair.	prior_sentence	INCL	நமக்கு பார்த்தான்.	namakku pārttāṉ.	[0, 6]	நமக்கு	எங்களுக்கு பார்த்தான்.	பார்	PL	False	True	False	public	
CLU-X-0056-C3-055	CLU-X-0056	CLU-006	clusivity		C3	2	0.5000	addressee-excluded	literary	The season was shortened by two weeks because of the rain.	The clerk sent us the chair.	absent				[]		நமக்கு பார்த்தான்.|எங்களுக்கு பார்த்தான்.	பார்	PL	False	True	False	public	
CLU-X-0057-C1-EXCL	CLU-X-0057	CLU-006	clusivity		C1	2	0.5000	addressee-excluded	literary		The clerk sent the chair to my cousin and me.	in_sentence	EXCL	எங்களுக்கு எழுதினான்.	eṅkaḷukku eḻutiṉāṉ.	[0, 10]	எங்களுக்கு	நமக்கு எழுதினான்.	எழுது	PL	False	True	False	public	
CLU-X-0057-C1-INCL	CLU-X-0057	CLU-006	clusivity		C1	2	0.5000	addressee-excluded	literary		The clerk sent the chair to yourself and me.	in_sentence	INCL	நமக்கு எழுதினான்.	namakku eḻutiṉāṉ.	[0, 6]	நமக்கு	எங்களுக்கு எழுதினான்.	எழுது	PL	False	True	False	public	
CLU-X-0057-C2-EXCL	CLU-X-0057	CLU-006	clusivity		C2	2	0.5000	addressee-excluded	literary	My brother and I were both on the committee that year.	The clerk sent us the chair.	prior_sentence	EXCL	எங்களுக்கு எழுதினான்.	eṅkaḷukku eḻutiṉāṉ.	[0, 10]	எங்களுக்கு	நமக்கு எழுதினான்.	எழுது	PL	False	True	False	public	
CLU-X-0057-C2-INCL	CLU-X-0057	CLU-006	clusivity		C2	2	0.5000	addressee-excluded	literary	You and I were both on the committee that year.	The clerk sent us the chair.	prior_sentence	INCL	நமக்கு எழுதினான்.	namakku eḻutiṉāṉ.	[0, 6]	நமக்கு	எங்களுக்கு எழுதினான்.	எழுது	PL	False	True	False	public	
CLU-X-0057-C3-056	CLU-X-0057	CLU-006	clusivity		C3	2	0.5000	addressee-excluded	literary	The committee met four times in the course of that year.	The clerk sent us the chair.	absent				[]		நமக்கு எழுதினான்.|எங்களுக்கு எழுதினான்.	எழுது	PL	False	True	False	public	
CLU-X-0058-C1-EXCL	CLU-X-0058	CLU-006	clusivity		C1	2	0.5000	addressee-excluded	literary		The clerk sent the chair to two of my friends and me.	in_sentence	EXCL	எங்களுக்கு பாடினான்.	eṅkaḷukku pāṭiṉāṉ.	[0, 10]	எங்களுக்கு	நமக்கு பாடினான்.	பாடு	PL	False	True	False	public	
CLU-X-0058-C1-INCL	CLU-X-0058	CLU-006	clusivity		C1	2	0.5000	addressee-excluded	literary		The clerk sent the chair to both you and me.	in_sentence	INCL	நமக்கு பாடினான்.	namakku pāṭiṉāṉ.	[0, 6]	நமக்கு	எங்களுக்கு பாடினான்.	பாடு	PL	False	True	False	public	
CLU-X-0058-C2-EXCL	CLU-X-0058	CLU-006	clusivity		C2	2	0.5000	addressee-excluded	literary	The group that travelled included me and two cousins.	The clerk sent us the chair.	prior_sentence	EXCL	எங்களுக்கு பாடினான்.	eṅkaḷukku pāṭiṉāṉ.	[0, 10]	எங்களுக்கு	நமக்கு பாடினான்.	பாடு	PL	False	True	False	public	
CLU-X-0058-C2-INCL	CLU-X-0058	CLU-006	clusivity		C2	2	0.5000	addressee-excluded	literary	The group that travelled included you and me.	The clerk sent us the chair.	prior_sentence	INCL	நமக்கு பாடினான்.	namakku pāṭiṉāṉ.	[0, 6]	நமக்கு	எங்களுக்கு பாடினான்.	பாடு	PL	False	True	False	public	
CLU-X-0058-C3-057	CLU-X-0058	CLU-006	clusivity		C3	2	0.5000	addressee-excluded	literary	The group that travelled reached the coast by evening.	The clerk sent us the chair.	absent				[]		நமக்கு பாடினான்.|எங்களுக்கு பாடினான்.	பாடு	PL	False	True	False	public	
CLU-X-0059-C1-EXCL	CLU-X-0059	CLU-006	clusivity		C1	2	0.5000	addressee-excluded	literary		The clerk sent the chair to my colleague together with me.	in_sentence	EXCL	எங்களுக்கு கேட்டான்.	eṅkaḷukku kēṭṭāṉ.	[0, 10]	எங்களுக்கு	நமக்கு கேட்டான்.	கேள்	PL	False	True	False	public	
CLU-X-0059-C1-INCL	CLU-X-0059	CLU-006	clusivity		C1	2	0.5000	addressee-excluded	literary		The clerk sent the chair to you together with me.	in_sentence	INCL	நமக்கு கேட்டான்.	namakku kēṭṭāṉ.	[0, 6]	நமக்கு	எங்களுக்கு கேட்டான்.	கேள்	PL	False	True	False	public	
CLU-X-0059-C2-EXCL	CLU-X-0059	CLU-006	clusivity		C2	2	0.5000	addressee-excluded	literary	Neighbours joined our reading circle last winter.	The clerk sent us the chair.	prior_sentence	EXCL	எங்களுக்கு கேட்டான்.	eṅkaḷukku kēṭṭāṉ.	[0, 10]	எங்களுக்கு	நமக்கு கேட்டான்.	கேள்	PL	False	True	False	public	
CLU-X-0059-C2-INCL	CLU-X-0059	CLU-006	clusivity		C2	2	0.5000	addressee-excluded	literary	You joined our reading circle last winter.	The clerk sent us the chair.	prior_sentence	INCL	நமக்கு கேட்டான்.	namakku kēṭṭāṉ.	[0, 6]	நமக்கு	எங்களுக்கு கேட்டான்.	கேள்	PL	False	True	False	public	
CLU-X-0059-C3-058	CLU-X-0059	CLU-006	clusivity		C3	2	0.5000	addressee-excluded	literary	A noticeboard went up outside last winter.	The clerk sent us the chair.	absent				[]		நமக்கு கேட்டான்.|எங்களுக்கு கேட்டான்.	கேள்	PL	False	True	False	public	
CLU-X-0060-C1-EXCL	CLU-X-0060	CLU-006	clusivity		C1	2	0.5000	addressee-excluded	literary		The clerk sent the chair to my neighbour as well as me.	in_sentence	EXCL	எங்களுக்கு வாங்கினான்.	eṅkaḷukku vāṅkiṉāṉ.	[0, 10]	எங்களுக்கு	நமக்கு வாங்கினான்.	வாங்கு	PL	False	True	False	public	
CLU-X-0060-C1-INCL	CLU-X-0060	CLU-006	clusivity		C1	2	0.5000	addressee-excluded	literary		The clerk sent the chair to you as well as me.	in_sentence	INCL	நமக்கு வாங்கினான்.	namakku vāṅkiṉāṉ.	[0, 6]	நமக்கு	எங்களுக்கு வாங்கினான்.	வாங்கு	PL	False	True	False	public	
CLU-X-0060-C2-EXCL	CLU-X-0060	CLU-006	clusivity		C2	2	0.5000	addressee-excluded	literary	Everyone in my office, not you, signed it.	The clerk sent us the chair.	prior_sentence	EXCL	எங்களுக்கு வாங்கினான்.	eṅkaḷukku vāṅkiṉāṉ.	[0, 10]	எங்களுக்கு	நமக்கு வாங்கினான்.	வாங்கு	PL	False	True	False	public	
CLU-X-0060-C2-INCL	CLU-X-0060	CLU-006	clusivity		C2	2	0.5000	addressee-excluded	literary	Everyone here, you as well, signed the letter.	The clerk sent us the chair.	prior_sentence	INCL	நமக்கு வாங்கினான்.	namakku vāṅkiṉāṉ.	[0, 6]	நமக்கு	எங்களுக்கு வாங்கினான்.	வாங்கு	PL	False	True	False	public	
CLU-X-0060-C3-059	CLU-X-0060	CLU-006	clusivity		C3	2	0.5000	addressee-excluded	literary	Somebody left unopened post beside that letter.	The clerk sent us the chair.	absent				[]		நமக்கு வாங்கினான்.|எங்களுக்கு வாங்கினான்.	வாங்கு	PL	False	True	False	public	
CLU-X-0071-C1-EXCL	CLU-X-0071	CLU-008	clusivity		C1	2	0.5000	addressee-included	literary		The book that belongs to my colleague together with me arrived late.	in_sentence	EXCL	எங்களது புத்தகம் நகைத்தது.	eṅkaḷatu puttakam nakaittatu.	[0, 7]	எங்களது	நமது புத்தகம் நகைத்தது.	நகை	PL	False	True	False	public	
CLU-X-0071-C1-INCL	CLU-X-0071	CLU-008	clusivity		C1	2	0.5000	addressee-included	literary		The book that belongs to you together with me arrived late.	in_sentence	INCL	நமது புத்தகம் நகைத்தது.	namatu puttakam nakaittatu.	[0, 4]	நமது	எங்களது புத்தகம் நகைத்தது.	நகை	PL	False	True	False	public	
CLU-X-0071-C2-EXCL	CLU-X-0071	CLU-008	clusivity		C2	2	0.5000	addressee-included	literary	Both of us, my wife and I, were named in the notice.	Our book arrived late.	prior_sentence	EXCL	எங்களது புத்தகம் நகைத்தது.	eṅkaḷatu puttakam nakaittatu.	[0, 7]	எங்களது	நமது புத்தகம் நகைத்தது.	நகை	PL	False	True	False	public	
CLU-X-0071-C2-INCL	CLU-X-0071	CLU-008	clusivity		C2	2	0.5000	addressee-included	literary	Both of us, you and I, were named in the notice.	Our book arrived late.	prior_sentence	INCL	நமது புத்தகம் நகைத்தது.	namatu puttakam nakaittatu.	[0, 4]	நமது	எங்களது புத்தகம் நகைத்தது.	நகை	PL	False	True	False	public	
CLU-X-0071-C3-070	CLU-X-0071	CLU-008	clusivity		C3	2	0.5000	addressee-included	literary	A copy of the notice was pinned to the board downstairs.	Our book arrived late.	absent				[]		நமது புத்தகம் நகைத்தது.|எங்களது புத்தகம் நகைத்தது.	நகை	PL	False	True	False	public	
CLU-X-0072-C1-EXCL	CLU-X-0072	CLU-008	clusivity		C1	2	0.5000	addressee-included	literary		The book that belongs to my neighbour as well as me arrived late.	in_sentence	EXCL	எங்களது புத்தகம் அஞ்சினது.	eṅkaḷatu puttakam añciṉatu.	[0, 7]	எங்களது	நமது புத்தகம் அஞ்சினது.	அஞ்சு	PL	False	True	False	public	
CLU-X-0072-C1-INCL	CLU-X-0072	CLU-008	clusivity		C1	2	0.5000	addressee-included	literary		The book that belongs to you as well as me arrived late.	in_sentence	INCL	நமது புத்தகம் அஞ்சினது.	namatu puttakam añciṉatu.	[0, 4]	நமது	எங்களது புத்தகம் அஞ்சினது.	அஞ்சு	PL	False	True	False	public	
CLU-X-0072-C2-EXCL	CLU-X-0072	CLU-008	clusivity		C2	2	0.5000	addressee-included	literary	My colleagues are on the same team as me this season.	Our book arrived late.	prior_sentence	EXCL	எங்களது புத்தகம் அஞ்சினது.	eṅkaḷatu puttakam añciṉatu.	[0, 7]	எங்களது	நமது புத்தகம் அஞ்சினது.	அஞ்சு	PL	False	True	False	public	
CLU-X-0072-C2-INCL	CLU-X-0072	CLU-008	clusivity		C2	2	0.5000	addressee-included	literary	You are on the same team as me this season.	Our book arrived late.	prior_sentence	INCL	நமது புத்தகம் அஞ்சினது.	namatu puttakam añciṉatu.	[0, 4]	நமது	எங்களது புத்தகம் அஞ்சினது.	அஞ்சு	PL	False	True	False	public	
CLU-X-0072-C3-071	CLU-X-0072	CLU-008	clusivity		C3	2	0.5000	addressee-included	literary	The season was shortened by two weeks because of the rain.	Our book arrived late.	absent				[]		நமது புத்தகம் அஞ்சினது.|எங்களது புத்தகம் அஞ்சினது.	அஞ்சு	PL	False	True	False	public	
CLU-X-0073-C1-EXCL	CLU-X-0073	CLU-008	clusivity		C1	2	0.5000	addressee-included	literary		The aircraft that belongs to my brother and me arrived late.	in_sentence	EXCL	எங்களது விமானம் வந்தது.	eṅkaḷatu vimāṉam vantatu.	[0, 7]	எங்களது	நமது விமானம் வந்தது.	வா	PL	False	True	False	public	
CLU-X-0073-C1-INCL	CLU-X-0073	CLU-008	clusivity		C1	2	0.5000	addressee-included	literary		The aircraft that belongs to you and me arrived late.	in_sentence	INCL	நமது விமானம் வந்தது.	namatu vimāṉam vantatu.	[0, 4]	நமது	எங்களது விமானம் வந்தது.	வா	PL	False	True	False	public	
CLU-X-0073-C2-EXCL	CLU-X-0073	CLU-008	clusivity		C2	2	0.5000	addressee-included	literary	My brother and I were both on the committee that year.	Our aircraft arrived late.	prior_sentence	EXCL	எங்களது விமானம் வந்தது.	eṅkaḷatu vimāṉam vantatu.	[0, 7]	எங்களது	நமது விமானம் வந்தது.	வா	PL	False	True	False	public	
CLU-X-0073-C2-INCL	CLU-X-0073	CLU-008	clusivity		C2	2	0.5000	addressee-included	literary	You and I were both on the committee that year.	Our aircraft arrived late.	prior_sentence	INCL	நமது விமானம் வந்தது.	namatu vimāṉam vantatu.	[0, 4]	நமது	எங்களது விமானம் வந்தது.	வா	PL	False	True	False	public	
CLU-X-0073-C3-072	CLU-X-0073	CLU-008	clusivity		C3	2	0.5000	addressee-included	literary	The committee met four times in the course of that year.	Our aircraft arrived late.	absent				[]		நமது விமானம் வந்தது.|எங்களது விமானம் வந்தது.	வா	PL	False	True	False	public	
CLU-X-0074-C1-EXCL	CLU-X-0074	CLU-008	clusivity		C1	2	0.5000	addressee-included	literary		The aircraft that belongs to my sister and me arrived late.	in_sentence	EXCL	எங்களது விமானம் ஓடினது.	eṅkaḷatu vimāṉam ōṭiṉatu.	[0, 7]	எங்களது	நமது விமானம் ஓடினது.	ஓடு	PL	False	True	False	public	
CLU-X-0074-C1-INCL	CLU-X-0074	CLU-008	clusivity		C1	2	0.5000	addressee-included	literary		The aircraft that belongs to you and myself arrived late.	in_sentence	INCL	நமது விமானம் ஓடினது.	namatu vimāṉam ōṭiṉatu.	[0, 4]	நமது	எங்களது விமானம் ஓடினது.	ஓடு	PL	False	True	False	public	
CLU-X-0074-C2-EXCL	CLU-X-0074	CLU-008	clusivity		C2	2	0.5000	addressee-included	literary	The group that travelled included me and two cousins.	Our aircraft arrived late.	prior_sentence	EXCL	எங்களது விமானம் ஓடினது.	eṅkaḷatu vimāṉam ōṭiṉatu.	[0, 7]	எங்களது	நமது விமானம் ஓடினது.	ஓடு	PL	False	True	False	public	
CLU-X-0074-C2-INCL	CLU-X-0074	CLU-008	clusivity		C2	2	0.5000	addressee-included	literary	The group that travelled included you and me.	Our aircraft arrived late.	prior_sentence	INCL	நமது விமானம் ஓடினது.	namatu vimāṉam ōṭiṉatu.	[0, 4]	நமது	எங்களது விமானம் ஓடினது.	ஓடு	PL	False	True	False	public	
CLU-X-0074-C3-073	CLU-X-0074	CLU-008	clusivity		C3	2	0.5000	addressee-included	literary	The group that travelled reached the coast by evening.	Our aircraft arrived late.	absent				[]		நமது விமானம் ஓடினது.|எங்களது விமானம் ஓடினது.	ஓடு	PL	False	True	False	public	
CLU-X-0075-C1-EXCL	CLU-X-0075	CLU-008	clusivity		C1	2	0.5000	addressee-included	literary		The aircraft that belongs to my cousin and me arrived late.	in_sentence	EXCL	எங்களது விமானம் நடந்தது.	eṅkaḷatu vimāṉam naṭantatu.	[0, 7]	எங்களது	நமது விமானம் நடந்தது.	நட	PL	False	True	False	public	
CLU-X-0075-C1-INCL	CLU-X-0075	CLU-008	clusivity		C1	2	0.5000	addressee-included	literary		The aircraft that belongs to yourself and me arrived late.	in_sentence	INCL	நமது விமானம் நடந்தது.	namatu vimāṉam naṭantatu.	[0, 4]	நமது	எங்களது விமானம் நடந்தது.	நட	PL	False	True	False	public	
CLU-X-0075-C2-EXCL	CLU-X-0075	CLU-008	clusivity		C2	2	0.5000	addressee-included	literary	Neighbours joined our reading circle last winter.	Our aircraft arrived late.	prior_sentence	EXCL	எங்களது விமானம் நடந்தது.	eṅkaḷatu vimāṉam naṭantatu.	[0, 7]	எங்களது	நமது விமானம் நடந்தது.	நட	PL	False	True	False	public	
CLU-X-0075-C2-INCL	CLU-X-0075	CLU-008	clusivity		C2	2	0.5000	addressee-included	literary	You joined our reading circle last winter.	Our aircraft arrived late.	prior_sentence	INCL	நமது விமானம் நடந்தது.	namatu vimāṉam naṭantatu.	[0, 4]	நமது	எங்களது விமானம் நடந்தது.	நட	PL	False	True	False	public	
CLU-X-0075-C3-074	CLU-X-0075	CLU-008	clusivity		C3	2	0.5000	addressee-included	literary	A noticeboard went up outside last winter.	Our aircraft arrived late.	absent				[]		நமது விமானம் நடந்தது.|எங்களது விமானம் நடந்தது.	நட	PL	False	True	False	public	
CLU-X-0076-C1-EXCL	CLU-X-0076	CLU-008	clusivity		C1	2	0.5000	addressee-included	literary		The aircraft that belongs to two of my friends and me arrived late.	in_sentence	EXCL	எங்களது விமானம் விளையாடினது.	eṅkaḷatu vimāṉam viḷaiyāṭiṉatu.	[0, 7]	எங்களது	நமது விமானம் விளையாடினது.	விளையாடு	PL	False	True	False	public	
CLU-X-0076-C1-INCL	CLU-X-0076	CLU-008	clusivity		C1	2	0.5000	addressee-included	literary		The aircraft that belongs to both you and me arrived late.	in_sentence	INCL	நமது விமானம் விளையாடினது.	namatu vimāṉam viḷaiyāṭiṉatu.	[0, 4]	நமது	எங்களது விமானம் விளையாடினது.	விளையாடு	PL	False	True	False	public	
CLU-X-0076-C2-EXCL	CLU-X-0076	CLU-008	clusivity		C2	2	0.5000	addressee-included	literary	Everyone in my office, not you, signed it.	Our aircraft arrived late.	prior_sentence	EXCL	எங்களது விமானம் விளையாடினது.	eṅkaḷatu vimāṉam viḷaiyāṭiṉatu.	[0, 7]	எங்களது	நமது விமானம் விளையாடினது.	விளையாடு	PL	False	True	False	public	
CLU-X-0076-C2-INCL	CLU-X-0076	CLU-008	clusivity		C2	2	0.5000	addressee-included	literary	Everyone here, you as well, signed the letter.	Our aircraft arrived late.	prior_sentence	INCL	நமது விமானம் விளையாடினது.	namatu vimāṉam viḷaiyāṭiṉatu.	[0, 4]	நமது	எங்களது விமானம் விளையாடினது.	விளையாடு	PL	False	True	False	public	
CLU-X-0076-C3-075	CLU-X-0076	CLU-008	clusivity		C3	2	0.5000	addressee-included	literary	Somebody left unopened post beside that letter.	Our aircraft arrived late.	absent				[]		நமது விமானம் விளையாடினது.|எங்களது விமானம் விளையாடினது.	விளையாடு	PL	False	True	False	public	
CLU-X-0077-C1-EXCL	CLU-X-0077	CLU-008	clusivity		C1	2	0.5000	addressee-included	literary		The aircraft that belongs to my colleague together with me arrived late.	in_sentence	EXCL	எங்களது விமானம் அழுதது.	eṅkaḷatu vimāṉam aḻutatu.	[0, 7]	எங்களது	நமது விமானம் அழுதது.	அழு	PL	False	True	False	public	
CLU-X-0077-C1-INCL	CLU-X-0077	CLU-008	clusivity		C1	2	0.5000	addressee-included	literary		The aircraft that belongs to you together with me arrived late.	in_sentence	INCL	நமது விமானம் அழுதது.	namatu vimāṉam aḻutatu.	[0, 4]	நமது	எங்களது விமானம் அழுதது.	அழு	PL	False	True	False	public	
CLU-X-0077-C2-EXCL	CLU-X-0077	CLU-008	clusivity		C2	2	0.5000	addressee-included	literary	We three, not counting you, share the same landlord.	Our aircraft arrived late.	prior_sentence	EXCL	எங்களது விமானம் அழுதது.	eṅkaḷatu vimāṉam aḻutatu.	[0, 7]	எங்களது	நமது விமானம் அழுதது.	அழு	PL	False	True	False	public	
CLU-X-0077-C2-INCL	CLU-X-0077	CLU-008	clusivity		C2	2	0.5000	addressee-included	literary	We three, counting you, share the same landlord.	Our aircraft arrived late.	prior_sentence	INCL	நமது விமானம் அழுதது.	namatu vimāṉam aḻutatu.	[0, 4]	நமது	எங்களது விமானம் அழுதது.	அழு	PL	False	True	False	public	
CLU-X-0077-C3-076	CLU-X-0077	CLU-008	clusivity		C3	2	0.5000	addressee-included	literary	The three upstairs flats were repainted by the landlord.	Our aircraft arrived late.	absent				[]		நமது விமானம் அழுதது.|எங்களது விமானம் அழுதது.	அழு	PL	False	True	False	public	
CLU-X-0078-C1-EXCL	CLU-X-0078	CLU-008	clusivity		C1	2	0.5000	addressee-included	literary		The aircraft that belongs to my neighbour as well as me arrived late.	in_sentence	EXCL	எங்களது விமானம் சிரித்தது.	eṅkaḷatu vimāṉam cirittatu.	[0, 7]	எங்களது	நமது விமானம் சிரித்தது.	சிரி	PL	False	True	False	public	
CLU-X-0078-C1-INCL	CLU-X-0078	CLU-008	clusivity		C1	2	0.5000	addressee-included	literary		The aircraft that belongs to you as well as me arrived late.	in_sentence	INCL	நமது விமானம் சிரித்தது.	namatu vimāṉam cirittatu.	[0, 4]	நமது	எங்களது விமானம் சிரித்தது.	சிரி	PL	False	True	False	public	
CLU-X-0078-C2-EXCL	CLU-X-0078	CLU-008	clusivity		C2	2	0.5000	addressee-included	literary	My wife and I have run this household since March.	Our aircraft arrived late.	prior_sentence	EXCL	எங்களது விமானம் சிரித்தது.	eṅkaḷatu vimāṉam cirittatu.	[0, 7]	எங்களது	நமது விமானம் சிரித்தது.	சிரி	PL	False	True	False	public	
CLU-X-0078-C2-INCL	CLU-X-0078	CLU-008	clusivity		C2	2	0.5000	addressee-included	literary	You have been part of this household since March.	Our aircraft arrived late.	prior_sentence	INCL	நமது விமானம் சிரித்தது.	namatu vimāṉam cirittatu.	[0, 4]	நமது	எங்களது விமானம் சிரித்தது.	சிரி	PL	False	True	False	public	
CLU-X-0078-C3-077	CLU-X-0078	CLU-008	clusivity		C3	2	0.5000	addressee-included	literary	The water supply to the flat was cut in March.	Our aircraft arrived late.	absent				[]		நமது விமானம் சிரித்தது.|எங்களது விமானம் சிரித்தது.	சிரி	PL	False	True	False	public	
CLU-X-0079-C1-EXCL	CLU-X-0079	CLU-008	clusivity		C1	2	0.5000	addressee-included	literary		The aircraft that belongs to my brother and me arrived late.	in_sentence	EXCL	எங்களது விமானம் பறந்தது.	eṅkaḷatu vimāṉam paṟantatu.	[0, 7]	எங்களது	நமது விமானம் பறந்தது.	பற	PL	False	True	False	public	
CLU-X-0079-C1-INCL	CLU-X-0079	CLU-008	clusivity		C1	2	0.5000	addressee-included	literary		The aircraft that belongs to you and me arrived late.	in_sentence	INCL	நமது விமானம் பறந்தது.	namatu vimāṉam paṟantatu.	[0, 4]	நமது	எங்களது விமானம் பறந்தது.	பற	PL	False	True	False	public	
CLU-X-0079-C2-EXCL	CLU-X-0079	CLU-008	clusivity		C2	2	0.5000	addressee-included	literary	Both of us, my wife and I, were named in the notice.	Our aircraft arrived late.	prior_sentence	EXCL	எங்களது விமானம் பறந்தது.	eṅkaḷatu vimāṉam paṟantatu.	[0, 7]	எங்களது	நமது விமானம் பறந்தது.	பற	PL	False	True	False	public	
CLU-X-0079-C2-INCL	CLU-X-0079	CLU-008	clusivity		C2	2	0.5000	addressee-included	literary	Both of us, you and I, were named in the notice.	Our aircraft arrived late.	prior_sentence	INCL	நமது விமானம் பறந்தது.	namatu vimāṉam paṟantatu.	[0, 4]	நமது	எங்களது விமானம் பறந்தது.	பற	PL	False	True	False	public	
CLU-X-0079-C3-078	CLU-X-0079	CLU-008	clusivity		C3	2	0.5000	addressee-included	literary	A copy of the notice was pinned to the board downstairs.	Our aircraft arrived late.	absent				[]		நமது விமானம் பறந்தது.|எங்களது விமானம் பறந்தது.	பற	PL	False	True	False	public	
CLU-X-0080-C1-EXCL	CLU-X-0080	CLU-008	clusivity		C1	2	0.5000	addressee-included	literary		The aircraft that belongs to my sister and me arrived late.	in_sentence	EXCL	எங்களது விமானம் நீந்தினது.	eṅkaḷatu vimāṉam nīntiṉatu.	[0, 7]	எங்களது	நமது விமானம் நீந்தினது.	நீந்து	PL	False	True	False	public	
CLU-X-0080-C1-INCL	CLU-X-0080	CLU-008	clusivity		C1	2	0.5000	addressee-included	literary		The aircraft that belongs to you and myself arrived late.	in_sentence	INCL	நமது விமானம் நீந்தினது.	namatu vimāṉam nīntiṉatu.	[0, 4]	நமது	எங்களது விமானம் நீந்தினது.	நீந்து	PL	False	True	False	public	
CLU-X-0080-C2-EXCL	CLU-X-0080	CLU-008	clusivity		C2	2	0.5000	addressee-included	literary	My colleagues are on the same team as me this season.	Our aircraft arrived late.	prior_sentence	EXCL	எங்களது விமானம் நீந்தினது.	eṅkaḷatu vimāṉam nīntiṉatu.	[0, 7]	எங்களது	நமது விமானம் நீந்தினது.	நீந்து	PL	False	True	False	public	
CLU-X-0080-C2-INCL	CLU-X-0080	CLU-008	clusivity		C2	2	0.5000	addressee-included	literary	You are on the same team as me this season.	Our aircraft arrived late.	prior_sentence	INCL	நமது விமானம் நீந்தினது.	namatu vimāṉam nīntiṉatu.	[0, 4]	நமது	எங்களது விமானம் நீந்தினது.	நீந்து	PL	False	True	False	public	
CLU-X-0080-C3-079	CLU-X-0080	CLU-008	clusivity		C3	2	0.5000	addressee-included	literary	The season was shortened by two weeks because of the rain.	Our aircraft arrived late.	absent				[]		நமது விமானம் நீந்தினது.|எங்களது விமானம் நீந்தினது.	நீந்து	PL	False	True	False	public	
CLU-X-0081-C1-EXCL	CLU-X-0081	CLU-009	clusivity		C1	2	0.5000	addressee-excluded	literary		The aircraft that belongs to my cousin and me was left outside.	in_sentence	EXCL	எங்களது விமானம் பேசினது.	eṅkaḷatu vimāṉam pēciṉatu.	[0, 7]	எங்களது	நமது விமானம் பேசினது.	பேசு	PL	False	True	False	public	
CLU-X-0081-C1-INCL	CLU-X-0081	CLU-009	clusivity		C1	2	0.5000	addressee-excluded	literary		The aircraft that belongs to yourself and me was left outside.	in_sentence	INCL	நமது விமானம் பேசினது.	namatu vimāṉam pēciṉatu.	[0, 4]	நமது	எங்களது விமானம் பேசினது.	பேசு	PL	False	True	False	public	
CLU-X-0081-C2-EXCL	CLU-X-0081	CLU-009	clusivity		C2	2	0.5000	addressee-excluded	literary	My brother and I were both on the committee that year.	Our aircraft was left outside.	prior_sentence	EXCL	எங்களது விமானம் பேசினது.	eṅkaḷatu vimāṉam pēciṉatu.	[0, 7]	எங்களது	நமது விமானம் பேசினது.	பேசு	PL	False	True	False	public	
CLU-X-0081-C2-INCL	CLU-X-0081	CLU-009	clusivity		C2	2	0.5000	addressee-excluded	literary	You and I were both on the committee that year.	Our aircraft was left outside.	prior_sentence	INCL	நமது விமானம் பேசினது.	namatu vimāṉam pēciṉatu.	[0, 4]	நமது	எங்களது விமானம் பேசினது.	பேசு	PL	False	True	False	public	
CLU-X-0081-C3-080	CLU-X-0081	CLU-009	clusivity		C3	2	0.5000	addressee-excluded	literary	The committee met four times in the course of that year.	Our aircraft was left outside.	absent				[]		நமது விமானம் பேசினது.|எங்களது விமானம் பேசினது.	பேசு	PL	False	True	False	public	
CLU-X-0082-C1-EXCL	CLU-X-0082	CLU-009	clusivity		C1	2	0.5000	addressee-excluded	literary		The aircraft that belongs to two of my friends and me was left outside.	in_sentence	EXCL	எங்களது விமானம் எழுந்தது.	eṅkaḷatu vimāṉam eḻuntatu.	[0, 7]	எங்களது	நமது விமானம் எழுந்தது.	எழு	PL	False	True	False	public	
CLU-X-0082-C1-INCL	CLU-X-0082	CLU-009	clusivity		C1	2	0.5000	addressee-excluded	literary		The aircraft that belongs to both you and me was left outside.	in_sentence	INCL	நமது விமானம் எழுந்தது.	namatu vimāṉam eḻuntatu.	[0, 4]	நமது	எங்களது விமானம் எழுந்தது.	எழு	PL	False	True	False	public	
CLU-X-0082-C2-EXCL	CLU-X-0082	CLU-009	clusivity		C2	2	0.5000	addressee-excluded	literary	The group that travelled included me and two cousins.	Our aircraft was left outside.	prior_sentence	EXCL	எங்களது விமானம் எழுந்தது.	eṅkaḷatu vimāṉam eḻuntatu.	[0, 7]	எங்களது	நமது விமானம் எழுந்தது.	எழு	PL	False	True	False	public	
CLU-X-0082-C2-INCL	CLU-X-0082	CLU-009	clusivity		C2	2	0.5000	addressee-excluded	literary	The group that travelled included you and me.	Our aircraft was left outside.	prior_sentence	INCL	நமது விமானம் எழுந்தது.	namatu vimāṉam eḻuntatu.	[0, 4]	நமது	எங்களது விமானம் எழுந்தது.	எழு	PL	False	True	False	public	
CLU-X-0082-C3-081	CLU-X-0082	CLU-009	clusivity		C3	2	0.5000	addressee-excluded	literary	The group that travelled reached the coast by evening.	Our aircraft was left outside.	absent				[]		நமது விமானம் எழுந்தது.|எங்களது விமானம் எழுந்தது.	எழு	PL	False	True	False	public	
CLU-X-0083-C1-EXCL	CLU-X-0083	CLU-009	clusivity		C1	2	0.5000	addressee-excluded	literary		The aircraft that belongs to my colleague together with me was left outside.	in_sentence	EXCL	எங்களது விமானம் உட்கார்ந்தது.	eṅkaḷatu vimāṉam uṭkārntatu.	[0, 7]	எங்களது	நமது விமானம் உட்கார்ந்தது.	உட்கார்	PL	False	True	False	public	
CLU-X-0083-C1-INCL	CLU-X-0083	CLU-009	clusivity		C1	2	0.5000	addressee-excluded	literary		The aircraft that belongs to you together with me was left outside.	in_sentence	INCL	நமது விமானம் உட்கார்ந்தது.	namatu vimāṉam uṭkārntatu.	[0, 4]	நமது	எங்களது விமானம் உட்கார்ந்தது.	உட்கார்	PL	False	True	False	public	
CLU-X-0083-C2-EXCL	CLU-X-0083	CLU-009	clusivity		C2	2	0.5000	addressee-excluded	literary	Neighbours joined our reading circle last winter.	Our aircraft was left outside.	prior_sentence	EXCL	எங்களது விமானம் உட்கார்ந்தது.	eṅkaḷatu vimāṉam uṭkārntatu.	[0, 7]	எங்களது	நமது விமானம் உட்கார்ந்தது.	உட்கார்	PL	False	True	False	public	
CLU-X-0083-C2-INCL	CLU-X-0083	CLU-009	clusivity		C2	2	0.5000	addressee-excluded	literary	You joined our reading circle last winter.	Our aircraft was left outside.	prior_sentence	INCL	நமது விமானம் உட்கார்ந்தது.	namatu vimāṉam uṭkārntatu.	[0, 4]	நமது	எங்களது விமானம் உட்கார்ந்தது.	உட்கார்	PL	False	True	False	public	
CLU-X-0083-C3-082	CLU-X-0083	CLU-009	clusivity		C3	2	0.5000	addressee-excluded	literary	A noticeboard went up outside last winter.	Our aircraft was left outside.	absent				[]		நமது விமானம் உட்கார்ந்தது.|எங்களது விமானம் உட்கார்ந்தது.	உட்கார்	PL	False	True	False	public	
CLU-X-0084-C1-EXCL	CLU-X-0084	CLU-009	clusivity		C1	2	0.5000	addressee-excluded	literary		The aircraft that belongs to my neighbour as well as me was left outside.	in_sentence	EXCL	எங்களது விமானம் ஏறினது.	eṅkaḷatu vimāṉam ēṟiṉatu.	[0, 7]	எங்களது	நமது விமானம் ஏறினது.	ஏறு	PL	False	True	False	public	
CLU-X-0084-C1-INCL	CLU-X-0084	CLU-009	clusivity		C1	2	0.5000	addressee-excluded	literary		The aircraft that belongs to you as well as me was left outside.	in_sentence	INCL	நமது விமானம் ஏறினது.	namatu vimāṉam ēṟiṉatu.	[0, 4]	நமது	எங்களது விமானம் ஏறினது.	ஏறு	PL	False	True	False	public	
CLU-X-0084-C2-EXCL	CLU-X-0084	CLU-009	clusivity		C2	2	0.5000	addressee-excluded	literary	Everyone in my office, not you, signed it.	Our aircraft was left outside.	prior_sentence	EXCL	எங்களது விமானம் ஏறினது.	eṅkaḷatu vimāṉam ēṟiṉatu.	[0, 7]	எங்களது	நமது விமானம் ஏறினது.	ஏறு	PL	False	True	False	public	
CLU-X-0084-C2-INCL	CLU-X-0084	CLU-009	clusivity		C2	2	0.5000	addressee-excluded	literary	Everyone here, you as well, signed the letter.	Our aircraft was left outside.	prior_sentence	INCL	நமது விமானம் ஏறினது.	namatu vimāṉam ēṟiṉatu.	[0, 4]	நமது	எங்களது விமானம் ஏறினது.	ஏறு	PL	False	True	False	public	
CLU-X-0084-C3-083	CLU-X-0084	CLU-009	clusivity		C3	2	0.5000	addressee-excluded	literary	Somebody left unopened post beside that letter.	Our aircraft was left outside.	absent				[]		நமது விமானம் ஏறினது.|எங்களது விமானம் ஏறினது.	ஏறு	PL	False	True	False	public	
CLU-X-0085-C1-EXCL	CLU-X-0085	CLU-009	clusivity		C1	2	0.5000	addressee-excluded	literary		The aircraft that belongs to my brother and me was left outside.	in_sentence	EXCL	எங்களது விமானம் இறங்கினது.	eṅkaḷatu vimāṉam iṟaṅkiṉatu.	[0, 7]	எங்களது	நமது விமானம் இறங்கினது.	இறங்கு	PL	False	True	False	public	
CLU-X-0085-C1-INCL	CLU-X-0085	CLU-009	clusivity		C1	2	0.5000	addressee-excluded	literary		The aircraft that belongs to you and me was left outside.	in_sentence	INCL	நமது விமானம் இறங்கினது.	namatu vimāṉam iṟaṅkiṉatu.	[0, 4]	நமது	எங்களது விமானம் இறங்கினது.	இறங்கு	PL	False	True	False	public	
CLU-X-0085-C2-EXCL	CLU-X-0085	CLU-009	clusivity		C2	2	0.5000	addressee-excluded	literary	We three, not counting you, share the same landlord.	Our aircraft was left outside.	prior_sentence	EXCL	எங்களது விமானம் இறங்கினது.	eṅkaḷatu vimāṉam iṟaṅkiṉatu.	[0, 7]	எங்களது	நமது விமானம் இறங்கினது.	இறங்கு	PL	False	True	False	public	
CLU-X-0085-C2-INCL	CLU-X-0085	CLU-009	clusivity		C2	2	0.5000	addressee-excluded	literary	We three, counting you, share the same landlord.	Our aircraft was left outside.	prior_sentence	INCL	நமது விமானம் இறங்கினது.	namatu vimāṉam iṟaṅkiṉatu.	[0, 4]	நமது	எங்களது விமானம் இறங்கினது.	இறங்கு	PL	False	True	False	public	
CLU-X-0085-C3-084	CLU-X-0085	CLU-009	clusivity		C3	2	0.5000	addressee-excluded	literary	The three upstairs flats were repainted by the landlord.	Our aircraft was left outside.	absent				[]		நமது விமானம் இறங்கினது.|எங்களது விமானம் இறங்கினது.	இறங்கு	PL	False	True	False	public	
CLU-X-0086-C1-EXCL	CLU-X-0086	CLU-009	clusivity		C1	2	0.5000	addressee-excluded	literary		The aircraft that belongs to my sister and me was left outside.	in_sentence	EXCL	எங்களது விமானம் சென்றது.	eṅkaḷatu vimāṉam ceṉṟatu.	[0, 7]	எங்களது	நமது விமானம் சென்றது.	செல்	PL	False	True	False	public	
CLU-X-0086-C1-INCL	CLU-X-0086	CLU-009	clusivity		C1	2	0.5000	addressee-excluded	literary		The aircraft that belongs to you and myself was left outside.	in_sentence	INCL	நமது விமானம் சென்றது.	namatu vimāṉam ceṉṟatu.	[0, 4]	நமது	எங்களது விமானம் சென்றது.	செல்	PL	False	True	False	public	
CLU-X-0086-C2-EXCL	CLU-X-0086	CLU-009	clusivity		C2	2	0.5000	addressee-excluded	literary	My wife and I have run this household since March.	Our aircraft was left outside.	prior_sentence	EXCL	எங்களது விமானம் சென்றது.	eṅkaḷatu vimāṉam ceṉṟatu.	[0, 7]	எங்களது	நமது விமானம் சென்றது.	செல்	PL	False	True	False	public	
CLU-X-0086-C2-INCL	CLU-X-0086	CLU-009	clusivity		C2	2	0.5000	addressee-excluded	literary	You have been part of this household since March.	Our aircraft was left outside.	prior_sentence	INCL	நமது விமானம் சென்றது.	namatu vimāṉam ceṉṟatu.	[0, 4]	நமது	எங்களது விமானம் சென்றது.	செல்	PL	False	True	False	public	
CLU-X-0086-C3-085	CLU-X-0086	CLU-009	clusivity		C3	2	0.5000	addressee-excluded	literary	The water supply to the flat was cut in March.	Our aircraft was left outside.	absent				[]		நமது விமானம் சென்றது.|எங்களது விமானம் சென்றது.	செல்	PL	False	True	False	public	
CLU-X-0087-C1-EXCL	CLU-X-0087	CLU-009	clusivity		C1	2	0.5000	addressee-excluded	literary		The aircraft that belongs to my cousin and me was left outside.	in_sentence	EXCL	எங்களது விமானம் நகர்ந்தது.	eṅkaḷatu vimāṉam nakarntatu.	[0, 7]	எங்களது	நமது விமானம் நகர்ந்தது.	நகர்	PL	False	True	False	public	
CLU-X-0087-C1-INCL	CLU-X-0087	CLU-009	clusivity		C1	2	0.5000	addressee-excluded	literary		The aircraft that belongs to yourself and me was left outside.	in_sentence	INCL	நமது விமானம் நகர்ந்தது.	namatu vimāṉam nakarntatu.	[0, 4]	நமது	எங்களது விமானம் நகர்ந்தது.	நகர்	PL	False	True	False	public	
CLU-X-0087-C2-EXCL	CLU-X-0087	CLU-009	clusivity		C2	2	0.5000	addressee-excluded	literary	Both of us, my wife and I, were named in the notice.	Our aircraft was left outside.	prior_sentence	EXCL	எங்களது விமானம் நகர்ந்தது.	eṅkaḷatu vimāṉam nakarntatu.	[0, 7]	எங்களது	நமது விமானம் நகர்ந்தது.	நகர்	PL	False	True	False	public	
CLU-X-0087-C2-INCL	CLU-X-0087	CLU-009	clusivity		C2	2	0.5000	addressee-excluded	literary	Both of us, you and I, were named in the notice.	Our aircraft was left outside.	prior_sentence	INCL	நமது விமானம் நகர்ந்தது.	namatu vimāṉam nakarntatu.	[0, 4]	நமது	எங்களது விமானம் நகர்ந்தது.	நகர்	PL	False	True	False	public	
CLU-X-0087-C3-086	CLU-X-0087	CLU-009	clusivity		C3	2	0.5000	addressee-excluded	literary	A copy of the notice was pinned to the board downstairs.	Our aircraft was left outside.	absent				[]		நமது விமானம் நகர்ந்தது.|எங்களது விமானம் நகர்ந்தது.	நகர்	PL	False	True	False	public	
CLU-X-0088-C1-EXCL	CLU-X-0088	CLU-009	clusivity		C1	2	0.5000	addressee-excluded	literary		The aircraft that belongs to two of my friends and me was left outside.	in_sentence	EXCL	எங்களது விமானம் குதித்தது.	eṅkaḷatu vimāṉam kutittatu.	[0, 7]	எங்களது	நமது விமானம் குதித்தது.	குதி	PL	False	True	False	public	
CLU-X-0088-C1-INCL	CLU-X-0088	CLU-009	clusivity		C1	2	0.5000	addressee-excluded	literary		The aircraft that belongs to both you and me was left outside.	in_sentence	INCL	நமது விமானம் குதித்தது.	namatu vimāṉam kutittatu.	[0, 4]	நமது	எங்களது விமானம் குதித்தது.	குதி	PL	False	True	False	public	
CLU-X-0088-C2-EXCL	CLU-X-0088	CLU-009	clusivity		C2	2	0.5000	addressee-excluded	literary	My colleagues are on the same team as me this season.	Our aircraft was left outside.	prior_sentence	EXCL	எங்களது விமானம் குதித்தது.	eṅkaḷatu vimāṉam kutittatu.	[0, 7]	எங்களது	நமது விமானம் குதித்தது.	குதி	PL	False	True	False	public	
CLU-X-0088-C2-INCL	CLU-X-0088	CLU-009	clusivity		C2	2	0.5000	addressee-excluded	literary	You are on the same team as me this season.	Our aircraft was left outside.	prior_sentence	INCL	நமது விமானம் குதித்தது.	namatu vimāṉam kutittatu.	[0, 4]	நமது	எங்களது விமானம் குதித்தது.	குதி	PL	False	True	False	public	
CLU-X-0088-C3-087	CLU-X-0088	CLU-009	clusivity		C3	2	0.5000	addressee-excluded	literary	The season was shortened by two weeks because of the rain.	Our aircraft was left outside.	absent				[]		நமது விமானம் குதித்தது.|எங்களது விமானம் குதித்தது.	குதி	PL	False	True	False	public	
CLU-X-0089-C1-EXCL	CLU-X-0089	CLU-009	clusivity		C1	2	0.5000	addressee-excluded	literary		The aircraft that belongs to my colleague together with me was left outside.	in_sentence	EXCL	எங்களது விமானம் நகைத்தது.	eṅkaḷatu vimāṉam nakaittatu.	[0, 7]	எங்களது	நமது விமானம் நகைத்தது.	நகை	PL	False	True	False	public	
CLU-X-0089-C1-INCL	CLU-X-0089	CLU-009	clusivity		C1	2	0.5000	addressee-excluded	literary		The aircraft that belongs to you together with me was left outside.	in_sentence	INCL	நமது விமானம் நகைத்தது.	namatu vimāṉam nakaittatu.	[0, 4]	நமது	எங்களது விமானம் நகைத்தது.	நகை	PL	False	True	False	public	
CLU-X-0089-C2-EXCL	CLU-X-0089	CLU-009	clusivity		C2	2	0.5000	addressee-excluded	literary	My brother and I were both on the committee that year.	Our aircraft was left outside.	prior_sentence	EXCL	எங்களது விமானம் நகைத்தது.	eṅkaḷatu vimāṉam nakaittatu.	[0, 7]	எங்களது	நமது விமானம் நகைத்தது.	நகை	PL	False	True	False	public	
CLU-X-0089-C2-INCL	CLU-X-0089	CLU-009	clusivity		C2	2	0.5000	addressee-excluded	literary	You and I were both on the committee that year.	Our aircraft was left outside.	prior_sentence	INCL	நமது விமானம் நகைத்தது.	namatu vimāṉam nakaittatu.	[0, 4]	நமது	எங்களது விமானம் நகைத்தது.	நகை	PL	False	True	False	public	
CLU-X-0089-C3-088	CLU-X-0089	CLU-009	clusivity		C3	2	0.5000	addressee-excluded	literary	The committee met four times in the course of that year.	Our aircraft was left outside.	absent				[]		நமது விமானம் நகைத்தது.|எங்களது விமானம் நகைத்தது.	நகை	PL	False	True	False	public	
CLU-X-0090-C1-EXCL	CLU-X-0090	CLU-009	clusivity		C1	2	0.5000	addressee-excluded	literary		The aircraft that belongs to my neighbour as well as me was left outside.	in_sentence	EXCL	எங்களது விமானம் அஞ்சினது.	eṅkaḷatu vimāṉam añciṉatu.	[0, 7]	எங்களது	நமது விமானம் அஞ்சினது.	அஞ்சு	PL	False	True	False	public	
CLU-X-0090-C1-INCL	CLU-X-0090	CLU-009	clusivity		C1	2	0.5000	addressee-excluded	literary		The aircraft that belongs to you as well as me was left outside.	in_sentence	INCL	நமது விமானம் அஞ்சினது.	namatu vimāṉam añciṉatu.	[0, 4]	நமது	எங்களது விமானம் அஞ்சினது.	அஞ்சு	PL	False	True	False	public	
CLU-X-0090-C2-EXCL	CLU-X-0090	CLU-009	clusivity		C2	2	0.5000	addressee-excluded	literary	The group that travelled included me and two cousins.	Our aircraft was left outside.	prior_sentence	EXCL	எங்களது விமானம் அஞ்சினது.	eṅkaḷatu vimāṉam añciṉatu.	[0, 7]	எங்களது	நமது விமானம் அஞ்சினது.	அஞ்சு	PL	False	True	False	public	
CLU-X-0090-C2-INCL	CLU-X-0090	CLU-009	clusivity		C2	2	0.5000	addressee-excluded	literary	The group that travelled included you and me.	Our aircraft was left outside.	prior_sentence	INCL	நமது விமானம் அஞ்சினது.	namatu vimāṉam añciṉatu.	[0, 4]	நமது	எங்களது விமானம் அஞ்சினது.	அஞ்சு	PL	False	True	False	public	
CLU-X-0090-C3-089	CLU-X-0090	CLU-009	clusivity		C3	2	0.5000	addressee-excluded	literary	The group that travelled reached the coast by evening.	Our aircraft was left outside.	absent				[]		நமது விமானம் அஞ்சினது.|எங்களது விமானம் அஞ்சினது.	அஞ்சு	PL	False	True	False	public	
CLU-X-0091-C1-EXCL	CLU-X-0091	CLU-010	clusivity		C1	2	0.5000	addressee-included	literary		The cart that belongs to my brother and me came back on Tuesday.	in_sentence	EXCL	எங்களது வண்டி வந்தது.	eṅkaḷatu vaṇṭi vantatu.	[0, 7]	எங்களது	நமது வண்டி வந்தது.	வா	PL	False	True	False	public	
CLU-X-0091-C1-INCL	CLU-X-0091	CLU-010	clusivity		C1	2	0.5000	addressee-included	literary		The cart that belongs to you and me came back on Tuesday.	in_sentence	INCL	நமது வண்டி வந்தது.	namatu vaṇṭi vantatu.	[0, 4]	நமது	எங்களது வண்டி வந்தது.	வா	PL	False	True	False	public	
CLU-X-0091-C2-EXCL	CLU-X-0091	CLU-010	clusivity		C2	2	0.5000	addressee-included	literary	Neighbours joined our reading circle last winter.	Our cart came back on Tuesday.	prior_sentence	EXCL	எங்களது வண்டி வந்தது.	eṅkaḷatu vaṇṭi vantatu.	[0, 7]	எங்களது	நமது வண்டி வந்தது.	வா	PL	False	True	False	public	
CLU-X-0091-C2-INCL	CLU-X-0091	CLU-010	clusivity		C2	2	0.5000	addressee-included	literary	You joined our reading circle last winter.	Our cart came back on Tuesday.	prior_sentence	INCL	நமது வண்டி வந்தது.	namatu vaṇṭi vantatu.	[0, 4]	நமது	எங்களது வண்டி வந்தது.	வா	PL	False	True	False	public	
CLU-X-0091-C3-090	CLU-X-0091	CLU-010	clusivity		C3	2	0.5000	addressee-included	literary	A noticeboard went up outside last winter.	Our cart came back on Tuesday.	absent				[]		நமது வண்டி வந்தது.|எங்களது வண்டி வந்தது.	வா	PL	False	True	False	public	
CLU-X-0092-C1-EXCL	CLU-X-0092	CLU-010	clusivity		C1	2	0.5000	addressee-included	literary		The cart that belongs to my sister and me came back on Tuesday.	in_sentence	EXCL	எங்களது வண்டி ஓடினது.	eṅkaḷatu vaṇṭi ōṭiṉatu.	[0, 7]	எங்களது	நமது வண்டி ஓடினது.	ஓடு	PL	False	True	False	public	
CLU-X-0092-C1-INCL	CLU-X-0092	CLU-010	clusivity		C1	2	0.5000	addressee-included	literary		The cart that belongs to you and myself came back on Tuesday.	in_sentence	INCL	நமது வண்டி ஓடினது.	namatu vaṇṭi ōṭiṉatu.	[0, 4]	நமது	எங்களது வண்டி ஓடினது.	ஓடு	PL	False	True	False	public	
CLU-X-0092-C2-EXCL	CLU-X-0092	CLU-010	clusivity		C2	2	0.5000	addressee-included	literary	Everyone in my office, not you, signed it.	Our cart came back on Tuesday.	prior_sentence	EXCL	எங்களது வண்டி ஓடினது.	eṅkaḷatu vaṇṭi ōṭiṉatu.	[0, 7]	எங்களது	நமது வண்டி ஓடினது.	ஓடு	PL	False	True	False	public	
CLU-X-0092-C2-INCL	CLU-X-0092	CLU-010	clusivity		C2	2	0.5000	addressee-included	literary	Everyone here, you as well, signed the letter.	Our cart came back on Tuesday.	prior_sentence	INCL	நமது வண்டி ஓடினது.	namatu vaṇṭi ōṭiṉatu.	[0, 4]	நமது	எங்களது வண்டி ஓடினது.	ஓடு	PL	False	True	False	public	
CLU-X-0092-C3-091	CLU-X-0092	CLU-010	clusivity		C3	2	0.5000	addressee-included	literary	Somebody left unopened post beside that letter.	Our cart came back on Tuesday.	absent				[]		நமது வண்டி ஓடினது.|எங்களது வண்டி ஓடினது.	ஓடு	PL	False	True	False	public	
CLU-X-0093-C1-EXCL	CLU-X-0093	CLU-010	clusivity		C1	2	0.5000	addressee-included	literary		The cart that belongs to my cousin and me came back on Tuesday.	in_sentence	EXCL	எங்களது வண்டி நடந்தது.	eṅkaḷatu vaṇṭi naṭantatu.	[0, 7]	எங்களது	நமது வண்டி நடந்தது.	நட	PL	False	True	False	public	
CLU-X-0093-C1-INCL	CLU-X-0093	CLU-010	clusivity		C1	2	0.5000	addressee-included	literary		The cart that belongs to yourself and me came back on Tuesday.	in_sentence	INCL	நமது வண்டி நடந்தது.	namatu vaṇṭi naṭantatu.	[0, 4]	நமது	எங்களது வண்டி நடந்தது.	நட	PL	False	True	False	public	
CLU-X-0093-C2-EXCL	CLU-X-0093	CLU-010	clusivity		C2	2	0.5000	addressee-included	literary	We three, not counting you, share the same landlord.	Our cart came back on Tuesday.	prior_sentence	EXCL	எங்களது வண்டி நடந்தது.	eṅkaḷatu vaṇṭi naṭantatu.	[0, 7]	எங்களது	நமது வண்டி நடந்தது.	நட	PL	False	True	False	public	
CLU-X-0093-C2-INCL	CLU-X-0093	CLU-010	clusivity		C2	2	0.5000	addressee-included	literary	We three, counting you, share the same landlord.	Our cart came back on Tuesday.	prior_sentence	INCL	நமது வண்டி நடந்தது.	namatu vaṇṭi naṭantatu.	[0, 4]	நமது	எங்களது வண்டி நடந்தது.	நட	PL	False	True	False	public	
CLU-X-0093-C3-092	CLU-X-0093	CLU-010	clusivity		C3	2	0.5000	addressee-included	literary	The three upstairs flats were repainted by the landlord.	Our cart came back on Tuesday.	absent				[]		நமது வண்டி நடந்தது.|எங்களது வண்டி நடந்தது.	நட	PL	False	True	False	public	
CLU-X-0094-C1-EXCL	CLU-X-0094	CLU-010	clusivity		C1	2	0.5000	addressee-included	literary		The cart that belongs to two of my friends and me came back on Tuesday.	in_sentence	EXCL	எங்களது வண்டி விளையாடினது.	eṅkaḷatu vaṇṭi viḷaiyāṭiṉatu.	[0, 7]	எங்களது	நமது வண்டி விளையாடினது.	விளையாடு	PL	False	True	False	public	
CLU-X-0094-C1-INCL	CLU-X-0094	CLU-010	clusivity		C1	2	0.5000	addressee-included	literary		The cart that belongs to both you and me came back on Tuesday.	in_sentence	INCL	நமது வண்டி விளையாடினது.	namatu vaṇṭi viḷaiyāṭiṉatu.	[0, 4]	நமது	எங்களது வண்டி விளையாடினது.	விளையாடு	PL	False	True	False	public	
CLU-X-0094-C2-EXCL	CLU-X-0094	CLU-010	clusivity		C2	2	0.5000	addressee-included	literary	My wife and I have run this household since March.	Our cart came back on Tuesday.	prior_sentence	EXCL	எங்களது வண்டி விளையாடினது.	eṅkaḷatu vaṇṭi viḷaiyāṭiṉatu.	[0, 7]	எங்களது	நமது வண்டி விளையாடினது.	விளையாடு	PL	False	True	False	public	
CLU-X-0094-C2-INCL	CLU-X-0094	CLU-010	clusivity		C2	2	0.5000	addressee-included	literary	You have been part of this household since March.	Our cart came back on Tuesday.	prior_sentence	INCL	நமது வண்டி விளையாடினது.	namatu vaṇṭi viḷaiyāṭiṉatu.	[0, 4]	நமது	எங்களது வண்டி விளையாடினது.	விளையாடு	PL	False	True	False	public	
CLU-X-0094-C3-093	CLU-X-0094	CLU-010	clusivity		C3	2	0.5000	addressee-included	literary	The water supply to the flat was cut in March.	Our cart came back on Tuesday.	absent				[]		நமது வண்டி விளையாடினது.|எங்களது வண்டி விளையாடினது.	விளையாடு	PL	False	True	False	public	
CLU-X-0095-C1-EXCL	CLU-X-0095	CLU-010	clusivity		C1	2	0.5000	addressee-included	literary		The cart that belongs to my colleague together with me came back on Tuesday.	in_sentence	EXCL	எங்களது வண்டி அழுதது.	eṅkaḷatu vaṇṭi aḻutatu.	[0, 7]	எங்களது	நமது வண்டி அழுதது.	அழு	PL	False	True	False	public	
CLU-X-0095-C1-INCL	CLU-X-0095	CLU-010	clusivity		C1	2	0.5000	addressee-included	literary		The cart that belongs to you together with me came back on Tuesday.	in_sentence	INCL	நமது வண்டி அழுதது.	namatu vaṇṭi aḻutatu.	[0, 4]	நமது	எங்களது வண்டி அழுதது.	அழு	PL	False	True	False	public	
CLU-X-0095-C2-EXCL	CLU-X-0095	CLU-010	clusivity		C2	2	0.5000	addressee-included	literary	Both of us, my wife and I, were named in the notice.	Our cart came back on Tuesday.	prior_sentence	EXCL	எங்களது வண்டி அழுதது.	eṅkaḷatu vaṇṭi aḻutatu.	[0, 7]	எங்களது	நமது வண்டி அழுதது.	அழு	PL	False	True	False	public	
CLU-X-0095-C2-INCL	CLU-X-0095	CLU-010	clusivity		C2	2	0.5000	addressee-included	literary	Both of us, you and I, were named in the notice.	Our cart came back on Tuesday.	prior_sentence	INCL	நமது வண்டி அழுதது.	namatu vaṇṭi aḻutatu.	[0, 4]	நமது	எங்களது வண்டி அழுதது.	அழு	PL	False	True	False	public	
CLU-X-0095-C3-094	CLU-X-0095	CLU-010	clusivity		C3	2	0.5000	addressee-included	literary	A copy of the notice was pinned to the board downstairs.	Our cart came back on Tuesday.	absent				[]		நமது வண்டி அழுதது.|எங்களது வண்டி அழுதது.	அழு	PL	False	True	False	public	
CLU-X-0096-C1-EXCL	CLU-X-0096	CLU-010	clusivity		C1	2	0.5000	addressee-included	literary		The cart that belongs to my neighbour as well as me came back on Tuesday.	in_sentence	EXCL	எங்களது வண்டி சிரித்தது.	eṅkaḷatu vaṇṭi cirittatu.	[0, 7]	எங்களது	நமது வண்டி சிரித்தது.	சிரி	PL	False	True	False	public	
CLU-X-0096-C1-INCL	CLU-X-0096	CLU-010	clusivity		C1	2	0.5000	addressee-included	literary		The cart that belongs to you as well as me came back on Tuesday.	in_sentence	INCL	நமது வண்டி சிரித்தது.	namatu vaṇṭi cirittatu.	[0, 4]	நமது	எங்களது வண்டி சிரித்தது.	சிரி	PL	False	True	False	public	
CLU-X-0096-C2-EXCL	CLU-X-0096	CLU-010	clusivity		C2	2	0.5000	addressee-included	literary	My colleagues are on the same team as me this season.	Our cart came back on Tuesday.	prior_sentence	EXCL	எங்களது வண்டி சிரித்தது.	eṅkaḷatu vaṇṭi cirittatu.	[0, 7]	எங்களது	நமது வண்டி சிரித்தது.	சிரி	PL	False	True	False	public	
CLU-X-0096-C2-INCL	CLU-X-0096	CLU-010	clusivity		C2	2	0.5000	addressee-included	literary	You are on the same team as me this season.	Our cart came back on Tuesday.	prior_sentence	INCL	நமது வண்டி சிரித்தது.	namatu vaṇṭi cirittatu.	[0, 4]	நமது	எங்களது வண்டி சிரித்தது.	சிரி	PL	False	True	False	public	
CLU-X-0096-C3-095	CLU-X-0096	CLU-010	clusivity		C3	2	0.5000	addressee-included	literary	The season was shortened by two weeks because of the rain.	Our cart came back on Tuesday.	absent				[]		நமது வண்டி சிரித்தது.|எங்களது வண்டி சிரித்தது.	சிரி	PL	False	True	False	public	
CLU-X-0097-C1-EXCL	CLU-X-0097	CLU-010	clusivity		C1	2	0.5000	addressee-included	literary		The cart that belongs to my brother and me came back on Tuesday.	in_sentence	EXCL	எங்களது வண்டி பறந்தது.	eṅkaḷatu vaṇṭi paṟantatu.	[0, 7]	எங்களது	நமது வண்டி பறந்தது.	பற	PL	False	True	False	public	
CLU-X-0097-C1-INCL	CLU-X-0097	CLU-010	clusivity		C1	2	0.5000	addressee-included	literary		The cart that belongs to you and me came back on Tuesday.	in_sentence	INCL	நமது வண்டி பறந்தது.	namatu vaṇṭi paṟantatu.	[0, 4]	நமது	எங்களது வண்டி பறந்தது.	பற	PL	False	True	False	public	
CLU-X-0097-C2-EXCL	CLU-X-0097	CLU-010	clusivity		C2	2	0.5000	addressee-included	literary	My brother and I were both on the committee that year.	Our cart came back on Tuesday.	prior_sentence	EXCL	எங்களது வண்டி பறந்தது.	eṅkaḷatu vaṇṭi paṟantatu.	[0, 7]	எங்களது	நமது வண்டி பறந்தது.	பற	PL	False	True	False	public	
CLU-X-0097-C2-INCL	CLU-X-0097	CLU-010	clusivity		C2	2	0.5000	addressee-included	literary	You and I were both on the committee that year.	Our cart came back on Tuesday.	prior_sentence	INCL	நமது வண்டி பறந்தது.	namatu vaṇṭi paṟantatu.	[0, 4]	நமது	எங்களது வண்டி பறந்தது.	பற	PL	False	True	False	public	
CLU-X-0097-C3-096	CLU-X-0097	CLU-010	clusivity		C3	2	0.5000	addressee-included	literary	The committee met four times in the course of that year.	Our cart came back on Tuesday.	absent				[]		நமது வண்டி பறந்தது.|எங்களது வண்டி பறந்தது.	பற	PL	False	True	False	public	
CLU-X-0098-C1-EXCL	CLU-X-0098	CLU-010	clusivity		C1	2	0.5000	addressee-included	literary		The cart that belongs to my sister and me came back on Tuesday.	in_sentence	EXCL	எங்களது வண்டி நீந்தினது.	eṅkaḷatu vaṇṭi nīntiṉatu.	[0, 7]	எங்களது	நமது வண்டி நீந்தினது.	நீந்து	PL	False	True	False	public	
CLU-X-0098-C1-INCL	CLU-X-0098	CLU-010	clusivity		C1	2	0.5000	addressee-included	literary		The cart that belongs to you and myself came back on Tuesday.	in_sentence	INCL	நமது வண்டி நீந்தினது.	namatu vaṇṭi nīntiṉatu.	[0, 4]	நமது	எங்களது வண்டி நீந்தினது.	நீந்து	PL	False	True	False	public	
CLU-X-0098-C2-EXCL	CLU-X-0098	CLU-010	clusivity		C2	2	0.5000	addressee-included	literary	The group that travelled included me and two cousins.	Our cart came back on Tuesday.	prior_sentence	EXCL	எங்களது வண்டி நீந்தினது.	eṅkaḷatu vaṇṭi nīntiṉatu.	[0, 7]	எங்களது	நமது வண்டி நீந்தினது.	நீந்து	PL	False	True	False	public	
CLU-X-0098-C2-INCL	CLU-X-0098	CLU-010	clusivity		C2	2	0.5000	addressee-included	literary	The group that travelled included you and me.	Our cart came back on Tuesday.	prior_sentence	INCL	நமது வண்டி நீந்தினது.	namatu vaṇṭi nīntiṉatu.	[0, 4]	நமது	எங்களது வண்டி நீந்தினது.	நீந்து	PL	False	True	False	public	
CLU-X-0098-C3-097	CLU-X-0098	CLU-010	clusivity		C3	2	0.5000	addressee-included	literary	The group that travelled reached the coast by evening.	Our cart came back on Tuesday.	absent				[]		நமது வண்டி நீந்தினது.|எங்களது வண்டி நீந்தினது.	நீந்து	PL	False	True	False	public	
CLU-X-0099-C1-EXCL	CLU-X-0099	CLU-010	clusivity		C1	2	0.5000	addressee-included	literary		The cart that belongs to my cousin and me came back on Tuesday.	in_sentence	EXCL	எங்களது வண்டி பேசினது.	eṅkaḷatu vaṇṭi pēciṉatu.	[0, 7]	எங்களது	நமது வண்டி பேசினது.	பேசு	PL	False	True	False	public	
CLU-X-0099-C1-INCL	CLU-X-0099	CLU-010	clusivity		C1	2	0.5000	addressee-included	literary		The cart that belongs to yourself and me came back on Tuesday.	in_sentence	INCL	நமது வண்டி பேசினது.	namatu vaṇṭi pēciṉatu.	[0, 4]	நமது	எங்களது வண்டி பேசினது.	பேசு	PL	False	True	False	public	
CLU-X-0099-C2-EXCL	CLU-X-0099	CLU-010	clusivity		C2	2	0.5000	addressee-included	literary	Neighbours joined our reading circle last winter.	Our cart came back on Tuesday.	prior_sentence	EXCL	எங்களது வண்டி பேசினது.	eṅkaḷatu vaṇṭi pēciṉatu.	[0, 7]	எங்களது	நமது வண்டி பேசினது.	பேசு	PL	False	True	False	public	
CLU-X-0099-C2-INCL	CLU-X-0099	CLU-010	clusivity		C2	2	0.5000	addressee-included	literary	You joined our reading circle last winter.	Our cart came back on Tuesday.	prior_sentence	INCL	நமது வண்டி பேசினது.	namatu vaṇṭi pēciṉatu.	[0, 4]	நமது	எங்களது வண்டி பேசினது.	பேசு	PL	False	True	False	public	
CLU-X-0099-C3-098	CLU-X-0099	CLU-010	clusivity		C3	2	0.5000	addressee-included	literary	A noticeboard went up outside last winter.	Our cart came back on Tuesday.	absent				[]		நமது வண்டி பேசினது.|எங்களது வண்டி பேசினது.	பேசு	PL	False	True	False	public	
CLU-X-0100-C1-EXCL	CLU-X-0100	CLU-010	clusivity		C1	2	0.5000	addressee-included	literary		The cart that belongs to two of my friends and me came back on Tuesday.	in_sentence	EXCL	எங்களது வண்டி எழுந்தது.	eṅkaḷatu vaṇṭi eḻuntatu.	[0, 7]	எங்களது	நமது வண்டி எழுந்தது.	எழு	PL	False	True	False	public	
CLU-X-0100-C1-INCL	CLU-X-0100	CLU-010	clusivity		C1	2	0.5000	addressee-included	literary		The cart that belongs to both you and me came back on Tuesday.	in_sentence	INCL	நமது வண்டி எழுந்தது.	namatu vaṇṭi eḻuntatu.	[0, 4]	நமது	எங்களது வண்டி எழுந்தது.	எழு	PL	False	True	False	public	
CLU-X-0100-C2-EXCL	CLU-X-0100	CLU-010	clusivity		C2	2	0.5000	addressee-included	literary	Everyone in my office, not you, signed it.	Our cart came back on Tuesday.	prior_sentence	EXCL	எங்களது வண்டி எழுந்தது.	eṅkaḷatu vaṇṭi eḻuntatu.	[0, 7]	எங்களது	நமது வண்டி எழுந்தது.	எழு	PL	False	True	False	public	
CLU-X-0100-C2-INCL	CLU-X-0100	CLU-010	clusivity		C2	2	0.5000	addressee-included	literary	Everyone here, you as well, signed the letter.	Our cart came back on Tuesday.	prior_sentence	INCL	நமது வண்டி எழுந்தது.	namatu vaṇṭi eḻuntatu.	[0, 4]	நமது	எங்களது வண்டி எழுந்தது.	எழு	PL	False	True	False	public	
CLU-X-0100-C3-099	CLU-X-0100	CLU-010	clusivity		C3	2	0.5000	addressee-included	literary	Somebody left unopened post beside that letter.	Our cart came back on Tuesday.	absent				[]		நமது வண்டி எழுந்தது.|எங்களது வண்டி எழுந்தது.	எழு	PL	False	True	False	public	
CLU-X-0101-C1-EXCL	CLU-X-0101	CLU-011	clusivity		C1	2	0.5000	addressee-excluded	literary		The cart that belongs to my colleague together with me stayed in the yard.	in_sentence	EXCL	எங்களது வண்டி உட்கார்ந்தது.	eṅkaḷatu vaṇṭi uṭkārntatu.	[0, 7]	எங்களது	நமது வண்டி உட்கார்ந்தது.	உட்கார்	PL	False	True	False	public	
CLU-X-0101-C1-INCL	CLU-X-0101	CLU-011	clusivity		C1	2	0.5000	addressee-excluded	literary		The cart that belongs to you together with me stayed in the yard.	in_sentence	INCL	நமது வண்டி உட்கார்ந்தது.	namatu vaṇṭi uṭkārntatu.	[0, 4]	நமது	எங்களது வண்டி உட்கார்ந்தது.	உட்கார்	PL	False	True	False	public	
CLU-X-0101-C2-EXCL	CLU-X-0101	CLU-011	clusivity		C2	2	0.5000	addressee-excluded	literary	We three, not counting you, share the same landlord.	Our cart stayed in the yard.	prior_sentence	EXCL	எங்களது வண்டி உட்கார்ந்தது.	eṅkaḷatu vaṇṭi uṭkārntatu.	[0, 7]	எங்களது	நமது வண்டி உட்கார்ந்தது.	உட்கார்	PL	False	True	False	public	
CLU-X-0101-C2-INCL	CLU-X-0101	CLU-011	clusivity		C2	2	0.5000	addressee-excluded	literary	We three, counting you, share the same landlord.	Our cart stayed in the yard.	prior_sentence	INCL	நமது வண்டி உட்கார்ந்தது.	namatu vaṇṭi uṭkārntatu.	[0, 4]	நமது	எங்களது வண்டி உட்கார்ந்தது.	உட்கார்	PL	False	True	False	public	
CLU-X-0101-C3-100	CLU-X-0101	CLU-011	clusivity		C3	2	0.5000	addressee-excluded	literary	The three upstairs flats were repainted by the landlord.	Our cart stayed in the yard.	absent				[]		நமது வண்டி உட்கார்ந்தது.|எங்களது வண்டி உட்கார்ந்தது.	உட்கார்	PL	False	True	False	public	
CLU-X-0102-C1-EXCL	CLU-X-0102	CLU-011	clusivity		C1	2	0.5000	addressee-excluded	literary		The cart that belongs to my neighbour as well as me stayed in the yard.	in_sentence	EXCL	எங்களது வண்டி ஏறினது.	eṅkaḷatu vaṇṭi ēṟiṉatu.	[0, 7]	எங்களது	நமது வண்டி ஏறினது.	ஏறு	PL	False	True	False	public	
CLU-X-0102-C1-INCL	CLU-X-0102	CLU-011	clusivity		C1	2	0.5000	addressee-excluded	literary		The cart that belongs to you as well as me stayed in the yard.	in_sentence	INCL	நமது வண்டி ஏறினது.	namatu vaṇṭi ēṟiṉatu.	[0, 4]	நமது	எங்களது வண்டி ஏறினது.	ஏறு	PL	False	True	False	public	
CLU-X-0102-C2-EXCL	CLU-X-0102	CLU-011	clusivity		C2	2	0.5000	addressee-excluded	literary	My wife and I have run this household since March.	Our cart stayed in the yard.	prior_sentence	EXCL	எங்களது வண்டி ஏறினது.	eṅkaḷatu vaṇṭi ēṟiṉatu.	[0, 7]	எங்களது	நமது வண்டி ஏறினது.	ஏறு	PL	False	True	False	public	
CLU-X-0102-C2-INCL	CLU-X-0102	CLU-011	clusivity		C2	2	0.5000	addressee-excluded	literary	You have been part of this household since March.	Our cart stayed in the yard.	prior_sentence	INCL	நமது வண்டி ஏறினது.	namatu vaṇṭi ēṟiṉatu.	[0, 4]	நமது	எங்களது வண்டி ஏறினது.	ஏறு	PL	False	True	False	public	
CLU-X-0102-C3-101	CLU-X-0102	CLU-011	clusivity		C3	2	0.5000	addressee-excluded	literary	The water supply to the flat was cut in March.	Our cart stayed in the yard.	absent				[]		நமது வண்டி ஏறினது.|எங்களது வண்டி ஏறினது.	ஏறு	PL	False	True	False	public	
CLU-X-0103-C1-EXCL	CLU-X-0103	CLU-011	clusivity		C1	2	0.5000	addressee-excluded	literary		The cart that belongs to my brother and me stayed in the yard.	in_sentence	EXCL	எங்களது வண்டி இறங்கினது.	eṅkaḷatu vaṇṭi iṟaṅkiṉatu.	[0, 7]	எங்களது	நமது வண்டி இறங்கினது.	இறங்கு	PL	False	True	False	public	
CLU-X-0103-C1-INCL	CLU-X-0103	CLU-011	clusivity		C1	2	0.5000	addressee-excluded	literary		The cart that belongs to you and me stayed in the yard.	in_sentence	INCL	நமது வண்டி இறங்கினது.	namatu vaṇṭi iṟaṅkiṉatu.	[0, 4]	நமது	எங்களது வண்டி இறங்கினது.	இறங்கு	PL	False	True	False	public	
CLU-X-0103-C2-EXCL	CLU-X-0103	CLU-011	clusivity		C2	2	0.5000	addressee-excluded	literary	Both of us, my wife and I, were named in the notice.	Our cart stayed in the yard.	prior_sentence	EXCL	எங்களது வண்டி இறங்கினது.	eṅkaḷatu vaṇṭi iṟaṅkiṉatu.	[0, 7]	எங்களது	நமது வண்டி இறங்கினது.	இறங்கு	PL	False	True	False	public	
CLU-X-0103-C2-INCL	CLU-X-0103	CLU-011	clusivity		C2	2	0.5000	addressee-excluded	literary	Both of us, you and I, were named in the notice.	Our cart stayed in the yard.	prior_sentence	INCL	நமது வண்டி இறங்கினது.	namatu vaṇṭi iṟaṅkiṉatu.	[0, 4]	நமது	எங்களது வண்டி இறங்கினது.	இறங்கு	PL	False	True	False	public	
CLU-X-0103-C3-102	CLU-X-0103	CLU-011	clusivity		C3	2	0.5000	addressee-excluded	literary	A copy of the notice was pinned to the board downstairs.	Our cart stayed in the yard.	absent				[]		நமது வண்டி இறங்கினது.|எங்களது வண்டி இறங்கினது.	இறங்கு	PL	False	True	False	public	
CLU-X-0104-C1-EXCL	CLU-X-0104	CLU-011	clusivity		C1	2	0.5000	addressee-excluded	literary		The cart that belongs to my sister and me stayed in the yard.	in_sentence	EXCL	எங்களது வண்டி சென்றது.	eṅkaḷatu vaṇṭi ceṉṟatu.	[0, 7]	எங்களது	நமது வண்டி சென்றது.	செல்	PL	False	True	False	public	
CLU-X-0104-C1-INCL	CLU-X-0104	CLU-011	clusivity		C1	2	0.5000	addressee-excluded	literary		The cart that belongs to you and myself stayed in the yard.	in_sentence	INCL	நமது வண்டி சென்றது.	namatu vaṇṭi ceṉṟatu.	[0, 4]	நமது	எங்களது வண்டி சென்றது.	செல்	PL	False	True	False	public	
CLU-X-0104-C2-EXCL	CLU-X-0104	CLU-011	clusivity		C2	2	0.5000	addressee-excluded	literary	My colleagues are on the same team as me this season.	Our cart stayed in the yard.	prior_sentence	EXCL	எங்களது வண்டி சென்றது.	eṅkaḷatu vaṇṭi ceṉṟatu.	[0, 7]	எங்களது	நமது வண்டி சென்றது.	செல்	PL	False	True	False	public	
CLU-X-0104-C2-INCL	CLU-X-0104	CLU-011	clusivity		C2	2	0.5000	addressee-excluded	literary	You are on the same team as me this season.	Our cart stayed in the yard.	prior_sentence	INCL	நமது வண்டி சென்றது.	namatu vaṇṭi ceṉṟatu.	[0, 4]	நமது	எங்களது வண்டி சென்றது.	செல்	PL	False	True	False	public	
CLU-X-0104-C3-103	CLU-X-0104	CLU-011	clusivity		C3	2	0.5000	addressee-excluded	literary	The season was shortened by two weeks because of the rain.	Our cart stayed in the yard.	absent				[]		நமது வண்டி சென்றது.|எங்களது வண்டி சென்றது.	செல்	PL	False	True	False	public	
CLU-X-0105-C1-EXCL	CLU-X-0105	CLU-011	clusivity		C1	2	0.5000	addressee-excluded	literary		The cart that belongs to my cousin and me stayed in the yard.	in_sentence	EXCL	எங்களது வண்டி நகர்ந்தது.	eṅkaḷatu vaṇṭi nakarntatu.	[0, 7]	எங்களது	நமது வண்டி நகர்ந்தது.	நகர்	PL	False	True	False	public	
CLU-X-0105-C1-INCL	CLU-X-0105	CLU-011	clusivity		C1	2	0.5000	addressee-excluded	literary		The cart that belongs to yourself and me stayed in the yard.	in_sentence	INCL	நமது வண்டி நகர்ந்தது.	namatu vaṇṭi nakarntatu.	[0, 4]	நமது	எங்களது வண்டி நகர்ந்தது.	நகர்	PL	False	True	False	public	
CLU-X-0105-C2-EXCL	CLU-X-0105	CLU-011	clusivity		C2	2	0.5000	addressee-excluded	literary	My brother and I were both on the committee that year.	Our cart stayed in the yard.	prior_sentence	EXCL	எங்களது வண்டி நகர்ந்தது.	eṅkaḷatu vaṇṭi nakarntatu.	[0, 7]	எங்களது	நமது வண்டி நகர்ந்தது.	நகர்	PL	False	True	False	public	
CLU-X-0105-C2-INCL	CLU-X-0105	CLU-011	clusivity		C2	2	0.5000	addressee-excluded	literary	You and I were both on the committee that year.	Our cart stayed in the yard.	prior_sentence	INCL	நமது வண்டி நகர்ந்தது.	namatu vaṇṭi nakarntatu.	[0, 4]	நமது	எங்களது வண்டி நகர்ந்தது.	நகர்	PL	False	True	False	public	
CLU-X-0105-C3-104	CLU-X-0105	CLU-011	clusivity		C3	2	0.5000	addressee-excluded	literary	The committee met four times in the course of that year.	Our cart stayed in the yard.	absent				[]		நமது வண்டி நகர்ந்தது.|எங்களது வண்டி நகர்ந்தது.	நகர்	PL	False	True	False	public	
CLU-X-0106-C1-EXCL	CLU-X-0106	CLU-011	clusivity		C1	2	0.5000	addressee-excluded	literary		The cart that belongs to two of my friends and me stayed in the yard.	in_sentence	EXCL	எங்களது வண்டி குதித்தது.	eṅkaḷatu vaṇṭi kutittatu.	[0, 7]	எங்களது	நமது வண்டி குதித்தது.	குதி	PL	False	True	False	public	
CLU-X-0106-C1-INCL	CLU-X-0106	CLU-011	clusivity		C1	2	0.5000	addressee-excluded	literary		The cart that belongs to both you and me stayed in the yard.	in_sentence	INCL	நமது வண்டி குதித்தது.	namatu vaṇṭi kutittatu.	[0, 4]	நமது	எங்களது வண்டி குதித்தது.	குதி	PL	False	True	False	public	
CLU-X-0106-C2-EXCL	CLU-X-0106	CLU-011	clusivity		C2	2	0.5000	addressee-excluded	literary	The group that travelled included me and two cousins.	Our cart stayed in the yard.	prior_sentence	EXCL	எங்களது வண்டி குதித்தது.	eṅkaḷatu vaṇṭi kutittatu.	[0, 7]	எங்களது	நமது வண்டி குதித்தது.	குதி	PL	False	True	False	public	
CLU-X-0106-C2-INCL	CLU-X-0106	CLU-011	clusivity		C2	2	0.5000	addressee-excluded	literary	The group that travelled included you and me.	Our cart stayed in the yard.	prior_sentence	INCL	நமது வண்டி குதித்தது.	namatu vaṇṭi kutittatu.	[0, 4]	நமது	எங்களது வண்டி குதித்தது.	குதி	PL	False	True	False	public	
CLU-X-0106-C3-105	CLU-X-0106	CLU-011	clusivity		C3	2	0.5000	addressee-excluded	literary	The group that travelled reached the coast by evening.	Our cart stayed in the yard.	absent				[]		நமது வண்டி குதித்தது.|எங்களது வண்டி குதித்தது.	குதி	PL	False	True	False	public	
CLU-X-0107-C1-EXCL	CLU-X-0107	CLU-011	clusivity		C1	2	0.5000	addressee-excluded	literary		The cart that belongs to my colleague together with me stayed in the yard.	in_sentence	EXCL	எங்களது வண்டி நகைத்தது.	eṅkaḷatu vaṇṭi nakaittatu.	[0, 7]	எங்களது	நமது வண்டி நகைத்தது.	நகை	PL	False	True	False	public	
CLU-X-0107-C1-INCL	CLU-X-0107	CLU-011	clusivity		C1	2	0.5000	addressee-excluded	literary		The cart that belongs to you together with me stayed in the yard.	in_sentence	INCL	நமது வண்டி நகைத்தது.	namatu vaṇṭi nakaittatu.	[0, 4]	நமது	எங்களது வண்டி நகைத்தது.	நகை	PL	False	True	False	public	
CLU-X-0107-C2-EXCL	CLU-X-0107	CLU-011	clusivity		C2	2	0.5000	addressee-excluded	literary	Neighbours joined our reading circle last winter.	Our cart stayed in the yard.	prior_sentence	EXCL	எங்களது வண்டி நகைத்தது.	eṅkaḷatu vaṇṭi nakaittatu.	[0, 7]	எங்களது	நமது வண்டி நகைத்தது.	நகை	PL	False	True	False	public	
CLU-X-0107-C2-INCL	CLU-X-0107	CLU-011	clusivity		C2	2	0.5000	addressee-excluded	literary	You joined our reading circle last winter.	Our cart stayed in the yard.	prior_sentence	INCL	நமது வண்டி நகைத்தது.	namatu vaṇṭi nakaittatu.	[0, 4]	நமது	எங்களது வண்டி நகைத்தது.	நகை	PL	False	True	False	public	
CLU-X-0107-C3-106	CLU-X-0107	CLU-011	clusivity		C3	2	0.5000	addressee-excluded	literary	A noticeboard went up outside last winter.	Our cart stayed in the yard.	absent				[]		நமது வண்டி நகைத்தது.|எங்களது வண்டி நகைத்தது.	நகை	PL	False	True	False	public	
CLU-X-0108-C1-EXCL	CLU-X-0108	CLU-011	clusivity		C1	2	0.5000	addressee-excluded	literary		The cart that belongs to my neighbour as well as me stayed in the yard.	in_sentence	EXCL	எங்களது வண்டி அஞ்சினது.	eṅkaḷatu vaṇṭi añciṉatu.	[0, 7]	எங்களது	நமது வண்டி அஞ்சினது.	அஞ்சு	PL	False	True	False	public	
CLU-X-0108-C1-INCL	CLU-X-0108	CLU-011	clusivity		C1	2	0.5000	addressee-excluded	literary		The cart that belongs to you as well as me stayed in the yard.	in_sentence	INCL	நமது வண்டி அஞ்சினது.	namatu vaṇṭi añciṉatu.	[0, 4]	நமது	எங்களது வண்டி அஞ்சினது.	அஞ்சு	PL	False	True	False	public	
CLU-X-0108-C2-EXCL	CLU-X-0108	CLU-011	clusivity		C2	2	0.5000	addressee-excluded	literary	Everyone in my office, not you, signed it.	Our cart stayed in the yard.	prior_sentence	EXCL	எங்களது வண்டி அஞ்சினது.	eṅkaḷatu vaṇṭi añciṉatu.	[0, 7]	எங்களது	நமது வண்டி அஞ்சினது.	அஞ்சு	PL	False	True	False	public	
CLU-X-0108-C2-INCL	CLU-X-0108	CLU-011	clusivity		C2	2	0.5000	addressee-excluded	literary	Everyone here, you as well, signed the letter.	Our cart stayed in the yard.	prior_sentence	INCL	நமது வண்டி அஞ்சினது.	namatu vaṇṭi añciṉatu.	[0, 4]	நமது	எங்களது வண்டி அஞ்சினது.	அஞ்சு	PL	False	True	False	public	
CLU-X-0108-C3-107	CLU-X-0108	CLU-011	clusivity		C3	2	0.5000	addressee-excluded	literary	Somebody left unopened post beside that letter.	Our cart stayed in the yard.	absent				[]		நமது வண்டி அஞ்சினது.|எங்களது வண்டி அஞ்சினது.	அஞ்சு	PL	False	True	False	public	
CLU-X-0109-C1-EXCL	CLU-X-0109	CLU-011	clusivity		C1	2	0.5000	addressee-excluded	literary		The door that belongs to my brother and me stayed in the yard.	in_sentence	EXCL	எங்களது கதவு வந்தது.	eṅkaḷatu katavu vantatu.	[0, 7]	எங்களது	நமது கதவு வந்தது.	வா	PL	False	True	False	public	
CLU-X-0109-C1-INCL	CLU-X-0109	CLU-011	clusivity		C1	2	0.5000	addressee-excluded	literary		The door that belongs to you and me stayed in the yard.	in_sentence	INCL	நமது கதவு வந்தது.	namatu katavu vantatu.	[0, 4]	நமது	எங்களது கதவு வந்தது.	வா	PL	False	True	False	public	
CLU-X-0109-C2-EXCL	CLU-X-0109	CLU-011	clusivity		C2	2	0.5000	addressee-excluded	literary	We three, not counting you, share the same landlord.	Our door stayed in the yard.	prior_sentence	EXCL	எங்களது கதவு வந்தது.	eṅkaḷatu katavu vantatu.	[0, 7]	எங்களது	நமது கதவு வந்தது.	வா	PL	False	True	False	public	
CLU-X-0109-C2-INCL	CLU-X-0109	CLU-011	clusivity		C2	2	0.5000	addressee-excluded	literary	We three, counting you, share the same landlord.	Our door stayed in the yard.	prior_sentence	INCL	நமது கதவு வந்தது.	namatu katavu vantatu.	[0, 4]	நமது	எங்களது கதவு வந்தது.	வா	PL	False	True	False	public	
CLU-X-0109-C3-108	CLU-X-0109	CLU-011	clusivity		C3	2	0.5000	addressee-excluded	literary	The three upstairs flats were repainted by the landlord.	Our door stayed in the yard.	absent				[]		நமது கதவு வந்தது.|எங்களது கதவு வந்தது.	வா	PL	False	True	False	public	
CLU-X-0110-C1-EXCL	CLU-X-0110	CLU-011	clusivity		C1	2	0.5000	addressee-excluded	literary		The door that belongs to my sister and me stayed in the yard.	in_sentence	EXCL	எங்களது கதவு ஓடினது.	eṅkaḷatu katavu ōṭiṉatu.	[0, 7]	எங்களது	நமது கதவு ஓடினது.	ஓடு	PL	False	True	False	public	
CLU-X-0110-C1-INCL	CLU-X-0110	CLU-011	clusivity		C1	2	0.5000	addressee-excluded	literary		The door that belongs to you and myself stayed in the yard.	in_sentence	INCL	நமது கதவு ஓடினது.	namatu katavu ōṭiṉatu.	[0, 4]	நமது	எங்களது கதவு ஓடினது.	ஓடு	PL	False	True	False	public	
CLU-X-0110-C2-EXCL	CLU-X-0110	CLU-011	clusivity		C2	2	0.5000	addressee-excluded	literary	My wife and I have run this household since March.	Our door stayed in the yard.	prior_sentence	EXCL	எங்களது கதவு ஓடினது.	eṅkaḷatu katavu ōṭiṉatu.	[0, 7]	எங்களது	நமது கதவு ஓடினது.	ஓடு	PL	False	True	False	public	
CLU-X-0110-C2-INCL	CLU-X-0110	CLU-011	clusivity		C2	2	0.5000	addressee-excluded	literary	You have been part of this household since March.	Our door stayed in the yard.	prior_sentence	INCL	நமது கதவு ஓடினது.	namatu katavu ōṭiṉatu.	[0, 4]	நமது	எங்களது கதவு ஓடினது.	ஓடு	PL	False	True	False	public	
CLU-X-0110-C3-109	CLU-X-0110	CLU-011	clusivity		C3	2	0.5000	addressee-excluded	literary	The water supply to the flat was cut in March.	Our door stayed in the yard.	absent				[]		நமது கதவு ஓடினது.|எங்களது கதவு ஓடினது.	ஓடு	PL	False	True	False	public	
CLU-X-0111-C1-EXCL	CLU-X-0111	CLU-012	clusivity		C1	2	0.5000	addressee-included	literary		My cousin and I walked together that evening.	in_sentence	EXCL	நாங்கள் நடந்தோம்.	nāṅkaḷ naṭantōm.	[0, 7]	நாங்கள்	நாம் நடந்தோம்.	நட	PL	False	True	False	public	
CLU-X-0111-C1-INCL	CLU-X-0111	CLU-012	clusivity		C1	2	0.5000	addressee-included	literary		Yourself and I walked together that evening.	in_sentence	INCL	நாம் நடந்தோம்.	nām naṭantōm.	[0, 4]	நாம்	நாங்கள் நடந்தோம்.	நட	PL	False	True	False	public	
CLU-X-0111-C2-EXCL	CLU-X-0111	CLU-012	clusivity		C2	2	0.5000	addressee-included	literary	Both of us, my wife and I, were named in the notice.	We walked together that evening.	prior_sentence	EXCL	நாங்கள் நடந்தோம்.	nāṅkaḷ naṭantōm.	[0, 7]	நாங்கள்	நாம் நடந்தோம்.	நட	PL	False	True	False	public	
CLU-X-0111-C2-INCL	CLU-X-0111	CLU-012	clusivity		C2	2	0.5000	addressee-included	literary	Both of us, you and I, were named in the notice.	We walked together that evening.	prior_sentence	INCL	நாம் நடந்தோம்.	nām naṭantōm.	[0, 4]	நாம்	நாங்கள் நடந்தோம்.	நட	PL	False	True	False	public	
CLU-X-0111-C3-110	CLU-X-0111	CLU-012	clusivity		C3	2	0.5000	addressee-included	literary	A copy of the notice was pinned to the board downstairs.	We walked together that evening.	absent				[]		நாம் நடந்தோம்.|நாங்கள் நடந்தோம்.	நட	PL	False	True	False	public	
CLU-X-0112-C1-EXCL	CLU-X-0112	CLU-012	clusivity		C1	2	0.5000	addressee-included	literary		Two of my friends and I played together that evening.	in_sentence	EXCL	நாங்கள் விளையாடினோம்.	nāṅkaḷ viḷaiyāṭiṉōm.	[0, 7]	நாங்கள்	நாம் விளையாடினோம்.	விளையாடு	PL	False	True	False	public	
CLU-X-0112-C1-INCL	CLU-X-0112	CLU-012	clusivity		C1	2	0.5000	addressee-included	literary		Both you and I played together that evening.	in_sentence	INCL	நாம் விளையாடினோம்.	nām viḷaiyāṭiṉōm.	[0, 4]	நாம்	நாங்கள் விளையாடினோம்.	விளையாடு	PL	False	True	False	public	
CLU-X-0112-C2-EXCL	CLU-X-0112	CLU-012	clusivity		C2	2	0.5000	addressee-included	literary	My colleagues are on the same team as me this season.	We played together that evening.	prior_sentence	EXCL	நாங்கள் விளையாடினோம்.	nāṅkaḷ viḷaiyāṭiṉōm.	[0, 7]	நாங்கள்	நாம் விளையாடினோம்.	விளையாடு	PL	False	True	False	public	
CLU-X-0112-C2-INCL	CLU-X-0112	CLU-012	clusivity		C2	2	0.5000	addressee-included	literary	You are on the same team as me this season.	We played together that evening.	prior_sentence	INCL	நாம் விளையாடினோம்.	nām viḷaiyāṭiṉōm.	[0, 4]	நாம்	நாங்கள் விளையாடினோம்.	விளையாடு	PL	False	True	False	public	
CLU-X-0112-C3-111	CLU-X-0112	CLU-012	clusivity		C3	2	0.5000	addressee-included	literary	The season was shortened by two weeks because of the rain.	We played together that evening.	absent				[]		நாம் விளையாடினோம்.|நாங்கள் விளையாடினோம்.	விளையாடு	PL	False	True	False	public	
CLU-X-0113-C1-EXCL	CLU-X-0113	CLU-012	clusivity		C1	2	0.5000	addressee-included	literary		My colleague together with me cried together that evening.	in_sentence	EXCL	நாங்கள் அழுதோம்.	nāṅkaḷ aḻutōm.	[0, 7]	நாங்கள்	நாம் அழுதோம்.	அழு	PL	False	True	False	public	
CLU-X-0113-C1-INCL	CLU-X-0113	CLU-012	clusivity		C1	2	0.5000	addressee-included	literary		You together with me cried together that evening.	in_sentence	INCL	நாம் அழுதோம்.	nām aḻutōm.	[0, 4]	நாம்	நாங்கள் அழுதோம்.	அழு	PL	False	True	False	public	
CLU-X-0113-C2-EXCL	CLU-X-0113	CLU-012	clusivity		C2	2	0.5000	addressee-included	literary	My brother and I were both on the committee that year.	We cried together that evening.	prior_sentence	EXCL	நாங்கள் அழுதோம்.	nāṅkaḷ aḻutōm.	[0, 7]	நாங்கள்	நாம் அழுதோம்.	அழு	PL	False	True	False	public	
CLU-X-0113-C2-INCL	CLU-X-0113	CLU-012	clusivity		C2	2	0.5000	addressee-included	literary	You and I were both on the committee that year.	We cried together that evening.	prior_sentence	INCL	நாம் அழுதோம்.	nām aḻutōm.	[0, 4]	நாம்	நாங்கள் அழுதோம்.	அழு	PL	False	True	False	public	
CLU-X-0113-C3-112	CLU-X-0113	CLU-012	clusivity		C3	2	0.5000	addressee-included	literary	The committee met four times in the course of that year.	We cried together that evening.	absent				[]		நாம் அழுதோம்.|நாங்கள் அழுதோம்.	அழு	PL	False	True	False	public	
CLU-X-0114-C1-EXCL	CLU-X-0114	CLU-012	clusivity		C1	2	0.5000	addressee-included	literary		My neighbour as well as I laughed together that evening.	in_sentence	EXCL	நாங்கள் சிரித்தோம்.	nāṅkaḷ cirittōm.	[0, 7]	நாங்கள்	நாம் சிரித்தோம்.	சிரி	PL	False	True	False	public	
CLU-X-0114-C1-INCL	CLU-X-0114	CLU-012	clusivity		C1	2	0.5000	addressee-included	literary		You as well as I laughed together that evening.	in_sentence	INCL	நாம் சிரித்தோம்.	nām cirittōm.	[0, 4]	நாம்	நாங்கள் சிரித்தோம்.	சிரி	PL	False	True	False	public	
CLU-X-0114-C2-EXCL	CLU-X-0114	CLU-012	clusivity		C2	2	0.5000	addressee-included	literary	The group that travelled included me and two cousins.	We laughed together that evening.	prior_sentence	EXCL	நாங்கள் சிரித்தோம்.	nāṅkaḷ cirittōm.	[0, 7]	நாங்கள்	நாம் சிரித்தோம்.	சிரி	PL	False	True	False	public	
CLU-X-0114-C2-INCL	CLU-X-0114	CLU-012	clusivity		C2	2	0.5000	addressee-included	literary	The group that travelled included you and me.	We laughed together that evening.	prior_sentence	INCL	நாம் சிரித்தோம்.	nām cirittōm.	[0, 4]	நாம்	நாங்கள் சிரித்தோம்.	சிரி	PL	False	True	False	public	
CLU-X-0114-C3-113	CLU-X-0114	CLU-012	clusivity		C3	2	0.5000	addressee-included	literary	The group that travelled reached the coast by evening.	We laughed together that evening.	absent				[]		நாம் சிரித்தோம்.|நாங்கள் சிரித்தோம்.	சிரி	PL	False	True	False	public	
CLU-X-0115-C1-EXCL	CLU-X-0115	CLU-012	clusivity		C1	2	0.5000	addressee-included	literary		My brother and I flew together that evening.	in_sentence	EXCL	நாங்கள் பறந்தோம்.	nāṅkaḷ paṟantōm.	[0, 7]	நாங்கள்	நாம் பறந்தோம்.	பற	PL	False	True	False	public	
CLU-X-0115-C1-INCL	CLU-X-0115	CLU-012	clusivity		C1	2	0.5000	addressee-included	literary		You and I flew together that evening.	in_sentence	INCL	நாம் பறந்தோம்.	nām paṟantōm.	[0, 4]	நாம்	நாங்கள் பறந்தோம்.	பற	PL	False	True	False	public	
CLU-X-0115-C2-EXCL	CLU-X-0115	CLU-012	clusivity		C2	2	0.5000	addressee-included	literary	Neighbours joined our reading circle last winter.	We flew together that evening.	prior_sentence	EXCL	நாங்கள் பறந்தோம்.	nāṅkaḷ paṟantōm.	[0, 7]	நாங்கள்	நாம் பறந்தோம்.	பற	PL	False	True	False	public	
CLU-X-0115-C2-INCL	CLU-X-0115	CLU-012	clusivity		C2	2	0.5000	addressee-included	literary	You joined our reading circle last winter.	We flew together that evening.	prior_sentence	INCL	நாம் பறந்தோம்.	nām paṟantōm.	[0, 4]	நாம்	நாங்கள் பறந்தோம்.	பற	PL	False	True	False	public	
CLU-X-0115-C3-114	CLU-X-0115	CLU-012	clusivity		C3	2	0.5000	addressee-included	literary	A noticeboard went up outside last winter.	We flew together that evening.	absent				[]		நாம் பறந்தோம்.|நாங்கள் பறந்தோம்.	பற	PL	False	True	False	public	
CLU-X-0116-C1-EXCL	CLU-X-0116	CLU-012	clusivity		C1	2	0.5000	addressee-included	literary		My sister and I swam together that evening.	in_sentence	EXCL	நாங்கள் நீந்தினோம்.	nāṅkaḷ nīntiṉōm.	[0, 7]	நாங்கள்	நாம் நீந்தினோம்.	நீந்து	PL	False	True	False	public	
CLU-X-0116-C1-INCL	CLU-X-0116	CLU-012	clusivity		C1	2	0.5000	addressee-included	literary		You and myself swam together that evening.	in_sentence	INCL	நாம் நீந்தினோம்.	nām nīntiṉōm.	[0, 4]	நாம்	நாங்கள் நீந்தினோம்.	நீந்து	PL	False	True	False	public	
CLU-X-0116-C2-EXCL	CLU-X-0116	CLU-012	clusivity		C2	2	0.5000	addressee-included	literary	Everyone in my office, not you, signed it.	We swam together that evening.	prior_sentence	EXCL	நாங்கள் நீந்தினோம்.	nāṅkaḷ nīntiṉōm.	[0, 7]	நாங்கள்	நாம் நீந்தினோம்.	நீந்து	PL	False	True	False	public	
CLU-X-0116-C2-INCL	CLU-X-0116	CLU-012	clusivity		C2	2	0.5000	addressee-included	literary	Everyone here, you as well, signed the letter.	We swam together that evening.	prior_sentence	INCL	நாம் நீந்தினோம்.	nām nīntiṉōm.	[0, 4]	நாம்	நாங்கள் நீந்தினோம்.	நீந்து	PL	False	True	False	public	
CLU-X-0116-C3-115	CLU-X-0116	CLU-012	clusivity		C3	2	0.5000	addressee-included	literary	Somebody left unopened post beside that letter.	We swam together that evening.	absent				[]		நாம் நீந்தினோம்.|நாங்கள் நீந்தினோம்.	நீந்து	PL	False	True	False	public	
CLU-X-0117-C1-EXCL	CLU-X-0117	CLU-012	clusivity		C1	2	0.5000	addressee-included	literary		My cousin and I spoke together that evening.	in_sentence	EXCL	நாங்கள் பேசினோம்.	nāṅkaḷ pēciṉōm.	[0, 7]	நாங்கள்	நாம் பேசினோம்.	பேசு	PL	False	True	False	public	
CLU-X-0117-C1-INCL	CLU-X-0117	CLU-012	clusivity		C1	2	0.5000	addressee-included	literary		Yourself and I spoke together that evening.	in_sentence	INCL	நாம் பேசினோம்.	nām pēciṉōm.	[0, 4]	நாம்	நாங்கள் பேசினோம்.	பேசு	PL	False	True	False	public	
CLU-X-0117-C2-EXCL	CLU-X-0117	CLU-012	clusivity		C2	2	0.5000	addressee-included	literary	We three, not counting you, share the same landlord.	We spoke together that evening.	prior_sentence	EXCL	நாங்கள் பேசினோம்.	nāṅkaḷ pēciṉōm.	[0, 7]	நாங்கள்	நாம் பேசினோம்.	பேசு	PL	False	True	False	public	
CLU-X-0117-C2-INCL	CLU-X-0117	CLU-012	clusivity		C2	2	0.5000	addressee-included	literary	We three, counting you, share the same landlord.	We spoke together that evening.	prior_sentence	INCL	நாம் பேசினோம்.	nām pēciṉōm.	[0, 4]	நாம்	நாங்கள் பேசினோம்.	பேசு	PL	False	True	False	public	
CLU-X-0117-C3-116	CLU-X-0117	CLU-012	clusivity		C3	2	0.5000	addressee-included	literary	The three upstairs flats were repainted by the landlord.	We spoke together that evening.	absent				[]		நாம் பேசினோம்.|நாங்கள் பேசினோம்.	பேசு	PL	False	True	False	public	
CLU-X-0118-C1-EXCL	CLU-X-0118	CLU-012	clusivity		C1	2	0.5000	addressee-included	literary		Two of my friends and I rose together that evening.	in_sentence	EXCL	நாங்கள் எழுந்தோம்.	nāṅkaḷ eḻuntōm.	[0, 7]	நாங்கள்	நாம் எழுந்தோம்.	எழு	PL	False	True	False	public	
CLU-X-0118-C1-INCL	CLU-X-0118	CLU-012	clusivity		C1	2	0.5000	addressee-included	literary		Both you and I rose together that evening.	in_sentence	INCL	நாம் எழுந்தோம்.	nām eḻuntōm.	[0, 4]	நாம்	நாங்கள் எழுந்தோம்.	எழு	PL	False	True	False	public	
CLU-X-0118-C2-EXCL	CLU-X-0118	CLU-012	clusivity		C2	2	0.5000	addressee-included	literary	My wife and I have run this household since March.	We rose together that evening.	prior_sentence	EXCL	நாங்கள் எழுந்தோம்.	nāṅkaḷ eḻuntōm.	[0, 7]	நாங்கள்	நாம் எழுந்தோம்.	எழு	PL	False	True	False	public	
CLU-X-0118-C2-INCL	CLU-X-0118	CLU-012	clusivity		C2	2	0.5000	addressee-included	literary	You have been part of this household since March.	We rose together that evening.	prior_sentence	INCL	நாம் எழுந்தோம்.	nām eḻuntōm.	[0, 4]	நாம்	நாங்கள் எழுந்தோம்.	எழு	PL	False	True	False	public	
CLU-X-0118-C3-117	CLU-X-0118	CLU-012	clusivity		C3	2	0.5000	addressee-included	literary	The water supply to the flat was cut in March.	We rose together that evening.	absent				[]		நாம் எழுந்தோம்.|நாங்கள் எழுந்தோம்.	எழு	PL	False	True	False	public	
CLU-X-0119-C1-EXCL	CLU-X-0119	CLU-012	clusivity		C1	2	0.5000	addressee-included	literary		My colleague together with me sat together that evening.	in_sentence	EXCL	நாங்கள் உட்கார்ந்தோம்.	nāṅkaḷ uṭkārntōm.	[0, 7]	நாங்கள்	நாம் உட்கார்ந்தோம்.	உட்கார்	PL	False	True	False	public	
CLU-X-0119-C1-INCL	CLU-X-0119	CLU-012	clusivity		C1	2	0.5000	addressee-included	literary		You together with me sat together that evening.	in_sentence	INCL	நாம் உட்கார்ந்தோம்.	nām uṭkārntōm.	[0, 4]	நாம்	நாங்கள் உட்கார்ந்தோம்.	உட்கார்	PL	False	True	False	public	
CLU-X-0119-C2-EXCL	CLU-X-0119	CLU-012	clusivity		C2	2	0.5000	addressee-included	literary	Both of us, my wife and I, were named in the notice.	We sat together that evening.	prior_sentence	EXCL	நாங்கள் உட்கார்ந்தோம்.	nāṅkaḷ uṭkārntōm.	[0, 7]	நாங்கள்	நாம் உட்கார்ந்தோம்.	உட்கார்	PL	False	True	False	public	
CLU-X-0119-C2-INCL	CLU-X-0119	CLU-012	clusivity		C2	2	0.5000	addressee-included	literary	Both of us, you and I, were named in the notice.	We sat together that evening.	prior_sentence	INCL	நாம் உட்கார்ந்தோம்.	nām uṭkārntōm.	[0, 4]	நாம்	நாங்கள் உட்கார்ந்தோம்.	உட்கார்	PL	False	True	False	public	
CLU-X-0119-C3-118	CLU-X-0119	CLU-012	clusivity		C3	2	0.5000	addressee-included	literary	A copy of the notice was pinned to the board downstairs.	We sat together that evening.	absent				[]		நாம் உட்கார்ந்தோம்.|நாங்கள் உட்கார்ந்தோம்.	உட்கார்	PL	False	True	False	public	
CLU-X-0120-C1-EXCL	CLU-X-0120	CLU-012	clusivity		C1	2	0.5000	addressee-included	literary		My neighbour as well as I climbed together that evening.	in_sentence	EXCL	நாங்கள் ஏறினோம்.	nāṅkaḷ ēṟiṉōm.	[0, 7]	நாங்கள்	நாம் ஏறினோம்.	ஏறு	PL	False	True	False	public	
CLU-X-0120-C1-INCL	CLU-X-0120	CLU-012	clusivity		C1	2	0.5000	addressee-included	literary		You as well as I climbed together that evening.	in_sentence	INCL	நாம் ஏறினோம்.	nām ēṟiṉōm.	[0, 4]	நாம்	நாங்கள் ஏறினோம்.	ஏறு	PL	False	True	False	public	
CLU-X-0120-C2-EXCL	CLU-X-0120	CLU-012	clusivity		C2	2	0.5000	addressee-included	literary	My colleagues are on the same team as me this season.	We climbed together that evening.	prior_sentence	EXCL	நாங்கள் ஏறினோம்.	nāṅkaḷ ēṟiṉōm.	[0, 7]	நாங்கள்	நாம் ஏறினோம்.	ஏறு	PL	False	True	False	public	
CLU-X-0120-C2-INCL	CLU-X-0120	CLU-012	clusivity		C2	2	0.5000	addressee-included	literary	You are on the same team as me this season.	We climbed together that evening.	prior_sentence	INCL	நாம் ஏறினோம்.	nām ēṟiṉōm.	[0, 4]	நாம்	நாங்கள் ஏறினோம்.	ஏறு	PL	False	True	False	public	
CLU-X-0120-C3-119	CLU-X-0120	CLU-012	clusivity		C3	2	0.5000	addressee-included	literary	The season was shortened by two weeks because of the rain.	We climbed together that evening.	absent				[]		நாம் ஏறினோம்.|நாங்கள் ஏறினோம்.	ஏறு	PL	False	True	False	public	
CLU-X-0121-C1-EXCL	CLU-X-0121	CLU-013	clusivity		C1	2	0.5000	addressee-excluded	literary		My brother and I descended before the others.	in_sentence	EXCL	நாங்கள் இறங்கினோம்.	nāṅkaḷ iṟaṅkiṉōm.	[0, 7]	நாங்கள்	நாம் இறங்கினோம்.	இறங்கு	PL	False	True	False	public	
CLU-X-0121-C1-INCL	CLU-X-0121	CLU-013	clusivity		C1	2	0.5000	addressee-excluded	literary		You and I descended before the others.	in_sentence	INCL	நாம் இறங்கினோம்.	nām iṟaṅkiṉōm.	[0, 4]	நாம்	நாங்கள் இறங்கினோம்.	இறங்கு	PL	False	True	False	public	
CLU-X-0121-C2-EXCL	CLU-X-0121	CLU-013	clusivity		C2	2	0.5000	addressee-excluded	literary	My brother and I were both on the committee that year.	We descended before the others.	prior_sentence	EXCL	நாங்கள் இறங்கினோம்.	nāṅkaḷ iṟaṅkiṉōm.	[0, 7]	நாங்கள்	நாம் இறங்கினோம்.	இறங்கு	PL	False	True	False	public	
CLU-X-0121-C2-INCL	CLU-X-0121	CLU-013	clusivity		C2	2	0.5000	addressee-excluded	literary	You and I were both on the committee that year.	We descended before the others.	prior_sentence	INCL	நாம் இறங்கினோம்.	nām iṟaṅkiṉōm.	[0, 4]	நாம்	நாங்கள் இறங்கினோம்.	இறங்கு	PL	False	True	False	public	
CLU-X-0121-C3-120	CLU-X-0121	CLU-013	clusivity		C3	2	0.5000	addressee-excluded	literary	The committee met four times in the course of that year.	We descended before the others.	absent				[]		நாம் இறங்கினோம்.|நாங்கள் இறங்கினோம்.	இறங்கு	PL	False	True	False	public	
CLU-X-0122-C1-EXCL	CLU-X-0122	CLU-013	clusivity		C1	2	0.5000	addressee-excluded	literary		My sister and I went before the others.	in_sentence	EXCL	நாங்கள் சென்றோம்.	nāṅkaḷ ceṉṟōm.	[0, 7]	நாங்கள்	நாம் சென்றோம்.	செல்	PL	False	True	False	public	
CLU-X-0122-C1-INCL	CLU-X-0122	CLU-013	clusivity		C1	2	0.5000	addressee-excluded	literary		You and myself went before the others.	in_sentence	INCL	நாம் சென்றோம்.	nām ceṉṟōm.	[0, 4]	நாம்	நாங்கள் சென்றோம்.	செல்	PL	False	True	False	public	
CLU-X-0122-C2-EXCL	CLU-X-0122	CLU-013	clusivity		C2	2	0.5000	addressee-excluded	literary	The group that travelled included me and two cousins.	We went before the others.	prior_sentence	EXCL	நாங்கள் சென்றோம்.	nāṅkaḷ ceṉṟōm.	[0, 7]	நாங்கள்	நாம் சென்றோம்.	செல்	PL	False	True	False	public	
CLU-X-0122-C2-INCL	CLU-X-0122	CLU-013	clusivity		C2	2	0.5000	addressee-excluded	literary	The group that travelled included you and me.	We went before the others.	prior_sentence	INCL	நாம் சென்றோம்.	nām ceṉṟōm.	[0, 4]	நாம்	நாங்கள் சென்றோம்.	செல்	PL	False	True	False	public	
CLU-X-0122-C3-121	CLU-X-0122	CLU-013	clusivity		C3	2	0.5000	addressee-excluded	literary	The group that travelled reached the coast by evening.	We went before the others.	absent				[]		நாம் சென்றோம்.|நாங்கள் சென்றோம்.	செல்	PL	False	True	False	public	
CLU-X-0123-C1-EXCL	CLU-X-0123	CLU-013	clusivity		C1	2	0.5000	addressee-excluded	literary		My cousin and I moved before the others.	in_sentence	EXCL	நாங்கள் நகர்ந்தோம்.	nāṅkaḷ nakarntōm.	[0, 7]	நாங்கள்	நாம் நகர்ந்தோம்.	நகர்	PL	False	True	False	public	
CLU-X-0123-C1-INCL	CLU-X-0123	CLU-013	clusivity		C1	2	0.5000	addressee-excluded	literary		Yourself and I moved before the others.	in_sentence	INCL	நாம் நகர்ந்தோம்.	nām nakarntōm.	[0, 4]	நாம்	நாங்கள் நகர்ந்தோம்.	நகர்	PL	False	True	False	public	
CLU-X-0123-C2-EXCL	CLU-X-0123	CLU-013	clusivity		C2	2	0.5000	addressee-excluded	literary	Neighbours joined our reading circle last winter.	We moved before the others.	prior_sentence	EXCL	நாங்கள் நகர்ந்தோம்.	nāṅkaḷ nakarntōm.	[0, 7]	நாங்கள்	நாம் நகர்ந்தோம்.	நகர்	PL	False	True	False	public	
CLU-X-0123-C2-INCL	CLU-X-0123	CLU-013	clusivity		C2	2	0.5000	addressee-excluded	literary	You joined our reading circle last winter.	We moved before the others.	prior_sentence	INCL	நாம் நகர்ந்தோம்.	nām nakarntōm.	[0, 4]	நாம்	நாங்கள் நகர்ந்தோம்.	நகர்	PL	False	True	False	public	
CLU-X-0123-C3-122	CLU-X-0123	CLU-013	clusivity		C3	2	0.5000	addressee-excluded	literary	A noticeboard went up outside last winter.	We moved before the others.	absent				[]		நாம் நகர்ந்தோம்.|நாங்கள் நகர்ந்தோம்.	நகர்	PL	False	True	False	public	
CLU-X-0124-C1-EXCL	CLU-X-0124	CLU-013	clusivity		C1	2	0.5000	addressee-excluded	literary		Two of my friends and I jumped before the others.	in_sentence	EXCL	நாங்கள் குதித்தோம்.	nāṅkaḷ kutittōm.	[0, 7]	நாங்கள்	நாம் குதித்தோம்.	குதி	PL	False	True	False	public	
CLU-X-0124-C1-INCL	CLU-X-0124	CLU-013	clusivity		C1	2	0.5000	addressee-excluded	literary		Both you and I jumped before the others.	in_sentence	INCL	நாம் குதித்தோம்.	nām kutittōm.	[0, 4]	நாம்	நாங்கள் குதித்தோம்.	குதி	PL	False	True	False	public	
CLU-X-0124-C2-EXCL	CLU-X-0124	CLU-013	clusivity		C2	2	0.5000	addressee-excluded	literary	Everyone in my office, not you, signed it.	We jumped before the others.	prior_sentence	EXCL	நாங்கள் குதித்தோம்.	nāṅkaḷ kutittōm.	[0, 7]	நாங்கள்	நாம் குதித்தோம்.	குதி	PL	False	True	False	public	
CLU-X-0124-C2-INCL	CLU-X-0124	CLU-013	clusivity		C2	2	0.5000	addressee-excluded	literary	Everyone here, you as well, signed the letter.	We jumped before the others.	prior_sentence	INCL	நாம் குதித்தோம்.	nām kutittōm.	[0, 4]	நாம்	நாங்கள் குதித்தோம்.	குதி	PL	False	True	False	public	
CLU-X-0124-C3-123	CLU-X-0124	CLU-013	clusivity		C3	2	0.5000	addressee-excluded	literary	Somebody left unopened post beside that letter.	We jumped before the others.	absent				[]		நாம் குதித்தோம்.|நாங்கள் குதித்தோம்.	குதி	PL	False	True	False	public	
CLU-X-0125-C1-EXCL	CLU-X-0125	CLU-013	clusivity		C1	2	0.5000	addressee-excluded	literary		My colleague together with me smiled before the others.	in_sentence	EXCL	நாங்கள் நகைத்தோம்.	nāṅkaḷ nakaittōm.	[0, 7]	நாங்கள்	நாம் நகைத்தோம்.	நகை	PL	False	True	False	public	
CLU-X-0125-C1-INCL	CLU-X-0125	CLU-013	clusivity		C1	2	0.5000	addressee-excluded	literary		You together with me smiled before the others.	in_sentence	INCL	நாம் நகைத்தோம்.	nām nakaittōm.	[0, 4]	நாம்	நாங்கள் நகைத்தோம்.	நகை	PL	False	True	False	public	
CLU-X-0125-C2-EXCL	CLU-X-0125	CLU-013	clusivity		C2	2	0.5000	addressee-excluded	literary	We three, not counting you, share the same landlord.	We smiled before the others.	prior_sentence	EXCL	நாங்கள் நகைத்தோம்.	nāṅkaḷ nakaittōm.	[0, 7]	நாங்கள்	நாம் நகைத்தோம்.	நகை	PL	False	True	False	public	
CLU-X-0125-C2-INCL	CLU-X-0125	CLU-013	clusivity		C2	2	0.5000	addressee-excluded	literary	We three, counting you, share the same landlord.	We smiled before the others.	prior_sentence	INCL	நாம் நகைத்தோம்.	nām nakaittōm.	[0, 4]	நாம்	நாங்கள் நகைத்தோம்.	நகை	PL	False	True	False	public	
CLU-X-0125-C3-124	CLU-X-0125	CLU-013	clusivity		C3	2	0.5000	addressee-excluded	literary	The three upstairs flats were repainted by the landlord.	We smiled before the others.	absent				[]		நாம் நகைத்தோம்.|நாங்கள் நகைத்தோம்.	நகை	PL	False	True	False	public	
CLU-X-0126-C1-EXCL	CLU-X-0126	CLU-013	clusivity		C1	2	0.5000	addressee-excluded	literary		My neighbour as well as I feared before the others.	in_sentence	EXCL	நாங்கள் அஞ்சினோம்.	nāṅkaḷ añciṉōm.	[0, 7]	நாங்கள்	நாம் அஞ்சினோம்.	அஞ்சு	PL	False	True	False	public	
CLU-X-0126-C1-INCL	CLU-X-0126	CLU-013	clusivity		C1	2	0.5000	addressee-excluded	literary		You as well as I feared before the others.	in_sentence	INCL	நாம் அஞ்சினோம்.	nām añciṉōm.	[0, 4]	நாம்	நாங்கள் அஞ்சினோம்.	அஞ்சு	PL	False	True	False	public	
CLU-X-0126-C2-EXCL	CLU-X-0126	CLU-013	clusivity		C2	2	0.5000	addressee-excluded	literary	My wife and I have run this household since March.	We feared before the others.	prior_sentence	EXCL	நாங்கள் அஞ்சினோம்.	nāṅkaḷ añciṉōm.	[0, 7]	நாங்கள்	நாம் அஞ்சினோம்.	அஞ்சு	PL	False	True	False	public	
CLU-X-0126-C2-INCL	CLU-X-0126	CLU-013	clusivity		C2	2	0.5000	addressee-excluded	literary	You have been part of this household since March.	We feared before the others.	prior_sentence	INCL	நாம் அஞ்சினோம்.	nām añciṉōm.	[0, 4]	நாம்	நாங்கள் அஞ்சினோம்.	அஞ்சு	PL	False	True	False	public	
CLU-X-0126-C3-125	CLU-X-0126	CLU-013	clusivity		C3	2	0.5000	addressee-excluded	literary	The water supply to the flat was cut in March.	We feared before the others.	absent				[]		நாம் அஞ்சினோம்.|நாங்கள் அஞ்சினோம்.	அஞ்சு	PL	False	True	False	public	
CLU-X-0127-C1-EXCL	CLU-X-0127	CLU-013	clusivity		C1	2	0.5000	addressee-excluded	literary		My brother and I came before the others.	in_sentence	EXCL	நாங்கள் வந்தோம்.	nāṅkaḷ vantōm.	[0, 7]	நாங்கள்	நாம் வந்தோம்.	வா	PL	False	True	False	public	
CLU-X-0127-C1-INCL	CLU-X-0127	CLU-013	clusivity		C1	2	0.5000	addressee-excluded	literary		You and I came before the others.	in_sentence	INCL	நாம் வந்தோம்.	nām vantōm.	[0, 4]	நாம்	நாங்கள் வந்தோம்.	வா	PL	False	True	False	public	
CLU-X-0127-C2-EXCL	CLU-X-0127	CLU-013	clusivity		C2	2	0.5000	addressee-excluded	literary	Both of us, my wife and I, were named in the notice.	We came before the others.	prior_sentence	EXCL	நாங்கள் வந்தோம்.	nāṅkaḷ vantōm.	[0, 7]	நாங்கள்	நாம் வந்தோம்.	வா	PL	False	True	False	public	
CLU-X-0127-C2-INCL	CLU-X-0127	CLU-013	clusivity		C2	2	0.5000	addressee-excluded	literary	Both of us, you and I, were named in the notice.	We came before the others.	prior_sentence	INCL	நாம் வந்தோம்.	nām vantōm.	[0, 4]	நாம்	நாங்கள் வந்தோம்.	வா	PL	False	True	False	public	
CLU-X-0127-C3-126	CLU-X-0127	CLU-013	clusivity		C3	2	0.5000	addressee-excluded	literary	A copy of the notice was pinned to the board downstairs.	We came before the others.	absent				[]		நாம் வந்தோம்.|நாங்கள் வந்தோம்.	வா	PL	False	True	False	public	
CLU-X-0128-C1-EXCL	CLU-X-0128	CLU-013	clusivity		C1	2	0.5000	addressee-excluded	literary		My sister and I ran before the others.	in_sentence	EXCL	நாங்கள் ஓடினோம்.	nāṅkaḷ ōṭiṉōm.	[0, 7]	நாங்கள்	நாம் ஓடினோம்.	ஓடு	PL	False	True	False	public	
CLU-X-0128-C1-INCL	CLU-X-0128	CLU-013	clusivity		C1	2	0.5000	addressee-excluded	literary		You and myself ran before the others.	in_sentence	INCL	நாம் ஓடினோம்.	nām ōṭiṉōm.	[0, 4]	நாம்	நாங்கள் ஓடினோம்.	ஓடு	PL	False	True	False	public	
CLU-X-0128-C2-EXCL	CLU-X-0128	CLU-013	clusivity		C2	2	0.5000	addressee-excluded	literary	My colleagues are on the same team as me this season.	We ran before the others.	prior_sentence	EXCL	நாங்கள் ஓடினோம்.	nāṅkaḷ ōṭiṉōm.	[0, 7]	நாங்கள்	நாம் ஓடினோம்.	ஓடு	PL	False	True	False	public	
CLU-X-0128-C2-INCL	CLU-X-0128	CLU-013	clusivity		C2	2	0.5000	addressee-excluded	literary	You are on the same team as me this season.	We ran before the others.	prior_sentence	INCL	நாம் ஓடினோம்.	nām ōṭiṉōm.	[0, 4]	நாம்	நாங்கள் ஓடினோம்.	ஓடு	PL	False	True	False	public	
CLU-X-0128-C3-127	CLU-X-0128	CLU-013	clusivity		C3	2	0.5000	addressee-excluded	literary	The season was shortened by two weeks because of the rain.	We ran before the others.	absent				[]		நாம் ஓடினோம்.|நாங்கள் ஓடினோம்.	ஓடு	PL	False	True	False	public	
CLU-X-0129-C1-EXCL	CLU-X-0129	CLU-013	clusivity		C1	2	0.5000	addressee-excluded	literary		My cousin and I walked before the others.	in_sentence	EXCL	நாங்கள் நடந்தோம்.	nāṅkaḷ naṭantōm.	[0, 7]	நாங்கள்	நாம் நடந்தோம்.	நட	PL	False	True	False	public	
CLU-X-0129-C1-INCL	CLU-X-0129	CLU-013	clusivity		C1	2	0.5000	addressee-excluded	literary		Yourself and I walked before the others.	in_sentence	INCL	நாம் நடந்தோம்.	nām naṭantōm.	[0, 4]	நாம்	நாங்கள் நடந்தோம்.	நட	PL	False	True	False	public	
CLU-X-0129-C2-EXCL	CLU-X-0129	CLU-013	clusivity		C2	2	0.5000	addressee-excluded	literary	My brother and I were both on the committee that year.	We walked before the others.	prior_sentence	EXCL	நாங்கள் நடந்தோம்.	nāṅkaḷ naṭantōm.	[0, 7]	நாங்கள்	நாம் நடந்தோம்.	நட	PL	False	True	False	public	
CLU-X-0129-C2-INCL	CLU-X-0129	CLU-013	clusivity		C2	2	0.5000	addressee-excluded	literary	You and I were both on the committee that year.	We walked before the others.	prior_sentence	INCL	நாம் நடந்தோம்.	nām naṭantōm.	[0, 4]	நாம்	நாங்கள் நடந்தோம்.	நட	PL	False	True	False	public	
CLU-X-0129-C3-128	CLU-X-0129	CLU-013	clusivity		C3	2	0.5000	addressee-excluded	literary	The committee met four times in the course of that year.	We walked before the others.	absent				[]		நாம் நடந்தோம்.|நாங்கள் நடந்தோம்.	நட	PL	False	True	False	public	
CLU-X-0130-C1-EXCL	CLU-X-0130	CLU-013	clusivity		C1	2	0.5000	addressee-excluded	literary		Two of my friends and I played before the others.	in_sentence	EXCL	நாங்கள் விளையாடினோம்.	nāṅkaḷ viḷaiyāṭiṉōm.	[0, 7]	நாங்கள்	நாம் விளையாடினோம்.	விளையாடு	PL	False	True	False	public	
CLU-X-0130-C1-INCL	CLU-X-0130	CLU-013	clusivity		C1	2	0.5000	addressee-excluded	literary		Both you and I played before the others.	in_sentence	INCL	நாம் விளையாடினோம்.	nām viḷaiyāṭiṉōm.	[0, 4]	நாம்	நாங்கள் விளையாடினோம்.	விளையாடு	PL	False	True	False	public	
CLU-X-0130-C2-EXCL	CLU-X-0130	CLU-013	clusivity		C2	2	0.5000	addressee-excluded	literary	The group that travelled included me and two cousins.	We played before the others.	prior_sentence	EXCL	நாங்கள் விளையாடினோம்.	nāṅkaḷ viḷaiyāṭiṉōm.	[0, 7]	நாங்கள்	நாம் விளையாடினோம்.	விளையாடு	PL	False	True	False	public	
CLU-X-0130-C2-INCL	CLU-X-0130	CLU-013	clusivity		C2	2	0.5000	addressee-excluded	literary	The group that travelled included you and me.	We played before the others.	prior_sentence	INCL	நாம் விளையாடினோம்.	nām viḷaiyāṭiṉōm.	[0, 4]	நாம்	நாங்கள் விளையாடினோம்.	விளையாடு	PL	False	True	False	public	
CLU-X-0130-C3-129	CLU-X-0130	CLU-013	clusivity		C3	2	0.5000	addressee-excluded	literary	The group that travelled reached the coast by evening.	We played before the others.	absent				[]		நாம் விளையாடினோம்.|நாங்கள் விளையாடினோம்.	விளையாடு	PL	False	True	False	public	
CLU-X-0151-C0-INCL	CLU-X-0151	CLU-001	clusivity		C0	2	0.5000	addressee-included	literary		He did us at the gate.	instruction	INCL	நம்மை செய்தான்.	nammai ceytāṉ.	[0, 5]	நம்மை	எங்களை செய்தான்.	செய்	PL	False	True	False	public	
CLU-X-0152-C0-EXCL	CLU-X-0152	CLU-002	clusivity		C0	2	0.5000	addressee-excluded	literary		The officer began us in the corridor.	instruction	EXCL	எங்களை தொடங்கினான்.	eṅkaḷai toṭaṅkiṉāṉ.	[0, 6]	எங்களை	நம்மை தொடங்கினான்.	தொடங்கு	PL	False	True	False	public	
CLU-X-0153-C0-INCL	CLU-X-0153	CLU-003	clusivity		C0	2	0.5000	addressee-included	literary		Someone refused us near the station.	instruction	INCL	நம்மை மறுத்தான்.	nammai maṟuttāṉ.	[0, 5]	நம்மை	எங்களை மறுத்தான்.	மறு	PL	False	True	False	public	
CLU-X-0154-C0-EXCL	CLU-X-0154	CLU-001	clusivity		C0	2	0.5000	addressee-included	literary		He sang us at the gate.	instruction	EXCL	எங்களை பாடினான்.	eṅkaḷai pāṭiṉāṉ.	[0, 6]	எங்களை	நம்மை பாடினான்.	பாடு	PL	False	True	False	public	
CLU-X-0155-C0-INCL	CLU-X-0155	CLU-002	clusivity		C0	2	0.5000	addressee-excluded	literary		The officer caught us in the corridor.	instruction	INCL	நம்மை பிடித்தான்.	nammai piṭittāṉ.	[0, 5]	நம்மை	எங்களை பிடித்தான்.	பிடி	PL	False	True	False	public	
CLU-X-0156-C0-EXCL	CLU-X-0156	CLU-003	clusivity		C0	2	0.5000	addressee-included	literary		Someone ate us near the station.	instruction	EXCL	எங்களை தின்றான்.	eṅkaḷai tiṉṟāṉ.	[0, 6]	எங்களை	நம்மை தின்றான்.	தின்	PL	False	True	False	public	
CLU-X-0157-C0-INCL	CLU-X-0157	CLU-001	clusivity		C0	2	0.5000	addressee-included	literary		He drank us at the gate.	instruction	INCL	நம்மை குடித்தான்.	nammai kuṭittāṉ.	[0, 5]	நம்மை	எங்களை குடித்தான்.	குடி	PL	False	True	False	public	
CLU-X-0158-C0-EXCL	CLU-X-0158	CLU-002	clusivity		C0	2	0.5000	addressee-excluded	literary		The officer conducted us in the corridor.	instruction	EXCL	எங்களை நடத்தினான்.	eṅkaḷai naṭattiṉāṉ.	[0, 6]	எங்களை	நம்மை நடத்தினான்.	நடத்து	PL	False	True	False	public	
CLU-X-0159-C0-INCL	CLU-X-0159	CLU-003	clusivity		C0	2	0.5000	addressee-included	literary		Someone looked us near the station.	instruction	INCL	நம்மை பார்த்தான்.	nammai pārttāṉ.	[0, 5]	நம்மை	எங்களை பார்த்தான்.	பார்	PL	False	True	False	public	
CLU-X-0160-C0-EXCL	CLU-X-0160	CLU-001	clusivity		C0	2	0.5000	addressee-included	literary		He closed us at the gate.	instruction	EXCL	எங்களை மூடினான்.	eṅkaḷai mūṭiṉāṉ.	[0, 6]	எங்களை	நம்மை மூடினான்.	மூடு	PL	False	True	False	public	
CLU-X-0161-C0-INCL	CLU-X-0161	CLU-002	clusivity		C0	2	0.5000	addressee-excluded	literary		The officer sent us in the corridor.	instruction	INCL	நம்மை அனுப்பினான்.	nammai aṉuppiṉāṉ.	[0, 5]	நம்மை	எங்களை அனுப்பினான்.	அனுப்பு	PL	False	True	False	public	
CLU-X-0162-C0-EXCL	CLU-X-0162	CLU-003	clusivity		C0	2	0.5000	addressee-included	literary		Someone trusted us near the station.	instruction	EXCL	எங்களை நம்பினான்.	eṅkaḷai nampiṉāṉ.	[0, 6]	எங்களை	நம்மை நம்பினான்.	நம்பு	PL	False	True	False	public	
CLU-X-0163-C0-INCL	CLU-X-0163	CLU-001	clusivity		C0	2	0.5000	addressee-included	literary		He wrote us at the gate.	instruction	INCL	நம்மை எழுதினான்.	nammai eḻutiṉāṉ.	[0, 5]	நம்மை	எங்களை எழுதினான்.	எழுது	PL	False	True	False	public	
CLU-X-0164-C0-EXCL	CLU-X-0164	CLU-002	clusivity		C0	2	0.5000	addressee-excluded	literary		The officer searched us in the corridor.	instruction	EXCL	எங்களை தேடினான்.	eṅkaḷai tēṭiṉāṉ.	[0, 6]	எங்களை	நம்மை தேடினான்.	தேடு	PL	False	True	False	public	
CLU-X-0165-C0-INCL	CLU-X-0165	CLU-003	clusivity		C0	2	0.5000	addressee-included	literary		Someone ate us near the station.	instruction	INCL	நம்மை உண்டான்.	nammai uṇṭāṉ.	[0, 5]	நம்மை	எங்களை உண்டான்.	உண்	PL	False	True	False	public	
CLU-X-0166-C0-EXCL	CLU-X-0166	CLU-001	clusivity		C0	2	0.5000	addressee-included	literary		He bought us at the gate.	instruction	EXCL	எங்களை வாங்கினான்.	eṅkaḷai vāṅkiṉāṉ.	[0, 6]	எங்களை	நம்மை வாங்கினான்.	வாங்கு	PL	False	True	False	public	
CLU-X-0167-C0-INCL	CLU-X-0167	CLU-002	clusivity		C0	2	0.5000	addressee-excluded	literary		The officer said us in the corridor.	instruction	INCL	நம்மை கூறினான்.	nammai kūṟiṉāṉ.	[0, 5]	நம்மை	எங்களை கூறினான்.	கூறு	PL	False	True	False	public	
CLU-X-0168-C0-EXCL	CLU-X-0168	CLU-003	clusivity		C0	2	0.5000	addressee-included	literary		Someone did us near the station.	instruction	EXCL	எங்களை செய்தான்.	eṅkaḷai ceytāṉ.	[0, 6]	எங்களை	நம்மை செய்தான்.	செய்	PL	False	True	False	public	
CLU-X-0169-C0-INCL	CLU-X-0169	CLU-001	clusivity		C0	2	0.5000	addressee-included	literary		He opened us at the gate.	instruction	INCL	நம்மை திறந்தான்.	nammai tiṟantāṉ.	[0, 5]	நம்மை	எங்களை திறந்தான்.	திற	PL	False	True	False	public	
CLU-X-0170-C0-EXCL	CLU-X-0170	CLU-002	clusivity		C0	2	0.5000	addressee-excluded	literary		The officer washed us in the corridor.	instruction	EXCL	எங்களை கழுவினான்.	eṅkaḷai kaḻuviṉāṉ.	[0, 6]	எங்களை	நம்மை கழுவினான்.	கழுவு	PL	False	True	False	public	
CLU-X-0171-C0-INCL	CLU-X-0171	CLU-003	clusivity		C0	2	0.5000	addressee-included	literary		Someone wiped us near the station.	instruction	INCL	நம்மை துடைத்தான்.	nammai tuṭaittāṉ.	[0, 5]	நம்மை	எங்களை துடைத்தான்.	துடை	PL	False	True	False	public	
CLU-X-0172-C0-EXCL	CLU-X-0172	CLU-001	clusivity		C0	2	0.5000	addressee-included	literary		He looked us at the gate.	instruction	EXCL	எங்களை பார்த்தான்.	eṅkaḷai pārttāṉ.	[0, 6]	எங்களை	நம்மை பார்த்தான்.	பார்	PL	False	True	False	public	
CLU-X-0173-C0-INCL	CLU-X-0173	CLU-002	clusivity		C0	2	0.5000	addressee-excluded	literary		The officer knew us in the corridor.	instruction	INCL	நம்மை அறிந்தான்.	nammai aṟintāṉ.	[0, 5]	நம்மை	எங்களை அறிந்தான்.	அறி	PL	False	True	False	public	
CLU-X-0174-C0-EXCL	CLU-X-0174	CLU-003	clusivity		C0	2	0.5000	addressee-included	literary		Someone liked us near the station.	instruction	EXCL	எங்களை விரும்பினான்.	eṅkaḷai virumpiṉāṉ.	[0, 6]	எங்களை	நம்மை விரும்பினான்.	விரும்பு	PL	False	True	False	public	
CLU-X-0175-C0-INCL	CLU-X-0175	CLU-001	clusivity		C0	2	0.5000	addressee-included	literary		He asked us at the gate.	instruction	INCL	நம்மை கேட்டான்.	nammai kēṭṭāṉ.	[0, 5]	நம்மை	எங்களை கேட்டான்.	கேள்	PL	False	True	False	public	
CLU-X-0176-C0-EXCL	CLU-X-0176	CLU-002	clusivity		C0	2	0.5000	addressee-excluded	literary		The officer took us in the corridor.	instruction	EXCL	எங்களை கொண்டான்.	eṅkaḷai koṇṭāṉ.	[0, 6]	எங்களை	நம்மை கொண்டான்.	கொள்	PL	False	True	False	public	
CLU-X-0177-C0-INCL	CLU-X-0177	CLU-003	clusivity		C0	2	0.5000	addressee-included	literary		Someone took us near the station.	instruction	INCL	நம்மை எடுத்தான்.	nammai eṭuttāṉ.	[0, 5]	நம்மை	எங்களை எடுத்தான்.	எடு	PL	False	True	False	public	
CLU-X-0178-C0-EXCL	CLU-X-0178	CLU-001	clusivity		C0	2	0.5000	addressee-included	literary		He built us at the gate.	instruction	EXCL	எங்களை கட்டினான்.	eṅkaḷai kaṭṭiṉāṉ.	[0, 6]	எங்களை	நம்மை கட்டினான்.	கட்டு	PL	False	True	False	public	
CLU-X-0179-C0-INCL	CLU-X-0179	CLU-002	clusivity		C0	2	0.5000	addressee-excluded	literary		The officer studied us in the corridor.	instruction	INCL	நம்மை பயின்றான்.	nammai payiṉṟāṉ.	[0, 5]	நம்மை	எங்களை பயின்றான்.	பயில்	PL	False	True	False	public	
CLU-X-0180-C0-EXCL	CLU-X-0180	CLU-003	clusivity		C0	2	0.5000	addressee-included	literary		Someone wrote us near the station.	instruction	EXCL	எங்களை எழுதினான்.	eṅkaḷai eḻutiṉāṉ.	[0, 6]	எங்களை	நம்மை எழுதினான்.	எழுது	PL	False	True	False	public	
CLU-X-0181-C0-INCL	CLU-X-0181	CLU-001	clusivity		C0	2	0.5000	addressee-included	literary		He did us at the gate.	instruction	INCL	நம்மை செய்தான்.	nammai ceytāṉ.	[0, 5]	நம்மை	எங்களை செய்தான்.	செய்	PL	False	True	False	public	
CLU-X-0182-C0-EXCL	CLU-X-0182	CLU-002	clusivity		C0	2	0.5000	addressee-excluded	literary		The officer began us in the corridor.	instruction	EXCL	எங்களை தொடங்கினான்.	eṅkaḷai toṭaṅkiṉāṉ.	[0, 6]	எங்களை	நம்மை தொடங்கினான்.	தொடங்கு	PL	False	True	False	public	
CLU-X-0183-C0-INCL	CLU-X-0183	CLU-003	clusivity		C0	2	0.5000	addressee-included	literary		Someone refused us near the station.	instruction	INCL	நம்மை மறுத்தான்.	nammai maṟuttāṉ.	[0, 5]	நம்மை	எங்களை மறுத்தான்.	மறு	PL	False	True	False	public	
CLU-X-0184-C0-EXCL	CLU-X-0184	CLU-001	clusivity		C0	2	0.5000	addressee-included	literary		He sang us at the gate.	instruction	EXCL	எங்களை பாடினான்.	eṅkaḷai pāṭiṉāṉ.	[0, 6]	எங்களை	நம்மை பாடினான்.	பாடு	PL	False	True	False	public	
CLU-X-0185-C0-INCL	CLU-X-0185	CLU-002	clusivity		C0	2	0.5000	addressee-excluded	literary		The officer caught us in the corridor.	instruction	INCL	நம்மை பிடித்தான்.	nammai piṭittāṉ.	[0, 5]	நம்மை	எங்களை பிடித்தான்.	பிடி	PL	False	True	False	public	
CLU-X-0186-C0-EXCL	CLU-X-0186	CLU-003	clusivity		C0	2	0.5000	addressee-included	literary		Someone ate us near the station.	instruction	EXCL	எங்களை தின்றான்.	eṅkaḷai tiṉṟāṉ.	[0, 6]	எங்களை	நம்மை தின்றான்.	தின்	PL	False	True	False	public	
CLU-X-0187-C0-INCL	CLU-X-0187	CLU-001	clusivity		C0	2	0.5000	addressee-included	literary		He drank us at the gate.	instruction	INCL	நம்மை குடித்தான்.	nammai kuṭittāṉ.	[0, 5]	நம்மை	எங்களை குடித்தான்.	குடி	PL	False	True	False	public	
CLU-X-0188-C0-EXCL	CLU-X-0188	CLU-002	clusivity		C0	2	0.5000	addressee-excluded	literary		The officer conducted us in the corridor.	instruction	EXCL	எங்களை நடத்தினான்.	eṅkaḷai naṭattiṉāṉ.	[0, 6]	எங்களை	நம்மை நடத்தினான்.	நடத்து	PL	False	True	False	public	
CLU-X-0189-C0-INCL	CLU-X-0189	CLU-003	clusivity		C0	2	0.5000	addressee-included	literary		Someone looked us near the station.	instruction	INCL	நம்மை பார்த்தான்.	nammai pārttāṉ.	[0, 5]	நம்மை	எங்களை பார்த்தான்.	பார்	PL	False	True	False	public	
CLU-X-0190-C0-EXCL	CLU-X-0190	CLU-001	clusivity		C0	2	0.5000	addressee-included	literary		He closed us at the gate.	instruction	EXCL	எங்களை மூடினான்.	eṅkaḷai mūṭiṉāṉ.	[0, 6]	எங்களை	நம்மை மூடினான்.	மூடு	PL	False	True	False	public	
GEN-X-0191-C1-FEM	GEN-X-0191	GEN-001	gender		C1	2	0.5000	name-cued	literary		Akanakai came at noon.	in_sentence	FEM	அகநகை வந்தாள்.	akanakai vantāḷ.	[10, 13]	ாள்	அகரன் வந்தான்.	வா	SG	False	True	True	public	NATIVE-CHECK-NAME-1|NATIVE-CHECK-NAME-2
GEN-X-0191-C1-MASC	GEN-X-0191	GEN-001	gender		C1	2	0.5000	name-cued	literary		Akaran came at noon.	in_sentence	MASC	அகரன் வந்தான்.	akaraṉ vantāṉ.	[10, 13]	ான்	அகநகை வந்தாள்.	வா	SG	False	True	True	public	NATIVE-CHECK-NAME-1|NATIVE-CHECK-NAME-2
GEN-X-0191-C2-FEM	GEN-X-0191	GEN-001	gender		C2	2	0.5000	name-cued	literary	Aram, my younger sister, had been waiting at the station since noon.	Aram came at noon.	prior_sentence	FEM	அறம் வந்தாள்.	aṟam vantāḷ.	[9, 12]	ாள்	அறம் வந்தான்.	வா	SG	False	True	True	public	NATIVE-CHECK-NAME-1|NATIVE-CHECK-NAME-2
GEN-X-0191-C2-MASC	GEN-X-0191	GEN-001	gender		C2	2	0.5000	name-cued	literary	Aram, my younger brother, had been waiting at the station since noon.	Aram came at noon.	prior_sentence	MASC	அறம் வந்தான்.	aṟam vantāṉ.	[9, 12]	ான்	அறம் வந்தாள்.	வா	SG	False	True	True	public	NATIVE-CHECK-NAME-1|NATIVE-CHECK-NAME-2
GEN-X-0191-C3-000	GEN-X-0191	GEN-001	gender		C3	2	0.5000	name-cued	literary	Aram, our new neighbour, had been waiting at the station since noon.	Aram came at noon.	absent				[]		அறம் வந்தான்.|அறம் வந்தாள்.	வா	SG	False	True	True	public	NATIVE-CHECK-NAME-1|NATIVE-CHECK-NAME-2
GEN-X-0191-C3-150	GEN-X-0191	GEN-001	gender		C3	2	0.5000	name-cued	literary	Aram, our new neighbour, had been waiting at the station since noon.	Aram came at noon.	absent				[]		அறம் வந்தான்.|அறம் வந்தாள்.	வா	SG	False	True	True	public	NATIVE-CHECK-NAME-1|NATIVE-CHECK-NAME-2
GEN-X-0192-C1-FEM	GEN-X-0192	GEN-001	gender		C1	2	0.5000	name-cued	literary		Akanakai ran at noon.	in_sentence	FEM	அகநகை ஓடினாள்.	akanakai ōṭiṉāḷ.	[10, 13]	ாள்	அகரன் ஓடினான்.	ஓடு	SG	False	True	True	public	NATIVE-CHECK-NAME-1|NATIVE-CHECK-NAME-2
GEN-X-0192-C1-MASC	GEN-X-0192	GEN-001	gender		C1	2	0.5000	name-cued	literary		Akaran ran at noon.	in_sentence	MASC	அகரன் ஓடினான்.	akaraṉ ōṭiṉāṉ.	[10, 13]	ான்	அகநகை ஓடினாள்.	ஓடு	SG	False	True	True	public	NATIVE-CHECK-NAME-1|NATIVE-CHECK-NAME-2
GEN-X-0192-C2-FEM	GEN-X-0192	GEN-001	gender		C2	2	0.5000	name-cued	literary	Arul, the girl from my class, finished the essay that night.	Arul ran at noon.	prior_sentence	FEM	அருள் ஓடினாள்.	aruḷ ōṭiṉāḷ.	[10, 13]	ாள்	அருள் ஓடினான்.	ஓடு	SG	False	True	True	public	NATIVE-CHECK-NAME-1|NATIVE-CHECK-NAME-2
GEN-X-0192-C2-MASC	GEN-X-0192	GEN-001	gender		C2	2	0.5000	name-cued	literary	Arul, the boy from my class, finished the essay that night.	Arul ran at noon.	prior_sentence	MASC	அருள் ஓடினான்.	aruḷ ōṭiṉāṉ.	[10, 13]	ான்	அருள் ஓடினாள்.	ஓடு	SG	False	True	True	public	NATIVE-CHECK-NAME-1|NATIVE-CHECK-NAME-2
GEN-X-0192-C3-001	GEN-X-0192	GEN-001	gender		C3	2	0.5000	name-cued	literary	Arul, the one from my class, finished the essay that night.	Arul ran at noon.	absent				[]		அருள் ஓடினான்.|அருள் ஓடினாள்.	ஓடு	SG	False	True	True	public	NATIVE-CHECK-NAME-1|NATIVE-CHECK-NAME-2
GEN-X-0192-C3-151	GEN-X-0192	GEN-001	gender		C3	2	0.5000	name-cued	literary	Arul, the one from my class, finished the essay that night.	Arul ran at noon.	absent				[]		அருள் ஓடினான்.|அருள் ஓடினாள்.	ஓடு	SG	False	True	True	public	NATIVE-CHECK-NAME-1|NATIVE-CHECK-NAME-2
GEN-X-0193-C1-FEM	GEN-X-0193	GEN-001	gender		C1	2	0.5000	name-cued	literary		Akanakai walked at noon.	in_sentence	FEM	அகநகை நடந்தாள்.	akanakai naṭantāḷ.	[11, 14]	ாள்	அகரன் நடந்தான்.	நட	SG	False	True	True	public	NATIVE-CHECK-NAME-1|NATIVE-CHECK-NAME-2
GEN-X-0193-C1-MASC	GEN-X-0193	GEN-001	gender		C1	2	0.5000	name-cued	literary		Akaran walked at noon.	in_sentence	MASC	அகரன் நடந்தான்.	akaraṉ naṭantāṉ.	[11, 14]	ான்	அகநகை நடந்தாள்.	நட	SG	False	True	True	public	NATIVE-CHECK-NAME-1|NATIVE-CHECK-NAME-2
GEN-X-0193-C2-FEM	GEN-X-0193	GEN-001	gender		C2	2	0.5000	name-cued	literary	Aruli, my niece, came back from the market at dusk.	Aruli walked at noon.	prior_sentence	FEM	அருளி நடந்தாள்.	aruḷi naṭantāḷ.	[11, 14]	ாள்	அருளி நடந்தான்.	நட	SG	False	True	True	public	NATIVE-CHECK-NAME-1|NATIVE-CHECK-NAME-2
GEN-X-0193-C2-MASC	GEN-X-0193	GEN-001	gender		C2	2	0.5000	name-cued	literary	Aruli, my nephew, came back from the market at dusk.	Aruli walked at noon.	prior_sentence	MASC	அருளி நடந்தான்.	aruḷi naṭantāṉ.	[11, 14]	ான்	அருளி நடந்தாள்.	நட	SG	False	True	True	public	NATIVE-CHECK-NAME-1|NATIVE-CHECK-NAME-2
GEN-X-0193-C3-002	GEN-X-0193	GEN-001	gender		C3	2	0.5000	name-cued	literary	Aruli, my cousin, came back from the market at dusk.	Aruli walked at noon.	absent				[]		அருளி நடந்தான்.|அருளி நடந்தாள்.	நட	SG	False	True	True	public	NATIVE-CHECK-NAME-1|NATIVE-CHECK-NAME-2
GEN-X-0193-C3-152	GEN-X-0193	GEN-001	gender		C3	2	0.5000	name-cued	literary	Aruli, my cousin, came back from the market at dusk.	Aruli walked at noon.	absent				[]		அருளி நடந்தான்.|அருளி நடந்தாள்.	நட	SG	False	True	True	public	NATIVE-CHECK-NAME-1|NATIVE-CHECK-NAME-2
GEN-X-0194-C1-FEM	GEN-X-0194	GEN-001	gender		C1	2	0.5000	name-cued	literary		Akanakai played at noon.	in_sentence	FEM	அகநகை விளையாடினாள்.	akanakai viḷaiyāṭiṉāḷ.	[15, 18]	ாள்	அகரன் விளையாடினான்.	விளையாடு	SG	False	True	True	public	NATIVE-CHECK-NAME-1|NATIVE-CHECK-NAME-2
GEN-X-0194-C1-MASC	GEN-X-0194	GEN-001	gender		C1	2	0.5000	name-cued	literary		Akaran played at noon.	in_sentence	MASC	அகரன் விளையாடினான்.	akaraṉ viḷaiyāṭiṉāṉ.	[15, 18]	ான்	அகநகை விளையாடினாள்.	விளையாடு	SG	False	True	True	public	NATIVE-CHECK-NAME-1|NATIVE-CHECK-NAME-2
GEN-X-0194-C2-FEM	GEN-X-0194	GEN-001	gender		C2	2	0.5000	name-cued	literary	Anpu, a young woman from the village, opened the gate for us.	Anpu played at noon.	prior_sentence	FEM	அன்பு விளையாடினாள்.	aṉpu viḷaiyāṭiṉāḷ.	[15, 18]	ாள்	அன்பு விளையாடினான்.	விளையாடு	SG	False	True	True	public	NATIVE-CHECK-NAME-1|NATIVE-CHECK-NAME-2
GEN-X-0194-C2-MASC	GEN-X-0194	GEN-001	gender		C2	2	0.5000	name-cued	literary	Anpu, a young man from the village, opened the gate for us.	Anpu played at noon.	prior_sentence	MASC	அன்பு விளையாடினான்.	aṉpu viḷaiyāṭiṉāṉ.	[15, 18]	ான்	அன்பு விளையாடினாள்.	விளையாடு	SG	False	True	True	public	NATIVE-CHECK-NAME-1|NATIVE-CHECK-NAME-2
GEN-X-0194-C3-003	GEN-X-0194	GEN-001	gender		C3	2	0.5000	name-cued	literary	Anpu, a new arrival from the village, opened the gate for us.	Anpu played at noon.	absent				[]		அன்பு விளையாடினான்.|அன்பு விளையாடினாள்.	விளையாடு	SG	False	True	True	public	NATIVE-CHECK-NAME-1|NATIVE-CHECK-NAME-2
GEN-X-0194-C3-153	GEN-X-0194	GEN-001	gender		C3	2	0.5000	name-cued	literary	Anpu, a new arrival from the village, opened the gate for us.	Anpu played at noon.	absent				[]		அன்பு விளையாடினான்.|அன்பு விளையாடினாள்.	விளையாடு	SG	False	True	True	public	NATIVE-CHECK-NAME-1|NATIVE-CHECK-NAME-2
GEN-X-0195-C1-FEM	GEN-X-0195	GEN-001	gender		C1	2	0.5000	name-cued	literary		Akanakai cried at noon.	in_sentence	FEM	அகநகை அழுதாள்.	akanakai aḻutāḷ.	[10, 13]	ாள்	அகரன் அழுதான்.	அழு	SG	False	True	True	public	NATIVE-CHECK-NAME-1|NATIVE-CHECK-NAME-2
GEN-X-0195-C1-MASC	GEN-X-0195	GEN-001	gender		C1	2	0.5000	name-cued	literary		Akaran cried at noon.	in_sentence	MASC	அகரன் அழுதான்.	akaraṉ aḻutāṉ.	[10, 13]	ான்	அகநகை அழுதாள்.	அழு	SG	False	True	True	public	NATIVE-CHECK-NAME-1|NATIVE-CHECK-NAME-2
GEN-X-0195-C2-FEM	GEN-X-0195	GEN-001	gender		C2	2	0.5000	name-cued	literary	Elil, my daughter, had promised to be there before six.	Elil cried at noon.	prior_sentence	FEM	எழில் அழுதாள்.	eḻil aḻutāḷ.	[10, 13]	ாள்	எழில் அழுதான்.	அழு	SG	False	True	True	public	NATIVE-CHECK-NAME-1|NATIVE-CHECK-NAME-2
GEN-X-0195-C2-MASC	GEN-X-0195	GEN-001	gender		C2	2	0.5000	name-cued	literary	Elil, my son, had promised to be there before six.	Elil cried at noon.	prior_sentence	MASC	எழில் அழுதான்.	eḻil aḻutāṉ.	[10, 13]	ான்	எழில் அழுதாள்.	அழு	SG	False	True	True	public	NATIVE-CHECK-NAME-1|NATIVE-CHECK-NAME-2
GEN-X-0195-C3-004	GEN-X-0195	GEN-001	gender		C3	2	0.5000	name-cued	literary	Elil, my child, had promised to be there before six.	Elil cried at noon.	absent				[]		எழில் அழுதான்.|எழில் அழுதாள்.	அழு	SG	False	True	True	public	NATIVE-CHECK-NAME-1|NATIVE-CHECK-NAME-2
GEN-X-0195-C3-154	GEN-X-0195	GEN-001	gender		C3	2	0.5000	name-cued	literary	Elil, my child, had promised to be there before six.	Elil cried at noon.	absent				[]		எழில் அழுதான்.|எழில் அழுதாள்.	அழு	SG	False	True	True	public	NATIVE-CHECK-NAME-1|NATIVE-CHECK-NAME-2
GEN-X-0196-C1-FEM	GEN-X-0196	GEN-001	gender		C1	2	0.5000	name-cued	literary		Akanakai laughed at noon.	in_sentence	FEM	அகநகை சிரித்தாள்.	akanakai cirittāḷ.	[13, 16]	ாள்	அகரன் சிரித்தான்.	சிரி	SG	False	True	True	public	NATIVE-CHECK-NAME-1|NATIVE-CHECK-NAME-2
GEN-X-0196-C1-MASC	GEN-X-0196	GEN-001	gender		C1	2	0.5000	name-cued	literary		Akaran laughed at noon.	in_sentence	MASC	அகரன் சிரித்தான்.	akaraṉ cirittāṉ.	[13, 16]	ான்	அகநகை சிரித்தாள்.	சிரி	SG	False	True	True	public	NATIVE-CHECK-NAME-1|NATIVE-CHECK-NAME-2
GEN-X-0196-C2-FEM	GEN-X-0196	GEN-001	gender		C2	2	0.5000	name-cued	literary	Ilamani, the schoolgirl next door, arrived on Friday without any warning.	Ilamani laughed at noon.	prior_sentence	FEM	ஈழமணி சிரித்தாள்.	īḻamaṇi cirittāḷ.	[13, 16]	ாள்	ஈழமணி சிரித்தான்.	சிரி	SG	False	True	True	public	NATIVE-CHECK-NAME-1|NATIVE-CHECK-NAME-2
GEN-X-0196-C2-MASC	GEN-X-0196	GEN-001	gender		C2	2	0.5000	name-cued	literary	Ilamani, the schoolboy next door, arrived on Friday without any warning.	Ilamani laughed at noon.	prior_sentence	MASC	ஈழமணி சிரித்தான்.	īḻamaṇi cirittāṉ.	[13, 16]	ான்	ஈழமணி சிரித்தாள்.	சிரி	SG	False	True	True	public	NATIVE-CHECK-NAME-1|NATIVE-CHECK-NAME-2
GEN-X-0196-C3-005	GEN-X-0196	GEN-001	gender		C3	2	0.5000	name-cued	literary	Ilamani, the youngster next door, arrived on Friday without any warning.	Ilamani laughed at noon.	absent				[]		ஈழமணி சிரித்தான்.|ஈழமணி சிரித்தாள்.	சிரி	SG	False	True	True	public	NATIVE-CHECK-NAME-1|NATIVE-CHECK-NAME-2
GEN-X-0196-C3-155	GEN-X-0196	GEN-001	gender		C3	2	0.5000	name-cued	literary	Ilamani, the youngster next door, arrived on Friday without any warning.	Ilamani laughed at noon.	absent				[]		ஈழமணி சிரித்தான்.|ஈழமணி சிரித்தாள்.	சிரி	SG	False	True	True	public	NATIVE-CHECK-NAME-1|NATIVE-CHECK-NAME-2
GEN-X-0197-C1-FEM	GEN-X-0197	GEN-001	gender		C1	2	0.5000	name-cued	literary		Akanakai flew at noon.	in_sentence	FEM	அகநகை பறந்தாள்.	akanakai paṟantāḷ.	[11, 14]	ாள்	அகரன் பறந்தான்.	பற	SG	False	True	True	public	NATIVE-CHECK-NAME-1|NATIVE-CHECK-NAME-2
GEN-X-0197-C1-MASC	GEN-X-0197	GEN-001	gender		C1	2	0.5000	name-cued	literary		Akaran flew at noon.	in_sentence	MASC	அகரன் பறந்தான்.	akaraṉ paṟantāṉ.	[11, 14]	ான்	அகநகை பறந்தாள்.	பற	SG	False	True	True	public	NATIVE-CHECK-NAME-1|NATIVE-CHECK-NAME-2
GEN-X-0197-C2-FEM	GEN-X-0197	GEN-001	gender		C2	2	0.5000	name-cued	literary	Tavamani, a girl of about ten, joined the class in June.	Tavamani flew at noon.	prior_sentence	FEM	தவமணி பறந்தாள்.	tavamaṇi paṟantāḷ.	[11, 14]	ாள்	தவமணி பறந்தான்.	பற	SG	False	True	True	public	NATIVE-CHECK-NAME-1|NATIVE-CHECK-NAME-2
GEN-X-0197-C2-MASC	GEN-X-0197	GEN-001	gender		C2	2	0.5000	name-cued	literary	Tavamani, a boy of about ten, joined the class in June.	Tavamani flew at noon.	prior_sentence	MASC	தவமணி பறந்தான்.	tavamaṇi paṟantāṉ.	[11, 14]	ான்	தவமணி பறந்தாள்.	பற	SG	False	True	True	public	NATIVE-CHECK-NAME-1|NATIVE-CHECK-NAME-2
GEN-X-0197-C3-006	GEN-X-0197	GEN-001	gender		C3	2	0.5000	name-cued	literary	Tavamani, a child of about ten, joined the class in June.	Tavamani flew at noon.	absent				[]		தவமணி பறந்தான்.|தவமணி பறந்தாள்.	பற	SG	False	True	True	public	NATIVE-CHECK-NAME-1|NATIVE-CHECK-NAME-2
GEN-X-0197-C3-156	GEN-X-0197	GEN-001	gender		C3	2	0.5000	name-cued	literary	Tavamani, a child of about ten, joined the class in June.	Tavamani flew at noon.	absent				[]		தவமணி பறந்தான்.|தவமணி பறந்தாள்.	பற	SG	False	True	True	public	NATIVE-CHECK-NAME-1|NATIVE-CHECK-NAME-2
GEN-X-0198-C1-FEM	GEN-X-0198	GEN-001	gender		C1	2	0.5000	name-cued	literary		Akanakai swam at noon.	in_sentence	FEM	அகநகை நீந்தினாள்.	akanakai nīntiṉāḷ.	[13, 16]	ாள்	அகரன் நீந்தினான்.	நீந்து	SG	False	True	True	public	NATIVE-CHECK-NAME-1|NATIVE-CHECK-NAME-2
GEN-X-0198-C1-MASC	GEN-X-0198	GEN-001	gender		C1	2	0.5000	name-cued	literary		Akaran swam at noon.	in_sentence	MASC	அகரன் நீந்தினான்.	akaraṉ nīntiṉāṉ.	[13, 16]	ான்	அகநகை நீந்தினாள்.	நீந்து	SG	False	True	True	public	NATIVE-CHECK-NAME-1|NATIVE-CHECK-NAME-2
GEN-X-0198-C2-FEM	GEN-X-0198	GEN-001	gender		C2	2	0.5000	name-cued	literary	Mani, a girl in my class, sat by the window through the meeting.	Mani swam at noon.	prior_sentence	FEM	மணி நீந்தினாள்.	maṇi nīntiṉāḷ.	[11, 14]	ாள்	மணி நீந்தினான்.	நீந்து	SG	False	True	True	public	NATIVE-CHECK-NAME-1|NATIVE-CHECK-NAME-2
GEN-X-0198-C2-MASC	GEN-X-0198	GEN-001	gender		C2	2	0.5000	name-cued	literary	Mani, a boy in my class, sat by the window through the meeting.	Mani swam at noon.	prior_sentence	MASC	மணி நீந்தினான்.	maṇi nīntiṉāṉ.	[11, 14]	ான்	மணி நீந்தினாள்.	நீந்து	SG	False	True	True	public	NATIVE-CHECK-NAME-1|NATIVE-CHECK-NAME-2
GEN-X-0198-C3-007	GEN-X-0198	GEN-001	gender		C3	2	0.5000	name-cued	literary	Mani, a pupil in my class, sat by the window through the meeting.	Mani swam at noon.	absent				[]		மணி நீந்தினான்.|மணி நீந்தினாள்.	நீந்து	SG	False	True	True	public	NATIVE-CHECK-NAME-1|NATIVE-CHECK-NAME-2
GEN-X-0198-C3-157	GEN-X-0198	GEN-001	gender		C3	2	0.5000	name-cued	literary	Mani, a pupil in my class, sat by the window through the meeting.	Mani swam at noon.	absent				[]		மணி நீந்தினான்.|மணி நீந்தினாள்.	நீந்து	SG	False	True	True	public	NATIVE-CHECK-NAME-1|NATIVE-CHECK-NAME-2
GEN-X-0199-C1-FEM	GEN-X-0199	GEN-001	gender		C1	2	0.5000	name-cued	literary		Akanakai spoke at noon.	in_sentence	FEM	அகநகை பேசினாள்.	akanakai pēciṉāḷ.	[11, 14]	ாள்	அகரன் பேசினான்.	பேசு	SG	False	True	True	public	NATIVE-CHECK-NAME-1|NATIVE-CHECK-NAME-2
GEN-X-0199-C1-MASC	GEN-X-0199	GEN-001	gender		C1	2	0.5000	name-cued	literary		Akaran spoke at noon.	in_sentence	MASC	அகரன் பேசினான்.	akaraṉ pēciṉāṉ.	[11, 14]	ான்	அகநகை பேசினாள்.	பேசு	SG	False	True	True	public	NATIVE-CHECK-NAME-1|NATIVE-CHECK-NAME-2
GEN-X-0199-C2-FEM	GEN-X-0199	GEN-001	gender		C2	2	0.5000	name-cued	literary	Aram, my younger sister, had been waiting at the station since noon.	Aram spoke at noon.	prior_sentence	FEM	அறம் பேசினாள்.	aṟam pēciṉāḷ.	[10, 13]	ாள்	அறம் பேசினான்.	பேசு	SG	False	True	True	public	NATIVE-CHECK-NAME-1|NATIVE-CHECK-NAME-2
GEN-X-0199-C2-MASC	GEN-X-0199	GEN-001	gender		C2	2	0.5000	name-cued	literary	Aram, my younger brother, had been waiting at the station since noon.	Aram spoke at noon.	prior_sentence	MASC	அறம் பேசினான்.	aṟam pēciṉāṉ.	[10, 13]	ான்	அறம் பேசினாள்.	பேசு	SG	False	True	True	public	NATIVE-CHECK-NAME-1|NATIVE-CHECK-NAME-2
GEN-X-0199-C3-008	GEN-X-0199	GEN-001	gender		C3	2	0.5000	name-cued	literary	Aram, our new neighbour, had been waiting at the station since noon.	Aram spoke at noon.	absent				[]		அறம் பேசினான்.|அறம் பேசினாள்.	பேசு	SG	False	True	True	public	NATIVE-CHECK-NAME-1|NATIVE-CHECK-NAME-2
GEN-X-0199-C3-158	GEN-X-0199	GEN-001	gender		C3	2	0.5000	name-cued	literary	Aram, our new neighbour, had been waiting at the station since noon.	Aram spoke at noon.	absent				[]		அறம் பேசினான்.|அறம் பேசினாள்.	பேசு	SG	False	True	True	public	NATIVE-CHECK-NAME-1|NATIVE-CHECK-NAME-2
GEN-X-0200-C1-FEM	GEN-X-0200	GEN-001	gender		C1	2	0.5000	name-cued	literary		Akanakai rose at noon.	in_sentence	FEM	அகநகை எழுந்தாள்.	akanakai eḻuntāḷ.	[12, 15]	ாள்	அகரன் எழுந்தான்.	எழு	SG	False	True	True	public	NATIVE-CHECK-NAME-1|NATIVE-CHECK-NAME-2
GEN-X-0200-C1-MASC	GEN-X-0200	GEN-001	gender		C1	2	0.5000	name-cued	literary		Akaran rose at noon.	in_sentence	MASC	அகரன் எழுந்தான்.	akaraṉ eḻuntāṉ.	[12, 15]	ான்	அகநகை எழுந்தாள்.	எழு	SG	False	True	True	public	NATIVE-CHECK-NAME-1|NATIVE-CHECK-NAME-2
GEN-X-0200-C2-FEM	GEN-X-0200	GEN-001	gender		C2	2	0.5000	name-cued	literary	Arul, the girl from my class, finished the essay that night.	Arul rose at noon.	prior_sentence	FEM	அருள் எழுந்தாள்.	aruḷ eḻuntāḷ.	[12, 15]	ாள்	அருள் எழுந்தான்.	எழு	SG	False	True	True	public	NATIVE-CHECK-NAME-1|NATIVE-CHECK-NAME-2
GEN-X-0200-C2-MASC	GEN-X-0200	GEN-001	gender		C2	2	0.5000	name-cued	literary	Arul, the boy from my class, finished the essay that night.	Arul rose at noon.	prior_sentence	MASC	அருள் எழுந்தான்.	aruḷ eḻuntāṉ.	[12, 15]	ான்	அருள் எழுந்தாள்.	எழு	SG	False	True	True	public	NATIVE-CHECK-NAME-1|NATIVE-CHECK-NAME-2
GEN-X-0200-C3-009	GEN-X-0200	GEN-001	gender		C3	2	0.5000	name-cued	literary	Arul, the one from my class, finished the essay that night.	Arul rose at noon.	absent				[]		அருள் எழுந்தான்.|அருள் எழுந்தாள்.	எழு	SG	False	True	True	public	NATIVE-CHECK-NAME-1|NATIVE-CHECK-NAME-2
GEN-X-0200-C3-159	GEN-X-0200	GEN-001	gender		C3	2	0.5000	name-cued	literary	Arul, the one from my class, finished the essay that night.	Arul rose at noon.	absent				[]		அருள் எழுந்தான்.|அருள் எழுந்தாள்.	எழு	SG	False	True	True	public	NATIVE-CHECK-NAME-1|NATIVE-CHECK-NAME-2
GEN-X-0201-C1-FEM	GEN-X-0201	GEN-002	gender		C1	2	0.5000	name-cued	literary		Akanakai sat by the window.	in_sentence	FEM	அகநகை உட்கார்ந்தாள்.	akanakai uṭkārntāḷ.	[16, 19]	ாள்	அகரன் உட்கார்ந்தான்.	உட்கார்	SG	False	True	True	public	NATIVE-CHECK-NAME-1|NATIVE-CHECK-NAME-2
GEN-X-0201-C1-MASC	GEN-X-0201	GEN-002	gender		C1	2	0.5000	name-cued	literary		Akaran sat by the window.	in_sentence	MASC	அகரன் உட்கார்ந்தான்.	akaraṉ uṭkārntāṉ.	[16, 19]	ான்	அகநகை உட்கார்ந்தாள்.	உட்கார்	SG	False	True	True	public	NATIVE-CHECK-NAME-1|NATIVE-CHECK-NAME-2
GEN-X-0201-C2-FEM	GEN-X-0201	GEN-002	gender		C2	2	0.5000	name-cued	literary	Aruli, my niece, came back from the market at dusk.	Aruli sat by the window.	prior_sentence	FEM	அருளி உட்கார்ந்தாள்.	aruḷi uṭkārntāḷ.	[16, 19]	ாள்	அருளி உட்கார்ந்தான்.	உட்கார்	SG	False	True	True	public	NATIVE-CHECK-NAME-1|NATIVE-CHECK-NAME-2
GEN-X-0201-C2-MASC	GEN-X-0201	GEN-002	gender		C2	2	0.5000	name-cued	literary	Aruli, my nephew, came back from the market at dusk.	Aruli sat by the window.	prior_sentence	MASC	அருளி உட்கார்ந்தான்.	aruḷi uṭkārntāṉ.	[16, 19]	ான்	அருளி உட்கார்ந்தாள்.	உட்கார்	SG	False	True	True	public	NATIVE-CHECK-NAME-1|NATIVE-CHECK-NAME-2
GEN-X-0201-C3-010	GEN-X-0201	GEN-002	gender		C3	2	0.5000	name-cued	literary	Aruli, my cousin, came back from the market at dusk.	Aruli sat by the window.	absent				[]		அருளி உட்கார்ந்தான்.|அருளி உட்கார்ந்தாள்.	உட்கார்	SG	False	True	True	public	NATIVE-CHECK-NAME-1|NATIVE-CHECK-NAME-2
GEN-X-0201-C3-160	GEN-X-0201	GEN-002	gender		C3	2	0.5000	name-cued	literary	Aruli, my cousin, came back from the market at dusk.	Aruli sat by the window.	absent				[]		அருளி உட்கார்ந்தான்.|அருளி உட்கார்ந்தாள்.	உட்கார்	SG	False	True	True	public	NATIVE-CHECK-NAME-1|NATIVE-CHECK-NAME-2
GEN-X-0202-C1-FEM	GEN-X-0202	GEN-002	gender		C1	2	0.5000	name-cued	literary		Akanakai climbed by the window.	in_sentence	FEM	அகநகை ஏறினாள்.	akanakai ēṟiṉāḷ.	[10, 13]	ாள்	அகரன் ஏறினான்.	ஏறு	SG	False	True	True	public	NATIVE-CHECK-NAME-1|NATIVE-CHECK-NAME-2
GEN-X-0202-C1-MASC	GEN-X-0202	GEN-002	gender		C1	2	0.5000	name-cued	literary		Akaran climbed by the window.	in_sentence	MASC	அகரன் ஏறினான்.	akaraṉ ēṟiṉāṉ.	[10, 13]	ான்	அகநகை ஏறினாள்.	ஏறு	SG	False	True	True	public	NATIVE-CHECK-NAME-1|NATIVE-CHECK-NAME-2
GEN-X-0202-C2-FEM	GEN-X-0202	GEN-002	gender		C2	2	0.5000	name-cued	literary	Anpu, a young woman from the village, opened the gate for us.	Anpu climbed by the window.	prior_sentence	FEM	அன்பு ஏறினாள்.	aṉpu ēṟiṉāḷ.	[10, 13]	ாள்	அன்பு ஏறினான்.	ஏறு	SG	False	True	True	public	NATIVE-CHECK-NAME-1|NATIVE-CHECK-NAME-2
GEN-X-0202-C2-MASC	GEN-X-0202	GEN-002	gender		C2	2	0.5000	name-cued	literary	Anpu, a young man from the village, opened the gate for us.	Anpu climbed by the window.	prior_sentence	MASC	அன்பு ஏறினான்.	aṉpu ēṟiṉāṉ.	[10, 13]	ான்	அன்பு ஏறினாள்.	ஏறு	SG	False	True	True	public	NATIVE-CHECK-NAME-1|NATIVE-CHECK-NAME-2
GEN-X-0202-C3-011	GEN-X-0202	GEN-002	gender		C3	2	0.5000	name-cued	literary	Anpu, a new arrival from the village, opened the gate for us.	Anpu climbed by the window.	absent				[]		அன்பு ஏறினான்.|அன்பு ஏறினாள்.	ஏறு	SG	False	True	True	public	NATIVE-CHECK-NAME-1|NATIVE-CHECK-NAME-2
GEN-X-0202-C3-161	GEN-X-0202	GEN-002	gender		C3	2	0.5000	name-cued	literary	Anpu, a new arrival from the village, opened the gate for us.	Anpu climbed by the window.	absent				[]		அன்பு ஏறினான்.|அன்பு ஏறினாள்.	ஏறு	SG	False	True	True	public	NATIVE-CHECK-NAME-1|NATIVE-CHECK-NAME-2
GEN-X-0203-C1-FEM	GEN-X-0203	GEN-002	gender		C1	2	0.5000	name-cued	literary		Akanakai descended by the window.	in_sentence	FEM	அகநகை இறங்கினாள்.	akanakai iṟaṅkiṉāḷ.	[13, 16]	ாள்	அகரன் இறங்கினான்.	இறங்கு	SG	False	True	True	public	NATIVE-CHECK-NAME-1|NATIVE-CHECK-NAME-2
GEN-X-0203-C1-MASC	GEN-X-0203	GEN-002	gender		C1	2	0.5000	name-cued	literary		Akaran descended by the window.	in_sentence	MASC	அகரன் இறங்கினான்.	akaraṉ iṟaṅkiṉāṉ.	[13, 16]	ான்	அகநகை இறங்கினாள்.	இறங்கு	SG	False	True	True	public	NATIVE-CHECK-NAME-1|NATIVE-CHECK-NAME-2
GEN-X-0203-C2-FEM	GEN-X-0203	GEN-002	gender		C2	2	0.5000	name-cued	literary	Elil, my daughter, had promised to be there before six.	Elil descended by the window.	prior_sentence	FEM	எழில் இறங்கினாள்.	eḻil iṟaṅkiṉāḷ.	[13, 16]	ாள்	எழில் இறங்கினான்.	இறங்கு	SG	False	True	True	public	NATIVE-CHECK-NAME-1|NATIVE-CHECK-NAME-2
GEN-X-0203-C2-MASC	GEN-X-0203	GEN-002	gender		C2	2	0.5000	name-cued	literary	Elil, my son, had promised to be there before six.	Elil descended by the window.	prior_sentence	MASC	எழில் இறங்கினான்.	eḻil iṟaṅkiṉāṉ.	[13, 16]	ான்	எழில் இறங்கினாள்.	இறங்கு	SG	False	True	True	public	NATIVE-CHECK-NAME-1|NATIVE-CHECK-NAME-2
GEN-X-0203-C3-012	GEN-X-0203	GEN-002	gender		C3	2	0.5000	name-cued	literary	Elil, my child, had promised to be there before six.	Elil descended by the window.	absent				[]		எழில் இறங்கினான்.|எழில் இறங்கினாள்.	இறங்கு	SG	False	True	True	public	NATIVE-CHECK-NAME-1|NATIVE-CHECK-NAME-2
GEN-X-0203-C3-162	GEN-X-0203	GEN-002	gender		C3	2	0.5000	name-cued	literary	Elil, my child, had promised to be there before six.	Elil descended by the window.	absent				[]		எழில் இறங்கினான்.|எழில் இறங்கினாள்.	இறங்கு	SG	False	True	True	public	NATIVE-CHECK-NAME-1|NATIVE-CHECK-NAME-2
GEN-X-0204-C1-FEM	GEN-X-0204	GEN-002	gender		C1	2	0.5000	name-cued	literary		Akanakai went by the window.	in_sentence	FEM	அகநகை சென்றாள்.	akanakai ceṉṟāḷ.	[11, 14]	ாள்	அகரன் சென்றான்.	செல்	SG	False	True	True	public	NATIVE-CHECK-NAME-1|NATIVE-CHECK-NAME-2
GEN-X-0204-C1-MASC	GEN-X-0204	GEN-002	gender		C1	2	0.5000	name-cued	literary		Akaran went by the window.	in_sentence	MASC	அகரன் சென்றான்.	akaraṉ ceṉṟāṉ.	[11, 14]	ான்	அகநகை சென்றாள்.	செல்	SG	False	True	True	public	NATIVE-CHECK-NAME-1|NATIVE-CHECK-NAME-2
GEN-X-0204-C2-FEM	GEN-X-0204	GEN-002	gender		C2	2	0.5000	name-cued	literary	Ilamani, the schoolgirl next door, arrived on Friday without any warning.	Ilamani went by the window.	prior_sentence	FEM	ஈழமணி சென்றாள்.	īḻamaṇi ceṉṟāḷ.	[11, 14]	ாள்	ஈழமணி சென்றான்.	செல்	SG	False	True	True	public	NATIVE-CHECK-NAME-1|NATIVE-CHECK-NAME-2
GEN-X-0204-C2-MASC	GEN-X-0204	GEN-002	gender		C2	2	0.5000	name-cued	literary	Ilamani, the schoolboy next door, arrived on Friday without any warning.	Ilamani went by the window.	prior_sentence	MASC	ஈழமணி சென்றான்.	īḻamaṇi ceṉṟāṉ.	[11, 14]	ான்	ஈழமணி சென்றாள்.	செல்	SG	False	True	True	public	NATIVE-CHECK-NAME-1|NATIVE-CHECK-NAME-2
GEN-X-0204-C3-013	GEN-X-0204	GEN-002	gender		C3	2	0.5000	name-cued	literary	Ilamani, the youngster next door, arrived on Friday without any warning.	Ilamani went by the window.	absent				[]		ஈழமணி சென்றான்.|ஈழமணி சென்றாள்.	செல்	SG	False	True	True	public	NATIVE-CHECK-NAME-1|NATIVE-CHECK-NAME-2
GEN-X-0204-C3-163	GEN-X-0204	GEN-002	gender		C3	2	0.5000	name-cued	literary	Ilamani, the youngster next door, arrived on Friday without any warning.	Ilamani went by the window.	absent				[]		ஈழமணி சென்றான்.|ஈழமணி சென்றாள்.	செல்	SG	False	True	True	public	NATIVE-CHECK-NAME-1|NATIVE-CHECK-NAME-2
GEN-X-0205-C1-FEM	GEN-X-0205	GEN-002	gender		C1	2	0.5000	name-cued	literary		Akanakai moved by the window.	in_sentence	FEM	அகநகை நகர்ந்தாள்.	akanakai nakarntāḷ.	[13, 16]	ாள்	அகரன் நகர்ந்தான்.	நகர்	SG	False	True	True	public	NATIVE-CHECK-NAME-1|NATIVE-CHECK-NAME-2
GEN-X-0205-C1-MASC	GEN-X-0205	GEN-002	gender		C1	2	0.5000	name-cued	literary		Akaran moved by the window.	in_sentence	MASC	அகரன் நகர்ந்தான்.	akaraṉ nakarntāṉ.	[13, 16]	ான்	அகநகை நகர்ந்தாள்.	நகர்	SG	False	True	True	public	NATIVE-CHECK-NAME-1|NATIVE-CHECK-NAME-2
GEN-X-0205-C2-FEM	GEN-X-0205	GEN-002	gender		C2	2	0.5000	name-cued	literary	Tavamani, a girl of about ten, joined the class in June.	Tavamani moved by the window.	prior_sentence	FEM	தவமணி நகர்ந்தாள்.	tavamaṇi nakarntāḷ.	[13, 16]	ாள்	தவமணி நகர்ந்தான்.	நகர்	SG	False	True	True	public	NATIVE-CHECK-NAME-1|NATIVE-CHECK-NAME-2
GEN-X-0205-C2-MASC	GEN-X-0205	GEN-002	gender		C2	2	0.5000	name-cued	literary	Tavamani, a boy of about ten, joined the class in June.	Tavamani moved by the window.	prior_sentence	MASC	தவமணி நகர்ந்தான்.	tavamaṇi nakarntāṉ.	[13, 16]	ான்	தவமணி நகர்ந்தாள்.	நகர்	SG	False	True	True	public	NATIVE-CHECK-NAME-1|NATIVE-CHECK-NAME-2
GEN-X-0205-C3-014	GEN-X-0205	GEN-002	gender		C3	2	0.5000	name-cued	literary	Tavamani, a child of about ten, joined the class in June.	Tavamani moved by the window.	absent				[]		தவமணி நகர்ந்தான்.|தவமணி நகர்ந்தாள்.	நகர்	SG	False	True	True	public	NATIVE-CHECK-NAME-1|NATIVE-CHECK-NAME-2
GEN-X-0205-C3-164	GEN-X-0205	GEN-002	gender		C3	2	0.5000	name-cued	literary	Tavamani, a child of about ten, joined the class in June.	Tavamani moved by the window.	absent				[]		தவமணி நகர்ந்தான்.|தவமணி நகர்ந்தாள்.	நகர்	SG	False	True	True	public	NATIVE-CHECK-NAME-1|NATIVE-CHECK-NAME-2
GEN-X-0206-C1-FEM	GEN-X-0206	GEN-002	gender		C1	2	0.5000	name-cued	literary		Akanakai jumped by the window.	in_sentence	FEM	அகநகை குதித்தாள்.	akanakai kutittāḷ.	[13, 16]	ாள்	அகரன் குதித்தான்.	குதி	SG	False	True	True	public	NATIVE-CHECK-NAME-1|NATIVE-CHECK-NAME-2
GEN-X-0206-C1-MASC	GEN-X-0206	GEN-002	gender		C1	2	0.5000	name-cued	literary		Akaran jumped by the window.	in_sentence	MASC	அகரன் குதித்தான்.	akaraṉ kutittāṉ.	[13, 16]	ான்	அகநகை குதித்தாள்.	குதி	SG	False	True	True	public	NATIVE-CHECK-NAME-1|NATIVE-CHECK-NAME-2
GEN-X-0206-C2-FEM	GEN-X-0206	GEN-002	gender		C2	2	0.5000	name-cued	literary	Mani, a girl in my class, sat by the window through the meeting.	Mani jumped by the window.	prior_sentence	FEM	மணி குதித்தாள்.	maṇi kutittāḷ.	[11, 14]	ாள்	மணி குதித்தான்.	குதி	SG	False	True	True	public	NATIVE-CHECK-NAME-1|NATIVE-CHECK-NAME-2
GEN-X-0206-C2-MASC	GEN-X-0206	GEN-002	gender		C2	2	0.5000	name-cued	literary	Mani, a boy in my class, sat by the window through the meeting.	Mani jumped by the window.	prior_sentence	MASC	மணி குதித்தான்.	maṇi kutittāṉ.	[11, 14]	ான்	மணி குதித்தாள்.	குதி	SG	False	True	True	public	NATIVE-CHECK-NAME-1|NATIVE-CHECK-NAME-2
GEN-X-0206-C3-015	GEN-X-0206	GEN-002	gender		C3	2	0.5000	name-cued	literary	Mani, a pupil in my class, sat by the window through the meeting.	Mani jumped by the window.	absent				[]		மணி குதித்தான்.|மணி குதித்தாள்.	குதி	SG	False	True	True	public	NATIVE-CHECK-NAME-1|NATIVE-CHECK-NAME-2
GEN-X-0206-C3-165	GEN-X-0206	GEN-002	gender		C3	2	0.5000	name-cued	literary	Mani, a pupil in my class, sat by the window through the meeting.	Mani jumped by the window.	absent				[]		மணி குதித்தான்.|மணி குதித்தாள்.	குதி	SG	False	True	True	public	NATIVE-CHECK-NAME-1|NATIVE-CHECK-NAME-2
GEN-X-0207-C1-FEM	GEN-X-0207	GEN-002	gender		C1	2	0.5000	name-cued	literary		Akanakai smiled by the window.	in_sentence	FEM	அகநகை நகைத்தாள்.	akanakai nakaittāḷ.	[12, 15]	ாள்	அகரன் நகைத்தான்.	நகை	SG	False	True	True	public	NATIVE-CHECK-NAME-1|NATIVE-CHECK-NAME-2
GEN-X-0207-C1-MASC	GEN-X-0207	GEN-002	gender		C1	2	0.5000	name-cued	literary		Akaran smiled by the window.	in_sentence	MASC	அகரன் நகைத்தான்.	akaraṉ nakaittāṉ.	[12, 15]	ான்	அகநகை நகைத்தாள்.	நகை	SG	False	True	True	public	NATIVE-CHECK-NAME-1|NATIVE-CHECK-NAME-2
GEN-X-0207-C2-FEM	GEN-X-0207	GEN-002	gender		C2	2	0.5000	name-cued	literary	Aram, my younger sister, had been waiting at the station since noon.	Aram smiled by the window.	prior_sentence	FEM	அறம் நகைத்தாள்.	aṟam nakaittāḷ.	[11, 14]	ாள்	அறம் நகைத்தான்.	நகை	SG	False	True	True	public	NATIVE-CHECK-NAME-1|NATIVE-CHECK-NAME-2
GEN-X-0207-C2-MASC	GEN-X-0207	GEN-002	gender		C2	2	0.5000	name-cued	literary	Aram, my younger brother, had been waiting at the station since noon.	Aram smiled by the window.	prior_sentence	MASC	அறம் நகைத்தான்.	aṟam nakaittāṉ.	[11, 14]	ான்	அறம் நகைத்தாள்.	நகை	SG	False	True	True	public	NATIVE-CHECK-NAME-1|NATIVE-CHECK-NAME-2
GEN-X-0207-C3-016	GEN-X-0207	GEN-002	gender		C3	2	0.5000	name-cued	literary	Aram, our new neighbour, had been waiting at the station since noon.	Aram smiled by the window.	absent				[]		அறம் நகைத்தான்.|அறம் நகைத்தாள்.	நகை	SG	False	True	True	public	NATIVE-CHECK-NAME-1|NATIVE-CHECK-NAME-2
GEN-X-0207-C3-166	GEN-X-0207	GEN-002	gender		C3	2	0.5000	name-cued	literary	Aram, our new neighbour, had been waiting at the station since noon.	Aram smiled by the window.	absent				[]		அறம் நகைத்தான்.|அறம் நகைத்தாள்.	நகை	SG	False	True	True	public	NATIVE-CHECK-NAME-1|NATIVE-CHECK-NAME-2
GEN-X-0208-C1-FEM	GEN-X-0208	GEN-002	gender		C1	2	0.5000	name-cued	literary		Akanakai feared by the window.	in_sentence	FEM	அகநகை அஞ்சினாள்.	akanakai añciṉāḷ.	[12, 15]	ாள்	அகரன் அஞ்சினான்.	அஞ்சு	SG	False	True	True	public	NATIVE-CHECK-NAME-1|NATIVE-CHECK-NAME-2
GEN-X-0208-C1-MASC	GEN-X-0208	GEN-002	gender		C1	2	0.5000	name-cued	literary		Akaran feared by the window.	in_sentence	MASC	அகரன் அஞ்சினான்.	akaraṉ añciṉāṉ.	[12, 15]	ான்	அகநகை அஞ்சினாள்.	அஞ்சு	SG	False	True	True	public	NATIVE-CHECK-NAME-1|NATIVE-CHECK-NAME-2
GEN-X-0208-C2-FEM	GEN-X-0208	GEN-002	gender		C2	2	0.5000	name-cued	literary	Arul, the girl from my class, finished the essay that night.	Arul feared by the window.	prior_sentence	FEM	அருள் அஞ்சினாள்.	aruḷ añciṉāḷ.	[12, 15]	ாள்	அருள் அஞ்சினான்.	அஞ்சு	SG	False	True	True	public	NATIVE-CHECK-NAME-1|NATIVE-CHECK-NAME-2
GEN-X-0208-C2-MASC	GEN-X-0208	GEN-002	gender		C2	2	0.5000	name-cued	literary	Arul, the boy from my class, finished the essay that night.	Arul feared by the window.	prior_sentence	MASC	அருள் அஞ்சினான்.	aruḷ añciṉāṉ.	[12, 15]	ான்	அருள் அஞ்சினாள்.	அஞ்சு	SG	False	True	True	public	NATIVE-CHECK-NAME-1|NATIVE-CHECK-NAME-2
GEN-X-0208-C3-017	GEN-X-0208	GEN-002	gender		C3	2	0.5000	name-cued	literary	Arul, the one from my class, finished the essay that night.	Arul feared by the window.	absent				[]		அருள் அஞ்சினான்.|அருள் அஞ்சினாள்.	அஞ்சு	SG	False	True	True	public	NATIVE-CHECK-NAME-1|NATIVE-CHECK-NAME-2
GEN-X-0208-C3-167	GEN-X-0208	GEN-002	gender		C3	2	0.5000	name-cued	literary	Arul, the one from my class, finished the essay that night.	Arul feared by the window.	absent				[]		அருள் அஞ்சினான்.|அருள் அஞ்சினாள்.	அஞ்சு	SG	False	True	True	public	NATIVE-CHECK-NAME-1|NATIVE-CHECK-NAME-2
GEN-X-0209-C1-FEM	GEN-X-0209	GEN-002	gender		C1	2	0.5000	name-cued	literary		Aruvi came by the window.	in_sentence	FEM	அருவி வந்தாள்.	aruvi vantāḷ.	[10, 13]	ாள்	அஞ்சி வந்தான்.	வா	SG	False	True	True	public	NATIVE-CHECK-NAME-1|NATIVE-CHECK-NAME-2
GEN-X-0209-C1-MASC	GEN-X-0209	GEN-002	gender		C1	2	0.5000	name-cued	literary		Anci came by the window.	in_sentence	MASC	அஞ்சி வந்தான்.	añci vantāṉ.	[10, 13]	ான்	அருவி வந்தாள்.	வா	SG	False	True	True	public	NATIVE-CHECK-NAME-1|NATIVE-CHECK-NAME-2
GEN-X-0209-C2-FEM	GEN-X-0209	GEN-002	gender		C2	2	0.5000	name-cued	literary	Aruli, my niece, came back from the market at dusk.	Aruli came by the window.	prior_sentence	FEM	அருளி வந்தாள்.	aruḷi vantāḷ.	[10, 13]	ாள்	அருளி வந்தான்.	வா	SG	False	True	True	public	NATIVE-CHECK-NAME-1|NATIVE-CHECK-NAME-2
GEN-X-0209-C2-MASC	GEN-X-0209	GEN-002	gender		C2	2	0.5000	name-cued	literary	Aruli, my nephew, came back from the market at dusk.	Aruli came by the window.	prior_sentence	MASC	அருளி வந்தான்.	aruḷi vantāṉ.	[10, 13]	ான்	அருளி வந்தாள்.	வா	SG	False	True	True	public	NATIVE-CHECK-NAME-1|NATIVE-CHECK-NAME-2
GEN-X-0209-C3-018	GEN-X-0209	GEN-002	gender		C3	2	0.5000	name-cued	literary	Aruli, my cousin, came back from the market at dusk.	Aruli came by the window.	absent				[]		அருளி வந்தான்.|அருளி வந்தாள்.	வா	SG	False	True	True	public	NATIVE-CHECK-NAME-1|NATIVE-CHECK-NAME-2
GEN-X-0209-C3-168	GEN-X-0209	GEN-002	gender		C3	2	0.5000	name-cued	literary	Aruli, my cousin, came back from the market at dusk.	Aruli came by the window.	absent				[]		அருளி வந்தான்.|அருளி வந்தாள்.	வா	SG	False	True	True	public	NATIVE-CHECK-NAME-1|NATIVE-CHECK-NAME-2
GEN-X-0210-C1-FEM	GEN-X-0210	GEN-002	gender		C1	2	0.5000	name-cued	literary		Aruvi ran by the window.	in_sentence	FEM	அருவி ஓடினாள்.	aruvi ōṭiṉāḷ.	[10, 13]	ாள்	அஞ்சி ஓடினான்.	ஓடு	SG	False	True	True	public	NATIVE-CHECK-NAME-1|NATIVE-CHECK-NAME-2
GEN-X-0210-C1-MASC	GEN-X-0210	GEN-002	gender		C1	2	0.5000	name-cued	literary		Anci ran by the window.	in_sentence	MASC	அஞ்சி ஓடினான்.	añci ōṭiṉāṉ.	[10, 13]	ான்	அருவி ஓடினாள்.	ஓடு	SG	False	True	True	public	NATIVE-CHECK-NAME-1|NATIVE-CHECK-NAME-2
GEN-X-0210-C2-FEM	GEN-X-0210	GEN-002	gender		C2	2	0.5000	name-cued	literary	Anpu, a young woman from the village, opened the gate for us.	Anpu ran by the window.	prior_sentence	FEM	அன்பு ஓடினாள்.	aṉpu ōṭiṉāḷ.	[10, 13]	ாள்	அன்பு ஓடினான்.	ஓடு	SG	False	True	True	public	NATIVE-CHECK-NAME-1|NATIVE-CHECK-NAME-2
GEN-X-0210-C2-MASC	GEN-X-0210	GEN-002	gender		C2	2	0.5000	name-cued	literary	Anpu, a young man from the village, opened the gate for us.	Anpu ran by the window.	prior_sentence	MASC	அன்பு ஓடினான்.	aṉpu ōṭiṉāṉ.	[10, 13]	ான்	அன்பு ஓடினாள்.	ஓடு	SG	False	True	True	public	NATIVE-CHECK-NAME-1|NATIVE-CHECK-NAME-2
GEN-X-0210-C3-019	GEN-X-0210	GEN-002	gender		C3	2	0.5000	name-cued	literary	Anpu, a new arrival from the village, opened the gate for us.	Anpu ran by the window.	absent				[]		அன்பு ஓடினான்.|அன்பு ஓடினாள்.	ஓடு	SG	False	True	True	public	NATIVE-CHECK-NAME-1|NATIVE-CHECK-NAME-2
GEN-X-0210-C3-169	GEN-X-0210	GEN-002	gender		C3	2	0.5000	name-cued	literary	Anpu, a new arrival from the village, opened the gate for us.	Anpu ran by the window.	absent				[]		அன்பு ஓடினான்.|அன்பு ஓடினாள்.	ஓடு	SG	False	True	True	public	NATIVE-CHECK-NAME-1|NATIVE-CHECK-NAME-2
GEN-X-0211-C1-FEM	GEN-X-0211	GEN-003	gender		C1	2	0.5000	name-cued	literary		Aruvi walked on the way home.	in_sentence	FEM	அருவி நடந்தாள்.	aruvi naṭantāḷ.	[11, 14]	ாள்	அஞ்சி நடந்தான்.	நட	SG	False	True	True	public	NATIVE-CHECK-NAME-1|NATIVE-CHECK-NAME-2
GEN-X-0211-C1-MASC	GEN-X-0211	GEN-003	gender		C1	2	0.5000	name-cued	literary		Anci walked on the way home.	in_sentence	MASC	அஞ்சி நடந்தான்.	añci naṭantāṉ.	[11, 14]	ான்	அருவி நடந்தாள்.	நட	SG	False	True	True	public	NATIVE-CHECK-NAME-1|NATIVE-CHECK-NAME-2
GEN-X-0211-C2-FEM	GEN-X-0211	GEN-003	gender		C2	2	0.5000	name-cued	literary	Elil, my daughter, had promised to be there before six.	Elil walked on the way home.	prior_sentence	FEM	எழில் நடந்தாள்.	eḻil naṭantāḷ.	[11, 14]	ாள்	எழில் நடந்தான்.	நட	SG	False	True	True	public	NATIVE-CHECK-NAME-1|NATIVE-CHECK-NAME-2
GEN-X-0211-C2-MASC	GEN-X-0211	GEN-003	gender		C2	2	0.5000	name-cued	literary	Elil, my son, had promised to be there before six.	Elil walked on the way home.	prior_sentence	MASC	எழில் நடந்தான்.	eḻil naṭantāṉ.	[11, 14]	ான்	எழில் நடந்தாள்.	நட	SG	False	True	True	public	NATIVE-CHECK-NAME-1|NATIVE-CHECK-NAME-2
GEN-X-0211-C3-020	GEN-X-0211	GEN-003	gender		C3	2	0.5000	name-cued	literary	Elil, my child, had promised to be there before six.	Elil walked on the way home.	absent				[]		எழில் நடந்தான்.|எழில் நடந்தாள்.	நட	SG	False	True	True	public	NATIVE-CHECK-NAME-1|NATIVE-CHECK-NAME-2
GEN-X-0211-C3-170	GEN-X-0211	GEN-003	gender		C3	2	0.5000	name-cued	literary	Elil, my child, had promised to be there before six.	Elil walked on the way home.	absent				[]		எழில் நடந்தான்.|எழில் நடந்தாள்.	நட	SG	False	True	True	public	NATIVE-CHECK-NAME-1|NATIVE-CHECK-NAME-2
GEN-X-0212-C1-FEM	GEN-X-0212	GEN-003	gender		C1	2	0.5000	name-cued	literary		Aruvi played on the way home.	in_sentence	FEM	அருவி விளையாடினாள்.	aruvi viḷaiyāṭiṉāḷ.	[15, 18]	ாள்	அஞ்சி விளையாடினான்.	விளையாடு	SG	False	True	True	public	NATIVE-CHECK-NAME-1|NATIVE-CHECK-NAME-2
GEN-X-0212-C1-MASC	GEN-X-0212	GEN-003	gender		C1	2	0.5000	name-cued	literary		Anci played on the way home.	in_sentence	MASC	அஞ்சி விளையாடினான்.	añci viḷaiyāṭiṉāṉ.	[15, 18]	ான்	அருவி விளையாடினாள்.	விளையாடு	SG	False	True	True	public	NATIVE-CHECK-NAME-1|NATIVE-CHECK-NAME-2
GEN-X-0212-C2-FEM	GEN-X-0212	GEN-003	gender		C2	2	0.5000	name-cued	literary	Ilamani, the schoolgirl next door, arrived on Friday without any warning.	Ilamani played on the way home.	prior_sentence	FEM	ஈழமணி விளையாடினாள்.	īḻamaṇi viḷaiyāṭiṉāḷ.	[15, 18]	ாள்	ஈழமணி விளையாடினான்.	விளையாடு	SG	False	True	True	public	NATIVE-CHECK-NAME-1|NATIVE-CHECK-NAME-2
GEN-X-0212-C2-MASC	GEN-X-0212	GEN-003	gender		C2	2	0.5000	name-cued	literary	Ilamani, the schoolboy next door, arrived on Friday without any warning.	Ilamani played on the way home.	prior_sentence	MASC	ஈழமணி விளையாடினான்.	īḻamaṇi viḷaiyāṭiṉāṉ.	[15, 18]	ான்	ஈழமணி விளையாடினாள்.	விளையாடு	SG	False	True	True	public	NATIVE-CHECK-NAME-1|NATIVE-CHECK-NAME-2
GEN-X-0212-C3-021	GEN-X-0212	GEN-003	gender		C3	2	0.5000	name-cued	literary	Ilamani, the youngster next door, arrived on Friday without any warning.	Ilamani played on the way home.	absent				[]		ஈழமணி விளையாடினான்.|ஈழமணி விளையாடினாள்.	விளையாடு	SG	False	True	True	public	NATIVE-CHECK-NAME-1|NATIVE-CHECK-NAME-2
GEN-X-0212-C3-171	GEN-X-0212	GEN-003	gender		C3	2	0.5000	name-cued	literary	Ilamani, the youngster next door, arrived on Friday without any warning.	Ilamani played on the way home.	absent				[]		ஈழமணி விளையாடினான்.|ஈழமணி விளையாடினாள்.	விளையாடு	SG	False	True	True	public	NATIVE-CHECK-NAME-1|NATIVE-CHECK-NAME-2
GEN-X-0213-C1-FEM	GEN-X-0213	GEN-003	gender		C1	2	0.5000	name-cued	literary		Aruvi cried on the way home.	in_sentence	FEM	அருவி அழுதாள்.	aruvi aḻutāḷ.	[10, 13]	ாள்	அஞ்சி அழுதான்.	அழு	SG	False	True	True	public	NATIVE-CHECK-NAME-1|NATIVE-CHECK-NAME-2
GEN-X-0213-C1-MASC	GEN-X-0213	GEN-003	gender		C1	2	0.5000	name-cued	literary		Anci cried on the way home.	in_sentence	MASC	அஞ்சி அழுதான்.	añci aḻutāṉ.	[10, 13]	ான்	அருவி அழுதாள்.	அழு	SG	False	True	True	public	NATIVE-CHECK-NAME-1|NATIVE-CHECK-NAME-2
GEN-X-0213-C2-FEM	GEN-X-0213	GEN-003	gender		C2	2	0.5000	name-cued	literary	Tavamani, a girl of about ten, joined the class in June.	Tavamani cried on the way home.	prior_sentence	FEM	தவமணி அழுதாள்.	tavamaṇi aḻutāḷ.	[10, 13]	ாள்	தவமணி அழுதான்.	அழு	SG	False	True	True	public	NATIVE-CHECK-NAME-1|NATIVE-CHECK-NAME-2
GEN-X-0213-C2-MASC	GEN-X-0213	GEN-003	gender		C2	2	0.5000	name-cued	literary	Tavamani, a boy of about ten, joined the class in June.	Tavamani cried on the way home.	prior_sentence	MASC	தவமணி அழுதான்.	tavamaṇi aḻutāṉ.	[10, 13]	ான்	தவமணி அழுதாள்.	அழு	SG	False	True	True	public	NATIVE-CHECK-NAME-1|NATIVE-CHECK-NAME-2
GEN-X-0213-C3-022	GEN-X-0213	GEN-003	gender		C3	2	0.5000	name-cued	literary	Tavamani, a child of about ten, joined the class in June.	Tavamani cried on the way home.	absent				[]		தவமணி அழுதான்.|தவமணி அழுதாள்.	அழு	SG	False	True	True	public	NATIVE-CHECK-NAME-1|NATIVE-CHECK-NAME-2
GEN-X-0213-C3-172	GEN-X-0213	GEN-003	gender		C3	2	0.5000	name-cued	literary	Tavamani, a child of about ten, joined the class in June.	Tavamani cried on the way home.	absent				[]		தவமணி அழுதான்.|தவமணி அழுதாள்.	அழு	SG	False	True	True	public	NATIVE-CHECK-NAME-1|NATIVE-CHECK-NAME-2
GEN-X-0214-C1-FEM	GEN-X-0214	GEN-003	gender		C1	2	0.5000	name-cued	literary		Aruvi laughed on the way home.	in_sentence	FEM	அருவி சிரித்தாள்.	aruvi cirittāḷ.	[13, 16]	ாள்	அஞ்சி சிரித்தான்.	சிரி	SG	False	True	True	public	NATIVE-CHECK-NAME-1|NATIVE-CHECK-NAME-2
GEN-X-0214-C1-MASC	GEN-X-0214	GEN-003	gender		C1	2	0.5000	name-cued	literary		Anci laughed on the way home.	in_sentence	MASC	அஞ்சி சிரித்தான்.	añci cirittāṉ.	[13, 16]	ான்	அருவி சிரித்தாள்.	சிரி	SG	False	True	True	public	NATIVE-CHECK-NAME-1|NATIVE-CHECK-NAME-2
GEN-X-0214-C2-FEM	GEN-X-0214	GEN-003	gender		C2	2	0.5000	name-cued	literary	Mani, a girl in my class, sat by the window through the meeting.	Mani laughed on the way home.	prior_sentence	FEM	மணி சிரித்தாள்.	maṇi cirittāḷ.	[11, 14]	ாள்	மணி சிரித்தான்.	சிரி	SG	False	True	True	public	NATIVE-CHECK-NAME-1|NATIVE-CHECK-NAME-2
GEN-X-0214-C2-MASC	GEN-X-0214	GEN-003	gender		C2	2	0.5000	name-cued	literary	Mani, a boy in my class, sat by the window through the meeting.	Mani laughed on the way home.	prior_sentence	MASC	மணி சிரித்தான்.	maṇi cirittāṉ.	[11, 14]	ான்	மணி சிரித்தாள்.	சிரி	SG	False	True	True	public	NATIVE-CHECK-NAME-1|NATIVE-CHECK-NAME-2
GEN-X-0214-C3-023	GEN-X-0214	GEN-003	gender		C3	2	0.5000	name-cued	literary	Mani, a pupil in my class, sat by the window through the meeting.	Mani laughed on the way home.	absent				[]		மணி சிரித்தான்.|மணி சிரித்தாள்.	சிரி	SG	False	True	True	public	NATIVE-CHECK-NAME-1|NATIVE-CHECK-NAME-2
GEN-X-0214-C3-173	GEN-X-0214	GEN-003	gender		C3	2	0.5000	name-cued	literary	Mani, a pupil in my class, sat by the window through the meeting.	Mani laughed on the way home.	absent				[]		மணி சிரித்தான்.|மணி சிரித்தாள்.	சிரி	SG	False	True	True	public	NATIVE-CHECK-NAME-1|NATIVE-CHECK-NAME-2
GEN-X-0215-C1-FEM	GEN-X-0215	GEN-003	gender		C1	2	0.5000	name-cued	literary		Aruvi flew on the way home.	in_sentence	FEM	அருவி பறந்தாள்.	aruvi paṟantāḷ.	[11, 14]	ாள்	அஞ்சி பறந்தான்.	பற	SG	False	True	True	public	NATIVE-CHECK-NAME-1|NATIVE-CHECK-NAME-2
GEN-X-0215-C1-MASC	GEN-X-0215	GEN-003	gender		C1	2	0.5000	name-cued	literary		Anci flew on the way home.	in_sentence	MASC	அஞ்சி பறந்தான்.	añci paṟantāṉ.	[11, 14]	ான்	அருவி பறந்தாள்.	பற	SG	False	True	True	public	NATIVE-CHECK-NAME-1|NATIVE-CHECK-NAME-2
GEN-X-0215-C2-FEM	GEN-X-0215	GEN-003	gender		C2	2	0.5000	name-cued	literary	Aram, my younger sister, had been waiting at the station since noon.	Aram flew on the way home.	prior_sentence	FEM	அறம் பறந்தாள்.	aṟam paṟantāḷ.	[10, 13]	ாள்	அறம் பறந்தான்.	பற	SG	False	True	True	public	NATIVE-CHECK-NAME-1|NATIVE-CHECK-NAME-2
GEN-X-0215-C2-MASC	GEN-X-0215	GEN-003	gender		C2	2	0.5000	name-cued	literary	Aram, my younger brother, had been waiting at the station since noon.	Aram flew on the way home.	prior_sentence	MASC	அறம் பறந்தான்.	aṟam paṟantāṉ.	[10, 13]	ான்	அறம் பறந்தாள்.	பற	SG	False	True	True	public	NATIVE-CHECK-NAME-1|NATIVE-CHECK-NAME-2
GEN-X-0215-C3-024	GEN-X-0215	GEN-003	gender		C3	2	0.5000	name-cued	literary	Aram, our new neighbour, had been waiting at the station since noon.	Aram flew on the way home.	absent				[]		அறம் பறந்தான்.|அறம் பறந்தாள்.	பற	SG	False	True	True	public	NATIVE-CHECK-NAME-1|NATIVE-CHECK-NAME-2
GEN-X-0215-C3-174	GEN-X-0215	GEN-003	gender		C3	2	0.5000	name-cued	literary	Aram, our new neighbour, had been waiting at the station since noon.	Aram flew on the way home.	absent				[]		அறம் பறந்தான்.|அறம் பறந்தாள்.	பற	SG	False	True	True	public	NATIVE-CHECK-NAME-1|NATIVE-CHECK-NAME-2
GEN-X-0216-C1-FEM	GEN-X-0216	GEN-003	gender		C1	2	0.5000	name-cued	literary		Aruvi swam on the way home.	in_sentence	FEM	அருவி நீந்தினாள்.	aruvi nīntiṉāḷ.	[13, 16]	ாள்	அஞ்சி நீந்தினான்.	நீந்து	SG	False	True	True	public	NATIVE-CHECK-NAME-1|NATIVE-CHECK-NAME-2
GEN-X-0216-C1-MASC	GEN-X-0216	GEN-003	gender		C1	2	0.5000	name-cued	literary		Anci swam on the way home.	in_sentence	MASC	அஞ்சி நீந்தினான்.	añci nīntiṉāṉ.	[13, 16]	ான்	அருவி நீந்தினாள்.	நீந்து	SG	False	True	True	public	NATIVE-CHECK-NAME-1|NATIVE-CHECK-NAME-2
GEN-X-0216-C2-FEM	GEN-X-0216	GEN-003	gender		C2	2	0.5000	name-cued	literary	Arul, the girl from my class, finished the essay that night.	Arul swam on the way home.	prior_sentence	FEM	அருள் நீந்தினாள்.	aruḷ nīntiṉāḷ.	[13, 16]	ாள்	அருள் நீந்தினான்.	நீந்து	SG	False	True	True	public	NATIVE-CHECK-NAME-1|NATIVE-CHECK-NAME-2
GEN-X-0216-C2-MASC	GEN-X-0216	GEN-003	gender		C2	2	0.5000	name-cued	literary	Arul, the boy from my class, finished the essay that night.	Arul swam on the way home.	prior_sentence	MASC	அருள் நீந்தினான்.	aruḷ nīntiṉāṉ.	[13, 16]	ான்	அருள் நீந்தினாள்.	நீந்து	SG	False	True	True	public	NATIVE-CHECK-NAME-1|NATIVE-CHECK-NAME-2
GEN-X-0216-C3-025	GEN-X-0216	GEN-003	gender		C3	2	0.5000	name-cued	literary	Arul, the one from my class, finished the essay that night.	Arul swam on the way home.	absent				[]		அருள் நீந்தினான்.|அருள் நீந்தினாள்.	நீந்து	SG	False	True	True	public	NATIVE-CHECK-NAME-1|NATIVE-CHECK-NAME-2
GEN-X-0216-C3-175	GEN-X-0216	GEN-003	gender		C3	2	0.5000	name-cued	literary	Arul, the one from my class, finished the essay that night.	Arul swam on the way home.	absent				[]		அருள் நீந்தினான்.|அருள் நீந்தினாள்.	நீந்து	SG	False	True	True	public	NATIVE-CHECK-NAME-1|NATIVE-CHECK-NAME-2
GEN-X-0217-C1-FEM	GEN-X-0217	GEN-003	gender		C1	2	0.5000	name-cued	literary		Aruvi spoke on the way home.	in_sentence	FEM	அருவி பேசினாள்.	aruvi pēciṉāḷ.	[11, 14]	ாள்	அஞ்சி பேசினான்.	பேசு	SG	False	True	True	public	NATIVE-CHECK-NAME-1|NATIVE-CHECK-NAME-2
GEN-X-0217-C1-MASC	GEN-X-0217	GEN-003	gender		C1	2	0.5000	name-cued	literary		Anci spoke on the way home.	in_sentence	MASC	அஞ்சி பேசினான்.	añci pēciṉāṉ.	[11, 14]	ான்	அருவி பேசினாள்.	பேசு	SG	False	True	True	public	NATIVE-CHECK-NAME-1|NATIVE-CHECK-NAME-2
GEN-X-0217-C2-FEM	GEN-X-0217	GEN-003	gender		C2	2	0.5000	name-cued	literary	Aruli, my niece, came back from the market at dusk.	Aruli spoke on the way home.	prior_sentence	FEM	அருளி பேசினாள்.	aruḷi pēciṉāḷ.	[11, 14]	ாள்	அருளி பேசினான்.	பேசு	SG	False	True	True	public	NATIVE-CHECK-NAME-1|NATIVE-CHECK-NAME-2
GEN-X-0217-C2-MASC	GEN-X-0217	GEN-003	gender		C2	2	0.5000	name-cued	literary	Aruli, my nephew, came back from the market at dusk.	Aruli spoke on the way home.	prior_sentence	MASC	அருளி பேசினான்.	aruḷi pēciṉāṉ.	[11, 14]	ான்	அருளி பேசினாள்.	பேசு	SG	False	True	True	public	NATIVE-CHECK-NAME-1|NATIVE-CHECK-NAME-2
GEN-X-0217-C3-026	GEN-X-0217	GEN-003	gender		C3	2	0.5000	name-cued	literary	Aruli, my cousin, came back from the market at dusk.	Aruli spoke on the way home.	absent				[]		அருளி பேசினான்.|அருளி பேசினாள்.	பேசு	SG	False	True	True	public	NATIVE-CHECK-NAME-1|NATIVE-CHECK-NAME-2
GEN-X-0217-C3-176	GEN-X-0217	GEN-003	gender		C3	2	0.5000	name-cued	literary	Aruli, my cousin, came back from the market at dusk.	Aruli spoke on the way home.	absent				[]		அருளி பேசினான்.|அருளி பேசினாள்.	பேசு	SG	False	True	True	public	NATIVE-CHECK-NAME-1|NATIVE-CHECK-NAME-2
GEN-X-0218-C1-FEM	GEN-X-0218	GEN-003	gender		C1	2	0.5000	name-cued	literary		Aruvi rose on the way home.	in_sentence	FEM	அருவி எழுந்தாள்.	aruvi eḻuntāḷ.	[12, 15]	ாள்	அஞ்சி எழுந்தான்.	எழு	SG	False	True	True	public	NATIVE-CHECK-NAME-1|NATIVE-CHECK-NAME-2
GEN-X-0218-C1-MASC	GEN-X-0218	GEN-003	gender		C1	2	0.5000	name-cued	literary		Anci rose on the way home.	in_sentence	MASC	அஞ்சி எழுந்தான்.	añci eḻuntāṉ.	[12, 15]	ான்	அருவி எழுந்தாள்.	எழு	SG	False	True	True	public	NATIVE-CHECK-NAME-1|NATIVE-CHECK-NAME-2
GEN-X-0218-C2-FEM	GEN-X-0218	GEN-003	gender		C2	2	0.5000	name-cued	literary	Anpu, a young woman from the village, opened the gate for us.	Anpu rose on the way home.	prior_sentence	FEM	அன்பு எழுந்தாள்.	aṉpu eḻuntāḷ.	[12, 15]	ாள்	அன்பு எழுந்தான்.	எழு	SG	False	True	True	public	NATIVE-CHECK-NAME-1|NATIVE-CHECK-NAME-2
GEN-X-0218-C2-MASC	GEN-X-0218	GEN-003	gender		C2	2	0.5000	name-cued	literary	Anpu, a young man from the village, opened the gate for us.	Anpu rose on the way home.	prior_sentence	MASC	அன்பு எழுந்தான்.	aṉpu eḻuntāṉ.	[12, 15]	ான்	அன்பு எழுந்தாள்.	எழு	SG	False	True	True	public	NATIVE-CHECK-NAME-1|NATIVE-CHECK-NAME-2
GEN-X-0218-C3-027	GEN-X-0218	GEN-003	gender		C3	2	0.5000	name-cued	literary	Anpu, a new arrival from the village, opened the gate for us.	Anpu rose on the way home.	absent				[]		அன்பு எழுந்தான்.|அன்பு எழுந்தாள்.	எழு	SG	False	True	True	public	NATIVE-CHECK-NAME-1|NATIVE-CHECK-NAME-2
GEN-X-0218-C3-177	GEN-X-0218	GEN-003	gender		C3	2	0.5000	name-cued	literary	Anpu, a new arrival from the village, opened the gate for us.	Anpu rose on the way home.	absent				[]		அன்பு எழுந்தான்.|அன்பு எழுந்தாள்.	எழு	SG	False	True	True	public	NATIVE-CHECK-NAME-1|NATIVE-CHECK-NAME-2
GEN-X-0219-C1-FEM	GEN-X-0219	GEN-003	gender		C1	2	0.5000	name-cued	literary		Aruvi sat on the way home.	in_sentence	FEM	அருவி உட்கார்ந்தாள்.	aruvi uṭkārntāḷ.	[16, 19]	ாள்	அஞ்சி உட்கார்ந்தான்.	உட்கார்	SG	False	True	True	public	NATIVE-CHECK-NAME-1|NATIVE-CHECK-NAME-2
GEN-X-0219-C1-MASC	GEN-X-0219	GEN-003	gender		C1	2	0.5000	name-cued	literary		Anci sat on the way home.	in_sentence	MASC	அஞ்சி உட்கார்ந்தான்.	añci uṭkārntāṉ.	[16, 19]	ான்	அருவி உட்கார்ந்தாள்.	உட்கார்	SG	False	True	True	public	NATIVE-CHECK-NAME-1|NATIVE-CHECK-NAME-2
GEN-X-0219-C2-FEM	GEN-X-0219	GEN-003	gender		C2	2	0.5000	name-cued	literary	Elil, my daughter, had promised to be there before six.	Elil sat on the way home.	prior_sentence	FEM	எழில் உட்கார்ந்தாள்.	eḻil uṭkārntāḷ.	[16, 19]	ாள்	எழில் உட்கார்ந்தான்.	உட்கார்	SG	False	True	True	public	NATIVE-CHECK-NAME-1|NATIVE-CHECK-NAME-2
GEN-X-0219-C2-MASC	GEN-X-0219	GEN-003	gender		C2	2	0.5000	name-cued	literary	Elil, my son, had promised to be there before six.	Elil sat on the way home.	prior_sentence	MASC	எழில் உட்கார்ந்தான்.	eḻil uṭkārntāṉ.	[16, 19]	ான்	எழில் உட்கார்ந்தாள்.	உட்கார்	SG	False	True	True	public	NATIVE-CHECK-NAME-1|NATIVE-CHECK-NAME-2
GEN-X-0219-C3-028	GEN-X-0219	GEN-003	gender		C3	2	0.5000	name-cued	literary	Elil, my child, had promised to be there before six.	Elil sat on the way home.	absent				[]		எழில் உட்கார்ந்தான்.|எழில் உட்கார்ந்தாள்.	உட்கார்	SG	False	True	True	public	NATIVE-CHECK-NAME-1|NATIVE-CHECK-NAME-2
GEN-X-0219-C3-178	GEN-X-0219	GEN-003	gender		C3	2	0.5000	name-cued	literary	Elil, my child, had promised to be there before six.	Elil sat on the way home.	absent				[]		எழில் உட்கார்ந்தான்.|எழில் உட்கார்ந்தாள்.	உட்கார்	SG	False	True	True	public	NATIVE-CHECK-NAME-1|NATIVE-CHECK-NAME-2
GEN-X-0220-C1-FEM	GEN-X-0220	GEN-003	gender		C1	2	0.5000	name-cued	literary		Aruvi climbed on the way home.	in_sentence	FEM	அருவி ஏறினாள்.	aruvi ēṟiṉāḷ.	[10, 13]	ாள்	அஞ்சி ஏறினான்.	ஏறு	SG	False	True	True	public	NATIVE-CHECK-NAME-1|NATIVE-CHECK-NAME-2
GEN-X-0220-C1-MASC	GEN-X-0220	GEN-003	gender		C1	2	0.5000	name-cued	literary		Anci climbed on the way home.	in_sentence	MASC	அஞ்சி ஏறினான்.	añci ēṟiṉāṉ.	[10, 13]	ான்	அருவி ஏறினாள்.	ஏறு	SG	False	True	True	public	NATIVE-CHECK-NAME-1|NATIVE-CHECK-NAME-2
GEN-X-0220-C2-FEM	GEN-X-0220	GEN-003	gender		C2	2	0.5000	name-cued	literary	Ilamani, the schoolgirl next door, arrived on Friday without any warning.	Ilamani climbed on the way home.	prior_sentence	FEM	ஈழமணி ஏறினாள்.	īḻamaṇi ēṟiṉāḷ.	[10, 13]	ாள்	ஈழமணி ஏறினான்.	ஏறு	SG	False	True	True	public	NATIVE-CHECK-NAME-1|NATIVE-CHECK-NAME-2
GEN-X-0220-C2-MASC	GEN-X-0220	GEN-003	gender		C2	2	0.5000	name-cued	literary	Ilamani, the schoolboy next door, arrived on Friday without any warning.	Ilamani climbed on the way home.	prior_sentence	MASC	ஈழமணி ஏறினான்.	īḻamaṇi ēṟiṉāṉ.	[10, 13]	ான்	ஈழமணி ஏறினாள்.	ஏறு	SG	False	True	True	public	NATIVE-CHECK-NAME-1|NATIVE-CHECK-NAME-2
GEN-X-0220-C3-029	GEN-X-0220	GEN-003	gender		C3	2	0.5000	name-cued	literary	Ilamani, the youngster next door, arrived on Friday without any warning.	Ilamani climbed on the way home.	absent				[]		ஈழமணி ஏறினான்.|ஈழமணி ஏறினாள்.	ஏறு	SG	False	True	True	public	NATIVE-CHECK-NAME-1|NATIVE-CHECK-NAME-2
GEN-X-0220-C3-179	GEN-X-0220	GEN-003	gender		C3	2	0.5000	name-cued	literary	Ilamani, the youngster next door, arrived on Friday without any warning.	Ilamani climbed on the way home.	absent				[]		ஈழமணி ஏறினான்.|ஈழமணி ஏறினாள்.	ஏறு	SG	False	True	True	public	NATIVE-CHECK-NAME-1|NATIVE-CHECK-NAME-2
GEN-X-0221-C1-FEM	GEN-X-0221	GEN-004	gender		C1	2	0.5000	name-cued	literary		Aruvi descended without saying much.	in_sentence	FEM	அருவி இறங்கினாள்.	aruvi iṟaṅkiṉāḷ.	[13, 16]	ாள்	அஞ்சி இறங்கினான்.	இறங்கு	SG	False	True	True	public	NATIVE-CHECK-NAME-1|NATIVE-CHECK-NAME-2
GEN-X-0221-C1-MASC	GEN-X-0221	GEN-004	gender		C1	2	0.5000	name-cued	literary		Anci descended without saying much.	in_sentence	MASC	அஞ்சி இறங்கினான்.	añci iṟaṅkiṉāṉ.	[13, 16]	ான்	அருவி இறங்கினாள்.	இறங்கு	SG	False	True	True	public	NATIVE-CHECK-NAME-1|NATIVE-CHECK-NAME-2
GEN-X-0221-C2-FEM	GEN-X-0221	GEN-004	gender		C2	2	0.5000	name-cued	literary	Tavamani, a girl of about ten, joined the class in June.	Tavamani descended without saying much.	prior_sentence	FEM	தவமணி இறங்கினாள்.	tavamaṇi iṟaṅkiṉāḷ.	[13, 16]	ாள்	தவமணி இறங்கினான்.	இறங்கு	SG	False	True	True	public	NATIVE-CHECK-NAME-1|NATIVE-CHECK-NAME-2
GEN-X-0221-C2-MASC	GEN-X-0221	GEN-004	gender		C2	2	0.5000	name-cued	literary	Tavamani, a boy of about ten, joined the class in June.	Tavamani descended without saying much.	prior_sentence	MASC	தவமணி இறங்கினான்.	tavamaṇi iṟaṅkiṉāṉ.	[13, 16]	ான்	தவமணி இறங்கினாள்.	இறங்கு	SG	False	True	True	public	NATIVE-CHECK-NAME-1|NATIVE-CHECK-NAME-2
GEN-X-0221-C3-030	GEN-X-0221	GEN-004	gender		C3	2	0.5000	name-cued	literary	Tavamani, a child of about ten, joined the class in June.	Tavamani descended without saying much.	absent				[]		தவமணி இறங்கினான்.|தவமணி இறங்கினாள்.	இறங்கு	SG	False	True	True	public	NATIVE-CHECK-NAME-1|NATIVE-CHECK-NAME-2
GEN-X-0221-C3-180	GEN-X-0221	GEN-004	gender		C3	2	0.5000	name-cued	literary	Tavamani, a child of about ten, joined the class in June.	Tavamani descended without saying much.	absent				[]		தவமணி இறங்கினான்.|தவமணி இறங்கினாள்.	இறங்கு	SG	False	True	True	public	NATIVE-CHECK-NAME-1|NATIVE-CHECK-NAME-2
GEN-X-0222-C1-FEM	GEN-X-0222	GEN-004	gender		C1	2	0.5000	name-cued	literary		Aruvi went without saying much.	in_sentence	FEM	அருவி சென்றாள்.	aruvi ceṉṟāḷ.	[11, 14]	ாள்	அஞ்சி சென்றான்.	செல்	SG	False	True	True	public	NATIVE-CHECK-NAME-1|NATIVE-CHECK-NAME-2
GEN-X-0222-C1-MASC	GEN-X-0222	GEN-004	gender		C1	2	0.5000	name-cued	literary		Anci went without saying much.	in_sentence	MASC	அஞ்சி சென்றான்.	añci ceṉṟāṉ.	[11, 14]	ான்	அருவி சென்றாள்.	செல்	SG	False	True	True	public	NATIVE-CHECK-NAME-1|NATIVE-CHECK-NAME-2
GEN-X-0222-C2-FEM	GEN-X-0222	GEN-004	gender		C2	2	0.5000	name-cued	literary	Mani, a girl in my class, sat by the window through the meeting.	Mani went without saying much.	prior_sentence	FEM	மணி சென்றாள்.	maṇi ceṉṟāḷ.	[9, 12]	ாள்	மணி சென்றான்.	செல்	SG	False	True	True	public	NATIVE-CHECK-NAME-1|NATIVE-CHECK-NAME-2
GEN-X-0222-C2-MASC	GEN-X-0222	GEN-004	gender		C2	2	0.5000	name-cued	literary	Mani, a boy in my class, sat by the window through the meeting.	Mani went without saying much.	prior_sentence	MASC	மணி சென்றான்.	maṇi ceṉṟāṉ.	[9, 12]	ான்	மணி சென்றாள்.	செல்	SG	False	True	True	public	NATIVE-CHECK-NAME-1|NATIVE-CHECK-NAME-2
GEN-X-0222-C3-031	GEN-X-0222	GEN-004	gender		C3	2	0.5000	name-cued	literary	Mani, a pupil in my class, sat by the window through the meeting.	Mani went without saying much.	absent				[]		மணி சென்றான்.|மணி சென்றாள்.	செல்	SG	False	True	True	public	NATIVE-CHECK-NAME-1|NATIVE-CHECK-NAME-2
GEN-X-0222-C3-181	GEN-X-0222	GEN-004	gender		C3	2	0.5000	name-cued	literary	Mani, a pupil in my class, sat by the window through the meeting.	Mani went without saying much.	absent				[]		மணி சென்றான்.|மணி சென்றாள்.	செல்	SG	False	True	True	public	NATIVE-CHECK-NAME-1|NATIVE-CHECK-NAME-2
GEN-X-0223-C1-FEM	GEN-X-0223	GEN-004	gender		C1	2	0.5000	name-cued	literary		Aruvi moved without saying much.	in_sentence	FEM	அருவி நகர்ந்தாள்.	aruvi nakarntāḷ.	[13, 16]	ாள்	அஞ்சி நகர்ந்தான்.	நகர்	SG	False	True	True	public	NATIVE-CHECK-NAME-1|NATIVE-CHECK-NAME-2
GEN-X-0223-C1-MASC	GEN-X-0223	GEN-004	gender		C1	2	0.5000	name-cued	literary		Anci moved without saying much.	in_sentence	MASC	அஞ்சி நகர்ந்தான்.	añci nakarntāṉ.	[13, 16]	ான்	அருவி நகர்ந்தாள்.	நகர்	SG	False	True	True	public	NATIVE-CHECK-NAME-1|NATIVE-CHECK-NAME-2
GEN-X-0223-C2-FEM	GEN-X-0223	GEN-004	gender		C2	2	0.5000	name-cued	literary	Aram, my younger sister, had been waiting at the station since noon.	Aram moved without saying much.	prior_sentence	FEM	அறம் நகர்ந்தாள்.	aṟam nakarntāḷ.	[12, 15]	ாள்	அறம் நகர்ந்தான்.	நகர்	SG	False	True	True	public	NATIVE-CHECK-NAME-1|NATIVE-CHECK-NAME-2
GEN-X-0223-C2-MASC	GEN-X-0223	GEN-004	gender		C2	2	0.5000	name-cued	literary	Aram, my younger brother, had been waiting at the station since noon.	Aram moved without saying much.	prior_sentence	MASC	அறம் நகர்ந்தான்.	aṟam nakarntāṉ.	[12, 15]	ான்	அறம் நகர்ந்தாள்.	நகர்	SG	False	True	True	public	NATIVE-CHECK-NAME-1|NATIVE-CHECK-NAME-2
GEN-X-0223-C3-032	GEN-X-0223	GEN-004	gender		C3	2	0.5000	name-cued	literary	Aram, our new neighbour, had been waiting at the station since noon.	Aram moved without saying much.	absent				[]		அறம் நகர்ந்தான்.|அறம் நகர்ந்தாள்.	நகர்	SG	False	True	True	public	NATIVE-CHECK-NAME-1|NATIVE-CHECK-NAME-2
GEN-X-0223-C3-182	GEN-X-0223	GEN-004	gender		C3	2	0.5000	name-cued	literary	Aram, our new neighbour, had been waiting at the station since noon.	Aram moved without saying much.	absent				[]		அறம் நகர்ந்தான்.|அறம் நகர்ந்தாள்.	நகர்	SG	False	True	True	public	NATIVE-CHECK-NAME-1|NATIVE-CHECK-NAME-2
GEN-X-0224-C1-FEM	GEN-X-0224	GEN-004	gender		C1	2	0.5000	name-cued	literary		Aruvi jumped without saying much.	in_sentence	FEM	அருவி குதித்தாள்.	aruvi kutittāḷ.	[13, 16]	ாள்	அஞ்சி குதித்தான்.	குதி	SG	False	True	True	public	NATIVE-CHECK-NAME-1|NATIVE-CHECK-NAME-2
GEN-X-0224-C1-MASC	GEN-X-0224	GEN-004	gender		C1	2	0.5000	name-cued	literary		Anci jumped without saying much.	in_sentence	MASC	அஞ்சி குதித்தான்.	añci kutittāṉ.	[13, 16]	ான்	அருவி குதித்தாள்.	குதி	SG	False	True	True	public	NATIVE-CHECK-NAME-1|NATIVE-CHECK-NAME-2
GEN-X-0224-C2-FEM	GEN-X-0224	GEN-004	gender		C2	2	0.5000	name-cued	literary	Arul, the girl from my class, finished the essay that night.	Arul jumped without saying much.	prior_sentence	FEM	அருள் குதித்தாள்.	aruḷ kutittāḷ.	[13, 16]	ாள்	அருள் குதித்தான்.	குதி	SG	False	True	True	public	NATIVE-CHECK-NAME-1|NATIVE-CHECK-NAME-2
GEN-X-0224-C2-MASC	GEN-X-0224	GEN-004	gender		C2	2	0.5000	name-cued	literary	Arul, the boy from my class, finished the essay that night.	Arul jumped without saying much.	prior_sentence	MASC	அருள் குதித்தான்.	aruḷ kutittāṉ.	[13, 16]	ான்	அருள் குதித்தாள்.	குதி	SG	False	True	True	public	NATIVE-CHECK-NAME-1|NATIVE-CHECK-NAME-2
GEN-X-0224-C3-033	GEN-X-0224	GEN-004	gender		C3	2	0.5000	name-cued	literary	Arul, the one from my class, finished the essay that night.	Arul jumped without saying much.	absent				[]		அருள் குதித்தான்.|அருள் குதித்தாள்.	குதி	SG	False	True	True	public	NATIVE-CHECK-NAME-1|NATIVE-CHECK-NAME-2
GEN-X-0224-C3-183	GEN-X-0224	GEN-004	gender		C3	2	0.5000	name-cued	literary	Arul, the one from my class, finished the essay that night.	Arul jumped without saying much.	absent				[]		அருள் குதித்தான்.|அருள் குதித்தாள்.	குதி	SG	False	True	True	public	NATIVE-CHECK-NAME-1|NATIVE-CHECK-NAME-2
GEN-X-0225-C1-FEM	GEN-X-0225	GEN-004	gender		C1	2	0.5000	name-cued	literary		Aruvi smiled without saying much.	in_sentence	FEM	அருவி நகைத்தாள்.	aruvi nakaittāḷ.	[12, 15]	ாள்	அஞ்சி நகைத்தான்.	நகை	SG	False	True	True	public	NATIVE-CHECK-NAME-1|NATIVE-CHECK-NAME-2
GEN-X-0225-C1-MASC	GEN-X-0225	GEN-004	gender		C1	2	0.5000	name-cued	literary		Anci smiled without saying much.	in_sentence	MASC	அஞ்சி நகைத்தான்.	añci nakaittāṉ.	[12, 15]	ான்	அருவி நகைத்தாள்.	நகை	SG	False	True	True	public	NATIVE-CHECK-NAME-1|NATIVE-CHECK-NAME-2
GEN-X-0225-C2-FEM	GEN-X-0225	GEN-004	gender		C2	2	0.5000	name-cued	literary	Aruli, my niece, came back from the market at dusk.	Aruli smiled without saying much.	prior_sentence	FEM	அருளி நகைத்தாள்.	aruḷi nakaittāḷ.	[12, 15]	ாள்	அருளி நகைத்தான்.	நகை	SG	False	True	True	public	NATIVE-CHECK-NAME-1|NATIVE-CHECK-NAME-2
GEN-X-0225-C2-MASC	GEN-X-0225	GEN-004	gender		C2	2	0.5000	name-cued	literary	Aruli, my nephew, came back from the market at dusk.	Aruli smiled without saying much.	prior_sentence	MASC	அருளி நகைத்தான்.	aruḷi nakaittāṉ.	[12, 15]	ான்	அருளி நகைத்தாள்.	நகை	SG	False	True	True	public	NATIVE-CHECK-NAME-1|NATIVE-CHECK-NAME-2
GEN-X-0225-C3-034	GEN-X-0225	GEN-004	gender		C3	2	0.5000	name-cued	literary	Aruli, my cousin, came back from the market at dusk.	Aruli smiled without saying much.	absent				[]		அருளி நகைத்தான்.|அருளி நகைத்தாள்.	நகை	SG	False	True	True	public	NATIVE-CHECK-NAME-1|NATIVE-CHECK-NAME-2
GEN-X-0225-C3-184	GEN-X-0225	GEN-004	gender		C3	2	0.5000	name-cued	literary	Aruli, my cousin, came back from the market at dusk.	Aruli smiled without saying much.	absent				[]		அருளி நகைத்தான்.|அருளி நகைத்தாள்.	நகை	SG	False	True	True	public	NATIVE-CHECK-NAME-1|NATIVE-CHECK-NAME-2
GEN-X-0226-C1-FEM	GEN-X-0226	GEN-004	gender		C1	2	0.5000	name-cued	literary		Aruvi feared without saying much.	in_sentence	FEM	அருவி அஞ்சினாள்.	aruvi añciṉāḷ.	[12, 15]	ாள்	அஞ்சி அஞ்சினான்.	அஞ்சு	SG	False	True	True	public	NATIVE-CHECK-NAME-1|NATIVE-CHECK-NAME-2
GEN-X-0226-C1-MASC	GEN-X-0226	GEN-004	gender		C1	2	0.5000	name-cued	literary		Anci feared without saying much.	in_sentence	MASC	அஞ்சி அஞ்சினான்.	añci añciṉāṉ.	[12, 15]	ான்	அருவி அஞ்சினாள்.	அஞ்சு	SG	False	True	True	public	NATIVE-CHECK-NAME-1|NATIVE-CHECK-NAME-2
GEN-X-0226-C2-FEM	GEN-X-0226	GEN-004	gender		C2	2	0.5000	name-cued	literary	Anpu, a young woman from the village, opened the gate for us.	Anpu feared without saying much.	prior_sentence	FEM	அன்பு அஞ்சினாள்.	aṉpu añciṉāḷ.	[12, 15]	ாள்	அன்பு அஞ்சினான்.	அஞ்சு	SG	False	True	True	public	NATIVE-CHECK-NAME-1|NATIVE-CHECK-NAME-2
GEN-X-0226-C2-MASC	GEN-X-0226	GEN-004	gender		C2	2	0.5000	name-cued	literary	Anpu, a young man from the village, opened the gate for us.	Anpu feared without saying much.	prior_sentence	MASC	அன்பு அஞ்சினான்.	aṉpu añciṉāṉ.	[12, 15]	ான்	அன்பு அஞ்சினாள்.	அஞ்சு	SG	False	True	True	public	NATIVE-CHECK-NAME-1|NATIVE-CHECK-NAME-2
GEN-X-0226-C3-035	GEN-X-0226	GEN-004	gender		C3	2	0.5000	name-cued	literary	Anpu, a new arrival from the village, opened the gate for us.	Anpu feared without saying much.	absent				[]		அன்பு அஞ்சினான்.|அன்பு அஞ்சினாள்.	அஞ்சு	SG	False	True	True	public	NATIVE-CHECK-NAME-1|NATIVE-CHECK-NAME-2
GEN-X-0226-C3-185	GEN-X-0226	GEN-004	gender		C3	2	0.5000	name-cued	literary	Anpu, a new arrival from the village, opened the gate for us.	Anpu feared without saying much.	absent				[]		அன்பு அஞ்சினான்.|அன்பு அஞ்சினாள்.	அஞ்சு	SG	False	True	True	public	NATIVE-CHECK-NAME-1|NATIVE-CHECK-NAME-2
GEN-X-0227-C1-FEM	GEN-X-0227	GEN-004	gender		C1	2	0.5000	name-cued	literary		Alli came without saying much.	in_sentence	FEM	அல்லி வந்தாள்.	alli vantāḷ.	[10, 13]	ாள்	அரிமா வந்தான்.	வா	SG	False	True	True	public	NATIVE-CHECK-NAME-1|NATIVE-CHECK-NAME-2
GEN-X-0227-C1-MASC	GEN-X-0227	GEN-004	gender		C1	2	0.5000	name-cued	literary		Arima came without saying much.	in_sentence	MASC	அரிமா வந்தான்.	arimā vantāṉ.	[10, 13]	ான்	அல்லி வந்தாள்.	வா	SG	False	True	True	public	NATIVE-CHECK-NAME-1|NATIVE-CHECK-NAME-2
GEN-X-0227-C2-FEM	GEN-X-0227	GEN-004	gender		C2	2	0.5000	name-cued	literary	Elil, my daughter, had promised to be there before six.	Elil came without saying much.	prior_sentence	FEM	எழில் வந்தாள்.	eḻil vantāḷ.	[10, 13]	ாள்	எழில் வந்தான்.	வா	SG	False	True	True	public	NATIVE-CHECK-NAME-1|NATIVE-CHECK-NAME-2
GEN-X-0227-C2-MASC	GEN-X-0227	GEN-004	gender		C2	2	0.5000	name-cued	literary	Elil, my son, had promised to be there before six.	Elil came without saying much.	prior_sentence	MASC	எழில் வந்தான்.	eḻil vantāṉ.	[10, 13]	ான்	எழில் வந்தாள்.	வா	SG	False	True	True	public	NATIVE-CHECK-NAME-1|NATIVE-CHECK-NAME-2
GEN-X-0227-C3-036	GEN-X-0227	GEN-004	gender		C3	2	0.5000	name-cued	literary	Elil, my child, had promised to be there before six.	Elil came without saying much.	absent				[]		எழில் வந்தான்.|எழில் வந்தாள்.	வா	SG	False	True	True	public	NATIVE-CHECK-NAME-1|NATIVE-CHECK-NAME-2
GEN-X-0227-C3-186	GEN-X-0227	GEN-004	gender		C3	2	0.5000	name-cued	literary	Elil, my child, had promised to be there before six.	Elil came without saying much.	absent				[]		எழில் வந்தான்.|எழில் வந்தாள்.	வா	SG	False	True	True	public	NATIVE-CHECK-NAME-1|NATIVE-CHECK-NAME-2
GEN-X-0228-C1-FEM	GEN-X-0228	GEN-004	gender		C1	2	0.5000	name-cued	literary		Alli ran without saying much.	in_sentence	FEM	அல்லி ஓடினாள்.	alli ōṭiṉāḷ.	[10, 13]	ாள்	அரிமா ஓடினான்.	ஓடு	SG	False	True	True	public	NATIVE-CHECK-NAME-1|NATIVE-CHECK-NAME-2
GEN-X-0228-C1-MASC	GEN-X-0228	GEN-004	gender		C1	2	0.5000	name-cued	literary		Arima ran without saying much.	in_sentence	MASC	அரிமா ஓடினான்.	arimā ōṭiṉāṉ.	[10, 13]	ான்	அல்லி ஓடினாள்.	ஓடு	SG	False	True	True	public	NATIVE-CHECK-NAME-1|NATIVE-CHECK-NAME-2
GEN-X-0228-C2-FEM	GEN-X-0228	GEN-004	gender		C2	2	0.5000	name-cued	literary	Ilamani, the schoolgirl next door, arrived on Friday without any warning.	Ilamani ran without saying much.	prior_sentence	FEM	ஈழமணி ஓடினாள்.	īḻamaṇi ōṭiṉāḷ.	[10, 13]	ாள்	ஈழமணி ஓடினான்.	ஓடு	SG	False	True	True	public	NATIVE-CHECK-NAME-1|NATIVE-CHECK-NAME-2
GEN-X-0228-C2-MASC	GEN-X-0228	GEN-004	gender		C2	2	0.5000	name-cued	literary	Ilamani, the schoolboy next door, arrived on Friday without any warning.	Ilamani ran without saying much.	prior_sentence	MASC	ஈழமணி ஓடினான்.	īḻamaṇi ōṭiṉāṉ.	[10, 13]	ான்	ஈழமணி ஓடினாள்.	ஓடு	SG	False	True	True	public	NATIVE-CHECK-NAME-1|NATIVE-CHECK-NAME-2
GEN-X-0228-C3-037	GEN-X-0228	GEN-004	gender		C3	2	0.5000	name-cued	literary	Ilamani, the youngster next door, arrived on Friday without any warning.	Ilamani ran without saying much.	absent				[]		ஈழமணி ஓடினான்.|ஈழமணி ஓடினாள்.	ஓடு	SG	False	True	True	public	NATIVE-CHECK-NAME-1|NATIVE-CHECK-NAME-2
GEN-X-0228-C3-187	GEN-X-0228	GEN-004	gender		C3	2	0.5000	name-cued	literary	Ilamani, the youngster next door, arrived on Friday without any warning.	Ilamani ran without saying much.	absent				[]		ஈழமணி ஓடினான்.|ஈழமணி ஓடினாள்.	ஓடு	SG	False	True	True	public	NATIVE-CHECK-NAME-1|NATIVE-CHECK-NAME-2
GEN-X-0229-C1-FEM	GEN-X-0229	GEN-004	gender		C1	2	0.5000	name-cued	literary		Alli walked without saying much.	in_sentence	FEM	அல்லி நடந்தாள்.	alli naṭantāḷ.	[11, 14]	ாள்	அரிமா நடந்தான்.	நட	SG	False	True	True	public	NATIVE-CHECK-NAME-1|NATIVE-CHECK-NAME-2
GEN-X-0229-C1-MASC	GEN-X-0229	GEN-004	gender		C1	2	0.5000	name-cued	literary		Arima walked without saying much.	in_sentence	MASC	அரிமா நடந்தான்.	arimā naṭantāṉ.	[11, 14]	ான்	அல்லி நடந்தாள்.	நட	SG	False	True	True	public	NATIVE-CHECK-NAME-1|NATIVE-CHECK-NAME-2
GEN-X-0229-C2-FEM	GEN-X-0229	GEN-004	gender		C2	2	0.5000	name-cued	literary	Tavamani, a girl of about ten, joined the class in June.	Tavamani walked without saying much.	prior_sentence	FEM	தவமணி நடந்தாள்.	tavamaṇi naṭantāḷ.	[11, 14]	ாள்	தவமணி நடந்தான்.	நட	SG	False	True	True	public	NATIVE-CHECK-NAME-1|NATIVE-CHECK-NAME-2
GEN-X-0229-C2-MASC	GEN-X-0229	GEN-004	gender		C2	2	0.5000	name-cued	literary	Tavamani, a boy of about ten, joined the class in June.	Tavamani walked without saying much.	prior_sentence	MASC	தவமணி நடந்தான்.	tavamaṇi naṭantāṉ.	[11, 14]	ான்	தவமணி நடந்தாள்.	நட	SG	False	True	True	public	NATIVE-CHECK-NAME-1|NATIVE-CHECK-NAME-2
GEN-X-0229-C3-038	GEN-X-0229	GEN-004	gender		C3	2	0.5000	name-cued	literary	Tavamani, a child of about ten, joined the class in June.	Tavamani walked without saying much.	absent				[]		தவமணி நடந்தான்.|தவமணி நடந்தாள்.	நட	SG	False	True	True	public	NATIVE-CHECK-NAME-1|NATIVE-CHECK-NAME-2
GEN-X-0229-C3-188	GEN-X-0229	GEN-004	gender		C3	2	0.5000	name-cued	literary	Tavamani, a child of about ten, joined the class in June.	Tavamani walked without saying much.	absent				[]		தவமணி நடந்தான்.|தவமணி நடந்தாள்.	நட	SG	False	True	True	public	NATIVE-CHECK-NAME-1|NATIVE-CHECK-NAME-2
GEN-X-0230-C1-FEM	GEN-X-0230	GEN-004	gender		C1	2	0.5000	name-cued	literary		Alli played without saying much.	in_sentence	FEM	அல்லி விளையாடினாள்.	alli viḷaiyāṭiṉāḷ.	[15, 18]	ாள்	அரிமா விளையாடினான்.	விளையாடு	SG	False	True	True	public	NATIVE-CHECK-NAME-1|NATIVE-CHECK-NAME-2
GEN-X-0230-C1-MASC	GEN-X-0230	GEN-004	gender		C1	2	0.5000	name-cued	literary		Arima played without saying much.	in_sentence	MASC	அரிமா விளையாடினான்.	arimā viḷaiyāṭiṉāṉ.	[15, 18]	ான்	அல்லி விளையாடினாள்.	விளையாடு	SG	False	True	True	public	NATIVE-CHECK-NAME-1|NATIVE-CHECK-NAME-2
GEN-X-0230-C2-FEM	GEN-X-0230	GEN-004	gender		C2	2	0.5000	name-cued	literary	Mani, a girl in my class, sat by the window through the meeting.	Mani played without saying much.	prior_sentence	FEM	மணி விளையாடினாள்.	maṇi viḷaiyāṭiṉāḷ.	[13, 16]	ாள்	மணி விளையாடினான்.	விளையாடு	SG	False	True	True	public	NATIVE-CHECK-NAME-1|NATIVE-CHECK-NAME-2
GEN-X-0230-C2-MASC	GEN-X-0230	GEN-004	gender		C2	2	0.5000	name-cued	literary	Mani, a boy in my class, sat by the window through the meeting.	Mani played without saying much.	prior_sentence	MASC	மணி விளையாடினான்.	maṇi viḷaiyāṭiṉāṉ.	[13, 16]	ான்	மணி விளையாடினாள்.	விளையாடு	SG	False	True	True	public	NATIVE-CHECK-NAME-1|NATIVE-CHECK-NAME-2
GEN-X-0230-C3-039	GEN-X-0230	GEN-004	gender		C3	2	0.5000	name-cued	literary	Mani, a pupil in my class, sat by the window through the meeting.	Mani played without saying much.	absent				[]		மணி விளையாடினான்.|மணி விளையாடினாள்.	விளையாடு	SG	False	True	True	public	NATIVE-CHECK-NAME-1|NATIVE-CHECK-NAME-2
GEN-X-0230-C3-189	GEN-X-0230	GEN-004	gender		C3	2	0.5000	name-cued	literary	Mani, a pupil in my class, sat by the window through the meeting.	Mani played without saying much.	absent				[]		மணி விளையாடினான்.|மணி விளையாடினாள்.	விளையாடு	SG	False	True	True	public	NATIVE-CHECK-NAME-1|NATIVE-CHECK-NAME-2
GEN-X-0241-C1-FEM	GEN-X-0241	GEN-006	gender		C1	2	0.5000	name-cued	literary		Alli moved after the bell rang.	in_sentence	FEM	அல்லி நகர்ந்தாள்.	alli nakarntāḷ.	[13, 16]	ாள்	அரிமா நகர்ந்தான்.	நகர்	SG	False	True	True	public	NATIVE-CHECK-NAME-1|NATIVE-CHECK-NAME-2
GEN-X-0241-C1-MASC	GEN-X-0241	GEN-006	gender		C1	2	0.5000	name-cued	literary		Arima moved after the bell rang.	in_sentence	MASC	அரிமா நகர்ந்தான்.	arimā nakarntāṉ.	[13, 16]	ான்	அல்லி நகர்ந்தாள்.	நகர்	SG	False	True	True	public	NATIVE-CHECK-NAME-1|NATIVE-CHECK-NAME-2
GEN-X-0241-C2-FEM	GEN-X-0241	GEN-006	gender		C2	2	0.5000	name-cued	literary	Aruli, my niece, came back from the market at dusk.	Aruli moved after the bell rang.	prior_sentence	FEM	அருளி நகர்ந்தாள்.	aruḷi nakarntāḷ.	[13, 16]	ாள்	அருளி நகர்ந்தான்.	நகர்	SG	False	True	True	public	NATIVE-CHECK-NAME-1|NATIVE-CHECK-NAME-2
GEN-X-0241-C2-MASC	GEN-X-0241	GEN-006	gender		C2	2	0.5000	name-cued	literary	Aruli, my nephew, came back from the market at dusk.	Aruli moved after the bell rang.	prior_sentence	MASC	அருளி நகர்ந்தான்.	aruḷi nakarntāṉ.	[13, 16]	ான்	அருளி நகர்ந்தாள்.	நகர்	SG	False	True	True	public	NATIVE-CHECK-NAME-1|NATIVE-CHECK-NAME-2
GEN-X-0241-C3-050	GEN-X-0241	GEN-006	gender		C3	2	0.5000	name-cued	literary	Aruli, my cousin, came back from the market at dusk.	Aruli moved after the bell rang.	absent				[]		அருளி நகர்ந்தான்.|அருளி நகர்ந்தாள்.	நகர்	SG	False	True	True	public	NATIVE-CHECK-NAME-1|NATIVE-CHECK-NAME-2
GEN-X-0242-C1-FEM	GEN-X-0242	GEN-006	gender		C1	2	0.5000	name-cued	literary		Alli jumped after the bell rang.	in_sentence	FEM	அல்லி குதித்தாள்.	alli kutittāḷ.	[13, 16]	ாள்	அரிமா குதித்தான்.	குதி	SG	False	True	True	public	NATIVE-CHECK-NAME-1|NATIVE-CHECK-NAME-2
GEN-X-0242-C1-MASC	GEN-X-0242	GEN-006	gender		C1	2	0.5000	name-cued	literary		Arima jumped after the bell rang.	in_sentence	MASC	அரிமா குதித்தான்.	arimā kutittāṉ.	[13, 16]	ான்	அல்லி குதித்தாள்.	குதி	SG	False	True	True	public	NATIVE-CHECK-NAME-1|NATIVE-CHECK-NAME-2
GEN-X-0242-C2-FEM	GEN-X-0242	GEN-006	gender		C2	2	0.5000	name-cued	literary	Anpu, a young woman from the village, opened the gate for us.	Anpu jumped after the bell rang.	prior_sentence	FEM	அன்பு குதித்தாள்.	aṉpu kutittāḷ.	[13, 16]	ாள்	அன்பு குதித்தான்.	குதி	SG	False	True	True	public	NATIVE-CHECK-NAME-1|NATIVE-CHECK-NAME-2
GEN-X-0242-C2-MASC	GEN-X-0242	GEN-006	gender		C2	2	0.5000	name-cued	literary	Anpu, a young man from the village, opened the gate for us.	Anpu jumped after the bell rang.	prior_sentence	MASC	அன்பு குதித்தான்.	aṉpu kutittāṉ.	[13, 16]	ான்	அன்பு குதித்தாள்.	குதி	SG	False	True	True	public	NATIVE-CHECK-NAME-1|NATIVE-CHECK-NAME-2
GEN-X-0242-C3-051	GEN-X-0242	GEN-006	gender		C3	2	0.5000	name-cued	literary	Anpu, a new arrival from the village, opened the gate for us.	Anpu jumped after the bell rang.	absent				[]		அன்பு குதித்தான்.|அன்பு குதித்தாள்.	குதி	SG	False	True	True	public	NATIVE-CHECK-NAME-1|NATIVE-CHECK-NAME-2
GEN-X-0243-C1-FEM	GEN-X-0243	GEN-006	gender		C1	2	0.5000	name-cued	literary		Alli smiled after the bell rang.	in_sentence	FEM	அல்லி நகைத்தாள்.	alli nakaittāḷ.	[12, 15]	ாள்	அரிமா நகைத்தான்.	நகை	SG	False	True	True	public	NATIVE-CHECK-NAME-1|NATIVE-CHECK-NAME-2
GEN-X-0243-C1-MASC	GEN-X-0243	GEN-006	gender		C1	2	0.5000	name-cued	literary		Arima smiled after the bell rang.	in_sentence	MASC	அரிமா நகைத்தான்.	arimā nakaittāṉ.	[12, 15]	ான்	அல்லி நகைத்தாள்.	நகை	SG	False	True	True	public	NATIVE-CHECK-NAME-1|NATIVE-CHECK-NAME-2
GEN-X-0243-C2-FEM	GEN-X-0243	GEN-006	gender		C2	2	0.5000	name-cued	literary	Elil, my daughter, had promised to be there before six.	Elil smiled after the bell rang.	prior_sentence	FEM	எழில் நகைத்தாள்.	eḻil nakaittāḷ.	[12, 15]	ாள்	எழில் நகைத்தான்.	நகை	SG	False	True	True	public	NATIVE-CHECK-NAME-1|NATIVE-CHECK-NAME-2
GEN-X-0243-C2-MASC	GEN-X-0243	GEN-006	gender		C2	2	0.5000	name-cued	literary	Elil, my son, had promised to be there before six.	Elil smiled after the bell rang.	prior_sentence	MASC	எழில் நகைத்தான்.	eḻil nakaittāṉ.	[12, 15]	ான்	எழில் நகைத்தாள்.	நகை	SG	False	True	True	public	NATIVE-CHECK-NAME-1|NATIVE-CHECK-NAME-2
GEN-X-0243-C3-052	GEN-X-0243	GEN-006	gender		C3	2	0.5000	name-cued	literary	Elil, my child, had promised to be there before six.	Elil smiled after the bell rang.	absent				[]		எழில் நகைத்தான்.|எழில் நகைத்தாள்.	நகை	SG	False	True	True	public	NATIVE-CHECK-NAME-1|NATIVE-CHECK-NAME-2
GEN-X-0244-C1-FEM	GEN-X-0244	GEN-006	gender		C1	2	0.5000	name-cued	literary		Alli feared after the bell rang.	in_sentence	FEM	அல்லி அஞ்சினாள்.	alli añciṉāḷ.	[12, 15]	ாள்	அரிமா அஞ்சினான்.	அஞ்சு	SG	False	True	True	public	NATIVE-CHECK-NAME-1|NATIVE-CHECK-NAME-2
GEN-X-0244-C1-MASC	GEN-X-0244	GEN-006	gender		C1	2	0.5000	name-cued	literary		Arima feared after the bell rang.	in_sentence	MASC	அரிமா அஞ்சினான்.	arimā añciṉāṉ.	[12, 15]	ான்	அல்லி அஞ்சினாள்.	அஞ்சு	SG	False	True	True	public	NATIVE-CHECK-NAME-1|NATIVE-CHECK-NAME-2
GEN-X-0244-C2-FEM	GEN-X-0244	GEN-006	gender		C2	2	0.5000	name-cued	literary	Ilamani, the schoolgirl next door, arrived on Friday without any warning.	Ilamani feared after the bell rang.	prior_sentence	FEM	ஈழமணி அஞ்சினாள்.	īḻamaṇi añciṉāḷ.	[12, 15]	ாள்	ஈழமணி அஞ்சினான்.	அஞ்சு	SG	False	True	True	public	NATIVE-CHECK-NAME-1|NATIVE-CHECK-NAME-2
GEN-X-0244-C2-MASC	GEN-X-0244	GEN-006	gender		C2	2	0.5000	name-cued	literary	Ilamani, the schoolboy next door, arrived on Friday without any warning.	Ilamani feared after the bell rang.	prior_sentence	MASC	ஈழமணி அஞ்சினான்.	īḻamaṇi añciṉāṉ.	[12, 15]	ான்	ஈழமணி அஞ்சினாள்.	அஞ்சு	SG	False	True	True	public	NATIVE-CHECK-NAME-1|NATIVE-CHECK-NAME-2
GEN-X-0244-C3-053	GEN-X-0244	GEN-006	gender		C3	2	0.5000	name-cued	literary	Ilamani, the youngster next door, arrived on Friday without any warning.	Ilamani feared after the bell rang.	absent				[]		ஈழமணி அஞ்சினான்.|ஈழமணி அஞ்சினாள்.	அஞ்சு	SG	False	True	True	public	NATIVE-CHECK-NAME-1|NATIVE-CHECK-NAME-2
GEN-X-0245-C1-FEM	GEN-X-0245	GEN-006	gender		C1	2	0.5000	name-cued	literary		Amuta came after the bell rang.	in_sentence	FEM	அமுதா வந்தாள்.	amutā vantāḷ.	[10, 13]	ாள்	அருண் வந்தான்.	வா	SG	False	True	True	public	NATIVE-CHECK-NAME-1|NATIVE-CHECK-NAME-2
GEN-X-0245-C1-MASC	GEN-X-0245	GEN-006	gender		C1	2	0.5000	name-cued	literary		Arun came after the bell rang.	in_sentence	MASC	அருண் வந்தான்.	aruṇ vantāṉ.	[10, 13]	ான்	அமுதா வந்தாள்.	வா	SG	False	True	True	public	NATIVE-CHECK-NAME-1|NATIVE-CHECK-NAME-2
GEN-X-0245-C2-FEM	GEN-X-0245	GEN-006	gender		C2	2	0.5000	name-cued	literary	Tavamani, a girl of about ten, joined the class in June.	Tavamani came after the bell rang.	prior_sentence	FEM	தவமணி வந்தாள்.	tavamaṇi vantāḷ.	[10, 13]	ாள்	தவமணி வந்தான்.	வா	SG	False	True	True	public	NATIVE-CHECK-NAME-1|NATIVE-CHECK-NAME-2
GEN-X-0245-C2-MASC	GEN-X-0245	GEN-006	gender		C2	2	0.5000	name-cued	literary	Tavamani, a boy of about ten, joined the class in June.	Tavamani came after the bell rang.	prior_sentence	MASC	தவமணி வந்தான்.	tavamaṇi vantāṉ.	[10, 13]	ான்	தவமணி வந்தாள்.	வா	SG	False	True	True	public	NATIVE-CHECK-NAME-1|NATIVE-CHECK-NAME-2
GEN-X-0245-C3-054	GEN-X-0245	GEN-006	gender		C3	2	0.5000	name-cued	literary	Tavamani, a child of about ten, joined the class in June.	Tavamani came after the bell rang.	absent				[]		தவமணி வந்தான்.|தவமணி வந்தாள்.	வா	SG	False	True	True	public	NATIVE-CHECK-NAME-1|NATIVE-CHECK-NAME-2
GEN-X-0246-C1-FEM	GEN-X-0246	GEN-006	gender		C1	2	0.5000	name-cued	literary		Amuta ran after the bell rang.	in_sentence	FEM	அமுதா ஓடினாள்.	amutā ōṭiṉāḷ.	[10, 13]	ாள்	அருண் ஓடினான்.	ஓடு	SG	False	True	True	public	NATIVE-CHECK-NAME-1|NATIVE-CHECK-NAME-2
GEN-X-0246-C1-MASC	GEN-X-0246	GEN-006	gender		C1	2	0.5000	name-cued	literary		Arun ran after the bell rang.	in_sentence	MASC	அருண் ஓடினான்.	aruṇ ōṭiṉāṉ.	[10, 13]	ான்	அமுதா ஓடினாள்.	ஓடு	SG	False	True	True	public	NATIVE-CHECK-NAME-1|NATIVE-CHECK-NAME-2
GEN-X-0246-C2-FEM	GEN-X-0246	GEN-006	gender		C2	2	0.5000	name-cued	literary	Mani, a girl in my class, sat by the window through the meeting.	Mani ran after the bell rang.	prior_sentence	FEM	மணி ஓடினாள்.	maṇi ōṭiṉāḷ.	[8, 11]	ாள்	மணி ஓடினான்.	ஓடு	SG	False	True	True	public	NATIVE-CHECK-NAME-1|NATIVE-CHECK-NAME-2
GEN-X-0246-C2-MASC	GEN-X-0246	GEN-006	gender		C2	2	0.5000	name-cued	literary	Mani, a boy in my class, sat by the window through the meeting.	Mani ran after the bell rang.	prior_sentence	MASC	மணி ஓடினான்.	maṇi ōṭiṉāṉ.	[8, 11]	ான்	மணி ஓடினாள்.	ஓடு	SG	False	True	True	public	NATIVE-CHECK-NAME-1|NATIVE-CHECK-NAME-2
GEN-X-0246-C3-055	GEN-X-0246	GEN-006	gender		C3	2	0.5000	name-cued	literary	Mani, a pupil in my class, sat by the window through the meeting.	Mani ran after the bell rang.	absent				[]		மணி ஓடினான்.|மணி ஓடினாள்.	ஓடு	SG	False	True	True	public	NATIVE-CHECK-NAME-1|NATIVE-CHECK-NAME-2
GEN-X-0247-C1-FEM	GEN-X-0247	GEN-006	gender		C1	2	0.5000	name-cued	literary		Amuta walked after the bell rang.	in_sentence	FEM	அமுதா நடந்தாள்.	amutā naṭantāḷ.	[11, 14]	ாள்	அருண் நடந்தான்.	நட	SG	False	True	True	public	NATIVE-CHECK-NAME-1|NATIVE-CHECK-NAME-2
GEN-X-0247-C1-MASC	GEN-X-0247	GEN-006	gender		C1	2	0.5000	name-cued	literary		Arun walked after the bell rang.	in_sentence	MASC	அருண் நடந்தான்.	aruṇ naṭantāṉ.	[11, 14]	ான்	அமுதா நடந்தாள்.	நட	SG	False	True	True	public	NATIVE-CHECK-NAME-1|NATIVE-CHECK-NAME-2
GEN-X-0247-C2-FEM	GEN-X-0247	GEN-006	gender		C2	2	0.5000	name-cued	literary	Aram, my younger sister, had been waiting at the station since noon.	Aram walked after the bell rang.	prior_sentence	FEM	அறம் நடந்தாள்.	aṟam naṭantāḷ.	[10, 13]	ாள்	அறம் நடந்தான்.	நட	SG	False	True	True	public	NATIVE-CHECK-NAME-1|NATIVE-CHECK-NAME-2
GEN-X-0247-C2-MASC	GEN-X-0247	GEN-006	gender		C2	2	0.5000	name-cued	literary	Aram, my younger brother, had been waiting at the station since noon.	Aram walked after the bell rang.	prior_sentence	MASC	அறம் நடந்தான்.	aṟam naṭantāṉ.	[10, 13]	ான்	அறம் நடந்தாள்.	நட	SG	False	True	True	public	NATIVE-CHECK-NAME-1|NATIVE-CHECK-NAME-2
GEN-X-0247-C3-056	GEN-X-0247	GEN-006	gender		C3	2	0.5000	name-cued	literary	Aram, our new neighbour, had been waiting at the station since noon.	Aram walked after the bell rang.	absent				[]		அறம் நடந்தான்.|அறம் நடந்தாள்.	நட	SG	False	True	True	public	NATIVE-CHECK-NAME-1|NATIVE-CHECK-NAME-2
GEN-X-0248-C1-FEM	GEN-X-0248	GEN-006	gender		C1	2	0.5000	name-cued	literary		Amuta played after the bell rang.	in_sentence	FEM	அமுதா விளையாடினாள்.	amutā viḷaiyāṭiṉāḷ.	[15, 18]	ாள்	அருண் விளையாடினான்.	விளையாடு	SG	False	True	True	public	NATIVE-CHECK-NAME-1|NATIVE-CHECK-NAME-2
GEN-X-0248-C1-MASC	GEN-X-0248	GEN-006	gender		C1	2	0.5000	name-cued	literary		Arun played after the bell rang.	in_sentence	MASC	அருண் விளையாடினான்.	aruṇ viḷaiyāṭiṉāṉ.	[15, 18]	ான்	அமுதா விளையாடினாள்.	விளையாடு	SG	False	True	True	public	NATIVE-CHECK-NAME-1|NATIVE-CHECK-NAME-2
GEN-X-0248-C2-FEM	GEN-X-0248	GEN-006	gender		C2	2	0.5000	name-cued	literary	Arul, the girl from my class, finished the essay that night.	Arul played after the bell rang.	prior_sentence	FEM	அருள் விளையாடினாள்.	aruḷ viḷaiyāṭiṉāḷ.	[15, 18]	ாள்	அருள் விளையாடினான்.	விளையாடு	SG	False	True	True	public	NATIVE-CHECK-NAME-1|NATIVE-CHECK-NAME-2
GEN-X-0248-C2-MASC	GEN-X-0248	GEN-006	gender		C2	2	0.5000	name-cued	literary	Arul, the boy from my class, finished the essay that night.	Arul played after the bell rang.	prior_sentence	MASC	அருள் விளையாடினான்.	aruḷ viḷaiyāṭiṉāṉ.	[15, 18]	ான்	அருள் விளையாடினாள்.	விளையாடு	SG	False	True	True	public	NATIVE-CHECK-NAME-1|NATIVE-CHECK-NAME-2
GEN-X-0248-C3-057	GEN-X-0248	GEN-006	gender		C3	2	0.5000	name-cued	literary	Arul, the one from my class, finished the essay that night.	Arul played after the bell rang.	absent				[]		அருள் விளையாடினான்.|அருள் விளையாடினாள்.	விளையாடு	SG	False	True	True	public	NATIVE-CHECK-NAME-1|NATIVE-CHECK-NAME-2
GEN-X-0249-C1-FEM	GEN-X-0249	GEN-006	gender		C1	2	0.5000	name-cued	literary		Amuta cried after the bell rang.	in_sentence	FEM	அமுதா அழுதாள்.	amutā aḻutāḷ.	[10, 13]	ாள்	அருண் அழுதான்.	அழு	SG	False	True	True	public	NATIVE-CHECK-NAME-1|NATIVE-CHECK-NAME-2
GEN-X-0249-C1-MASC	GEN-X-0249	GEN-006	gender		C1	2	0.5000	name-cued	literary		Arun cried after the bell rang.	in_sentence	MASC	அருண் அழுதான்.	aruṇ aḻutāṉ.	[10, 13]	ான்	அமுதா அழுதாள்.	அழு	SG	False	True	True	public	NATIVE-CHECK-NAME-1|NATIVE-CHECK-NAME-2
GEN-X-0249-C2-FEM	GEN-X-0249	GEN-006	gender		C2	2	0.5000	name-cued	literary	Aruli, my niece, came back from the market at dusk.	Aruli cried after the bell rang.	prior_sentence	FEM	அருளி அழுதாள்.	aruḷi aḻutāḷ.	[10, 13]	ாள்	அருளி அழுதான்.	அழு	SG	False	True	True	public	NATIVE-CHECK-NAME-1|NATIVE-CHECK-NAME-2
GEN-X-0249-C2-MASC	GEN-X-0249	GEN-006	gender		C2	2	0.5000	name-cued	literary	Aruli, my nephew, came back from the market at dusk.	Aruli cried after the bell rang.	prior_sentence	MASC	அருளி அழுதான்.	aruḷi aḻutāṉ.	[10, 13]	ான்	அருளி அழுதாள்.	அழு	SG	False	True	True	public	NATIVE-CHECK-NAME-1|NATIVE-CHECK-NAME-2
GEN-X-0249-C3-058	GEN-X-0249	GEN-006	gender		C3	2	0.5000	name-cued	literary	Aruli, my cousin, came back from the market at dusk.	Aruli cried after the bell rang.	absent				[]		அருளி அழுதான்.|அருளி அழுதாள்.	அழு	SG	False	True	True	public	NATIVE-CHECK-NAME-1|NATIVE-CHECK-NAME-2
GEN-X-0250-C1-FEM	GEN-X-0250	GEN-006	gender		C1	2	0.5000	name-cued	literary		Amuta laughed after the bell rang.	in_sentence	FEM	அமுதா சிரித்தாள்.	amutā cirittāḷ.	[13, 16]	ாள்	அருண் சிரித்தான்.	சிரி	SG	False	True	True	public	NATIVE-CHECK-NAME-1|NATIVE-CHECK-NAME-2
GEN-X-0250-C1-MASC	GEN-X-0250	GEN-006	gender		C1	2	0.5000	name-cued	literary		Arun laughed after the bell rang.	in_sentence	MASC	அருண் சிரித்தான்.	aruṇ cirittāṉ.	[13, 16]	ான்	அமுதா சிரித்தாள்.	சிரி	SG	False	True	True	public	NATIVE-CHECK-NAME-1|NATIVE-CHECK-NAME-2
GEN-X-0250-C2-FEM	GEN-X-0250	GEN-006	gender		C2	2	0.5000	name-cued	literary	Anpu, a young woman from the village, opened the gate for us.	Anpu laughed after the bell rang.	prior_sentence	FEM	அன்பு சிரித்தாள்.	aṉpu cirittāḷ.	[13, 16]	ாள்	அன்பு சிரித்தான்.	சிரி	SG	False	True	True	public	NATIVE-CHECK-NAME-1|NATIVE-CHECK-NAME-2
GEN-X-0250-C2-MASC	GEN-X-0250	GEN-006	gender		C2	2	0.5000	name-cued	literary	Anpu, a young man from the village, opened the gate for us.	Anpu laughed after the bell rang.	prior_sentence	MASC	அன்பு சிரித்தான்.	aṉpu cirittāṉ.	[13, 16]	ான்	அன்பு சிரித்தாள்.	சிரி	SG	False	True	True	public	NATIVE-CHECK-NAME-1|NATIVE-CHECK-NAME-2
GEN-X-0250-C3-059	GEN-X-0250	GEN-006	gender		C3	2	0.5000	name-cued	literary	Anpu, a new arrival from the village, opened the gate for us.	Anpu laughed after the bell rang.	absent				[]		அன்பு சிரித்தான்.|அன்பு சிரித்தாள்.	சிரி	SG	False	True	True	public	NATIVE-CHECK-NAME-1|NATIVE-CHECK-NAME-2
GEN-X-0251-C1-FEM	GEN-X-0251	GEN-007	gender		C1	2	0.5000	name-cued	literary		Amuta flew beside the lamp.	in_sentence	FEM	அமுதா பறந்தாள்.	amutā paṟantāḷ.	[11, 14]	ாள்	அருண் பறந்தான்.	பற	SG	False	True	True	public	NATIVE-CHECK-NAME-1|NATIVE-CHECK-NAME-2
GEN-X-0251-C1-MASC	GEN-X-0251	GEN-007	gender		C1	2	0.5000	name-cued	literary		Arun flew beside the lamp.	in_sentence	MASC	அருண் பறந்தான்.	aruṇ paṟantāṉ.	[11, 14]	ான்	அமுதா பறந்தாள்.	பற	SG	False	True	True	public	NATIVE-CHECK-NAME-1|NATIVE-CHECK-NAME-2
GEN-X-0251-C2-FEM	GEN-X-0251	GEN-007	gender		C2	2	0.5000	name-cued	literary	Elil, my daughter, had promised to be there before six.	Elil flew beside the lamp.	prior_sentence	FEM	எழில் பறந்தாள்.	eḻil paṟantāḷ.	[11, 14]	ாள்	எழில் பறந்தான்.	பற	SG	False	True	True	public	NATIVE-CHECK-NAME-1|NATIVE-CHECK-NAME-2
GEN-X-0251-C2-MASC	GEN-X-0251	GEN-007	gender		C2	2	0.5000	name-cued	literary	Elil, my son, had promised to be there before six.	Elil flew beside the lamp.	prior_sentence	MASC	எழில் பறந்தான்.	eḻil paṟantāṉ.	[11, 14]	ான்	எழில் பறந்தாள்.	பற	SG	False	True	True	public	NATIVE-CHECK-NAME-1|NATIVE-CHECK-NAME-2
GEN-X-0251-C3-060	GEN-X-0251	GEN-007	gender		C3	2	0.5000	name-cued	literary	Elil, my child, had promised to be there before six.	Elil flew beside the lamp.	absent				[]		எழில் பறந்தான்.|எழில் பறந்தாள்.	பற	SG	False	True	True	public	NATIVE-CHECK-NAME-1|NATIVE-CHECK-NAME-2
GEN-X-0252-C1-FEM	GEN-X-0252	GEN-007	gender		C1	2	0.5000	name-cued	literary		Amuta swam beside the lamp.	in_sentence	FEM	அமுதா நீந்தினாள்.	amutā nīntiṉāḷ.	[13, 16]	ாள்	அருண் நீந்தினான்.	நீந்து	SG	False	True	True	public	NATIVE-CHECK-NAME-1|NATIVE-CHECK-NAME-2
GEN-X-0252-C1-MASC	GEN-X-0252	GEN-007	gender		C1	2	0.5000	name-cued	literary		Arun swam beside the lamp.	in_sentence	MASC	அருண் நீந்தினான்.	aruṇ nīntiṉāṉ.	[13, 16]	ான்	அமுதா நீந்தினாள்.	நீந்து	SG	False	True	True	public	NATIVE-CHECK-NAME-1|NATIVE-CHECK-NAME-2
GEN-X-0252-C2-FEM	GEN-X-0252	GEN-007	gender		C2	2	0.5000	name-cued	literary	Ilamani, the schoolgirl next door, arrived on Friday without any warning.	Ilamani swam beside the lamp.	prior_sentence	FEM	ஈழமணி நீந்தினாள்.	īḻamaṇi nīntiṉāḷ.	[13, 16]	ாள்	ஈழமணி நீந்தினான்.	நீந்து	SG	False	True	True	public	NATIVE-CHECK-NAME-1|NATIVE-CHECK-NAME-2
GEN-X-0252-C2-MASC	GEN-X-0252	GEN-007	gender		C2	2	0.5000	name-cued	literary	Ilamani, the schoolboy next door, arrived on Friday without any warning.	Ilamani swam beside the lamp.	prior_sentence	MASC	ஈழமணி நீந்தினான்.	īḻamaṇi nīntiṉāṉ.	[13, 16]	ான்	ஈழமணி நீந்தினாள்.	நீந்து	SG	False	True	True	public	NATIVE-CHECK-NAME-1|NATIVE-CHECK-NAME-2
GEN-X-0252-C3-061	GEN-X-0252	GEN-007	gender		C3	2	0.5000	name-cued	literary	Ilamani, the youngster next door, arrived on Friday without any warning.	Ilamani swam beside the lamp.	absent				[]		ஈழமணி நீந்தினான்.|ஈழமணி நீந்தினாள்.	நீந்து	SG	False	True	True	public	NATIVE-CHECK-NAME-1|NATIVE-CHECK-NAME-2
GEN-X-0253-C1-FEM	GEN-X-0253	GEN-007	gender		C1	2	0.5000	name-cued	literary		Amuta spoke beside the lamp.	in_sentence	FEM	அமுதா பேசினாள்.	amutā pēciṉāḷ.	[11, 14]	ாள்	அருண் பேசினான்.	பேசு	SG	False	True	True	public	NATIVE-CHECK-NAME-1|NATIVE-CHECK-NAME-2
GEN-X-0253-C1-MASC	GEN-X-0253	GEN-007	gender		C1	2	0.5000	name-cued	literary		Arun spoke beside the lamp.	in_sentence	MASC	அருண் பேசினான்.	aruṇ pēciṉāṉ.	[11, 14]	ான்	அமுதா பேசினாள்.	பேசு	SG	False	True	True	public	NATIVE-CHECK-NAME-1|NATIVE-CHECK-NAME-2
GEN-X-0253-C2-FEM	GEN-X-0253	GEN-007	gender		C2	2	0.5000	name-cued	literary	Tavamani, a girl of about ten, joined the class in June.	Tavamani spoke beside the lamp.	prior_sentence	FEM	தவமணி பேசினாள்.	tavamaṇi pēciṉāḷ.	[11, 14]	ாள்	தவமணி பேசினான்.	பேசு	SG	False	True	True	public	NATIVE-CHECK-NAME-1|NATIVE-CHECK-NAME-2
GEN-X-0253-C2-MASC	GEN-X-0253	GEN-007	gender		C2	2	0.5000	name-cued	literary	Tavamani, a boy of about ten, joined the class in June.	Tavamani spoke beside the lamp.	prior_sentence	MASC	தவமணி பேசினான்.	tavamaṇi pēciṉāṉ.	[11, 14]	ான்	தவமணி பேசினாள்.	பேசு	SG	False	True	True	public	NATIVE-CHECK-NAME-1|NATIVE-CHECK-NAME-2
GEN-X-0253-C3-062	GEN-X-0253	GEN-007	gender		C3	2	0.5000	name-cued	literary	Tavamani, a child of about ten, joined the class in June.	Tavamani spoke beside the lamp.	absent				[]		தவமணி பேசினான்.|தவமணி பேசினாள்.	பேசு	SG	False	True	True	public	NATIVE-CHECK-NAME-1|NATIVE-CHECK-NAME-2
GEN-X-0254-C1-FEM	GEN-X-0254	GEN-007	gender		C1	2	0.5000	name-cued	literary		Amuta rose beside the lamp.	in_sentence	FEM	அமுதா எழுந்தாள்.	amutā eḻuntāḷ.	[12, 15]	ாள்	அருண் எழுந்தான்.	எழு	SG	False	True	True	public	NATIVE-CHECK-NAME-1|NATIVE-CHECK-NAME-2
GEN-X-0254-C1-MASC	GEN-X-0254	GEN-007	gender		C1	2	0.5000	name-cued	literary		Arun rose beside the lamp.	in_sentence	MASC	அருண் எழுந்தான்.	aruṇ eḻuntāṉ.	[12, 15]	ான்	அமுதா எழுந்தாள்.	எழு	SG	False	True	True	public	NATIVE-CHECK-NAME-1|NATIVE-CHECK-NAME-2
GEN-X-0254-C2-FEM	GEN-X-0254	GEN-007	gender		C2	2	0.5000	name-cued	literary	Mani, a girl in my class, sat by the window through the meeting.	Mani rose beside the lamp.	prior_sentence	FEM	மணி எழுந்தாள்.	maṇi eḻuntāḷ.	[10, 13]	ாள்	மணி எழுந்தான்.	எழு	SG	False	True	True	public	NATIVE-CHECK-NAME-1|NATIVE-CHECK-NAME-2
GEN-X-0254-C2-MASC	GEN-X-0254	GEN-007	gender		C2	2	0.5000	name-cued	literary	Mani, a boy in my class, sat by the window through the meeting.	Mani rose beside the lamp.	prior_sentence	MASC	மணி எழுந்தான்.	maṇi eḻuntāṉ.	[10, 13]	ான்	மணி எழுந்தாள்.	எழு	SG	False	True	True	public	NATIVE-CHECK-NAME-1|NATIVE-CHECK-NAME-2
GEN-X-0254-C3-063	GEN-X-0254	GEN-007	gender		C3	2	0.5000	name-cued	literary	Mani, a pupil in my class, sat by the window through the meeting.	Mani rose beside the lamp.	absent				[]		மணி எழுந்தான்.|மணி எழுந்தாள்.	எழு	SG	False	True	True	public	NATIVE-CHECK-NAME-1|NATIVE-CHECK-NAME-2
GEN-X-0255-C1-FEM	GEN-X-0255	GEN-007	gender		C1	2	0.5000	name-cued	literary		Amuta sat beside the lamp.	in_sentence	FEM	அமுதா உட்கார்ந்தாள்.	amutā uṭkārntāḷ.	[16, 19]	ாள்	அருண் உட்கார்ந்தான்.	உட்கார்	SG	False	True	True	public	NATIVE-CHECK-NAME-1|NATIVE-CHECK-NAME-2
GEN-X-0255-C1-MASC	GEN-X-0255	GEN-007	gender		C1	2	0.5000	name-cued	literary		Arun sat beside the lamp.	in_sentence	MASC	அருண் உட்கார்ந்தான்.	aruṇ uṭkārntāṉ.	[16, 19]	ான்	அமுதா உட்கார்ந்தாள்.	உட்கார்	SG	False	True	True	public	NATIVE-CHECK-NAME-1|NATIVE-CHECK-NAME-2
GEN-X-0255-C2-FEM	GEN-X-0255	GEN-007	gender		C2	2	0.5000	name-cued	literary	Aram, my younger sister, had been waiting at the station since noon.	Aram sat beside the lamp.	prior_sentence	FEM	அறம் உட்கார்ந்தாள்.	aṟam uṭkārntāḷ.	[15, 18]	ாள்	அறம் உட்கார்ந்தான்.	உட்கார்	SG	False	True	True	public	NATIVE-CHECK-NAME-1|NATIVE-CHECK-NAME-2
GEN-X-0255-C2-MASC	GEN-X-0255	GEN-007	gender		C2	2	0.5000	name-cued	literary	Aram, my younger brother, had been waiting at the station since noon.	Aram sat beside the lamp.	prior_sentence	MASC	அறம் உட்கார்ந்தான்.	aṟam uṭkārntāṉ.	[15, 18]	ான்	அறம் உட்கார்ந்தாள்.	உட்கார்	SG	False	True	True	public	NATIVE-CHECK-NAME-1|NATIVE-CHECK-NAME-2
GEN-X-0255-C3-064	GEN-X-0255	GEN-007	gender		C3	2	0.5000	name-cued	literary	Aram, our new neighbour, had been waiting at the station since noon.	Aram sat beside the lamp.	absent				[]		அறம் உட்கார்ந்தான்.|அறம் உட்கார்ந்தாள்.	உட்கார்	SG	False	True	True	public	NATIVE-CHECK-NAME-1|NATIVE-CHECK-NAME-2
GEN-X-0256-C1-FEM	GEN-X-0256	GEN-007	gender		C1	2	0.5000	name-cued	literary		Amuta climbed beside the lamp.	in_sentence	FEM	அமுதா ஏறினாள்.	amutā ēṟiṉāḷ.	[10, 13]	ாள்	அருண் ஏறினான்.	ஏறு	SG	False	True	True	public	NATIVE-CHECK-NAME-1|NATIVE-CHECK-NAME-2
GEN-X-0256-C1-MASC	GEN-X-0256	GEN-007	gender		C1	2	0.5000	name-cued	literary		Arun climbed beside the lamp.	in_sentence	MASC	அருண் ஏறினான்.	aruṇ ēṟiṉāṉ.	[10, 13]	ான்	அமுதா ஏறினாள்.	ஏறு	SG	False	True	True	public	NATIVE-CHECK-NAME-1|NATIVE-CHECK-NAME-2
GEN-X-0256-C2-FEM	GEN-X-0256	GEN-007	gender		C2	2	0.5000	name-cued	literary	Arul, the girl from my class, finished the essay that night.	Arul climbed beside the lamp.	prior_sentence	FEM	அருள் ஏறினாள்.	aruḷ ēṟiṉāḷ.	[10, 13]	ாள்	அருள் ஏறினான்.	ஏறு	SG	False	True	True	public	NATIVE-CHECK-NAME-1|NATIVE-CHECK-NAME-2
GEN-X-0256-C2-MASC	GEN-X-0256	GEN-007	gender		C2	2	0.5000	name-cued	literary	Arul, the boy from my class, finished the essay that night.	Arul climbed beside the lamp.	prior_sentence	MASC	அருள் ஏறினான்.	aruḷ ēṟiṉāṉ.	[10, 13]	ான்	அருள் ஏறினாள்.	ஏறு	SG	False	True	True	public	NATIVE-CHECK-NAME-1|NATIVE-CHECK-NAME-2
GEN-X-0256-C3-065	GEN-X-0256	GEN-007	gender		C3	2	0.5000	name-cued	literary	Arul, the one from my class, finished the essay that night.	Arul climbed beside the lamp.	absent				[]		அருள் ஏறினான்.|அருள் ஏறினாள்.	ஏறு	SG	False	True	True	public	NATIVE-CHECK-NAME-1|NATIVE-CHECK-NAME-2
GEN-X-0257-C1-FEM	GEN-X-0257	GEN-007	gender		C1	2	0.5000	name-cued	literary		Amuta descended beside the lamp.	in_sentence	FEM	அமுதா இறங்கினாள்.	amutā iṟaṅkiṉāḷ.	[13, 16]	ாள்	அருண் இறங்கினான்.	இறங்கு	SG	False	True	True	public	NATIVE-CHECK-NAME-1|NATIVE-CHECK-NAME-2
GEN-X-0257-C1-MASC	GEN-X-0257	GEN-007	gender		C1	2	0.5000	name-cued	literary		Arun descended beside the lamp.	in_sentence	MASC	அருண் இறங்கினான்.	aruṇ iṟaṅkiṉāṉ.	[13, 16]	ான்	அமுதா இறங்கினாள்.	இறங்கு	SG	False	True	True	public	NATIVE-CHECK-NAME-1|NATIVE-CHECK-NAME-2
GEN-X-0257-C2-FEM	GEN-X-0257	GEN-007	gender		C2	2	0.5000	name-cued	literary	Aruli, my niece, came back from the market at dusk.	Aruli descended beside the lamp.	prior_sentence	FEM	அருளி இறங்கினாள்.	aruḷi iṟaṅkiṉāḷ.	[13, 16]	ாள்	அருளி இறங்கினான்.	இறங்கு	SG	False	True	True	public	NATIVE-CHECK-NAME-1|NATIVE-CHECK-NAME-2
GEN-X-0257-C2-MASC	GEN-X-0257	GEN-007	gender		C2	2	0.5000	name-cued	literary	Aruli, my nephew, came back from the market at dusk.	Aruli descended beside the lamp.	prior_sentence	MASC	அருளி இறங்கினான்.	aruḷi iṟaṅkiṉāṉ.	[13, 16]	ான்	அருளி இறங்கினாள்.	இறங்கு	SG	False	True	True	public	NATIVE-CHECK-NAME-1|NATIVE-CHECK-NAME-2
GEN-X-0257-C3-066	GEN-X-0257	GEN-007	gender		C3	2	0.5000	name-cued	literary	Aruli, my cousin, came back from the market at dusk.	Aruli descended beside the lamp.	absent				[]		அருளி இறங்கினான்.|அருளி இறங்கினாள்.	இறங்கு	SG	False	True	True	public	NATIVE-CHECK-NAME-1|NATIVE-CHECK-NAME-2
GEN-X-0258-C1-FEM	GEN-X-0258	GEN-007	gender		C1	2	0.5000	name-cued	literary		Amuta went beside the lamp.	in_sentence	FEM	அமுதா சென்றாள்.	amutā ceṉṟāḷ.	[11, 14]	ாள்	அருண் சென்றான்.	செல்	SG	False	True	True	public	NATIVE-CHECK-NAME-1|NATIVE-CHECK-NAME-2
GEN-X-0258-C1-MASC	GEN-X-0258	GEN-007	gender		C1	2	0.5000	name-cued	literary		Arun went beside the lamp.	in_sentence	MASC	அருண் சென்றான்.	aruṇ ceṉṟāṉ.	[11, 14]	ான்	அமுதா சென்றாள்.	செல்	SG	False	True	True	public	NATIVE-CHECK-NAME-1|NATIVE-CHECK-NAME-2
GEN-X-0258-C2-FEM	GEN-X-0258	GEN-007	gender		C2	2	0.5000	name-cued	literary	Anpu, a young woman from the village, opened the gate for us.	Anpu went beside the lamp.	prior_sentence	FEM	அன்பு சென்றாள்.	aṉpu ceṉṟāḷ.	[11, 14]	ாள்	அன்பு சென்றான்.	செல்	SG	False	True	True	public	NATIVE-CHECK-NAME-1|NATIVE-CHECK-NAME-2
GEN-X-0258-C2-MASC	GEN-X-0258	GEN-007	gender		C2	2	0.5000	name-cued	literary	Anpu, a young man from the village, opened the gate for us.	Anpu went beside the lamp.	prior_sentence	MASC	அன்பு சென்றான்.	aṉpu ceṉṟāṉ.	[11, 14]	ான்	அன்பு சென்றாள்.	செல்	SG	False	True	True	public	NATIVE-CHECK-NAME-1|NATIVE-CHECK-NAME-2
GEN-X-0258-C3-067	GEN-X-0258	GEN-007	gender		C3	2	0.5000	name-cued	literary	Anpu, a new arrival from the village, opened the gate for us.	Anpu went beside the lamp.	absent				[]		அன்பு சென்றான்.|அன்பு சென்றாள்.	செல்	SG	False	True	True	public	NATIVE-CHECK-NAME-1|NATIVE-CHECK-NAME-2
GEN-X-0259-C1-FEM	GEN-X-0259	GEN-007	gender		C1	2	0.5000	name-cued	literary		Amuta moved beside the lamp.	in_sentence	FEM	அமுதா நகர்ந்தாள்.	amutā nakarntāḷ.	[13, 16]	ாள்	அருண் நகர்ந்தான்.	நகர்	SG	False	True	True	public	NATIVE-CHECK-NAME-1|NATIVE-CHECK-NAME-2
GEN-X-0259-C1-MASC	GEN-X-0259	GEN-007	gender		C1	2	0.5000	name-cued	literary		Arun moved beside the lamp.	in_sentence	MASC	அருண் நகர்ந்தான்.	aruṇ nakarntāṉ.	[13, 16]	ான்	அமுதா நகர்ந்தாள்.	நகர்	SG	False	True	True	public	NATIVE-CHECK-NAME-1|NATIVE-CHECK-NAME-2
GEN-X-0259-C2-FEM	GEN-X-0259	GEN-007	gender		C2	2	0.5000	name-cued	literary	Elil, my daughter, had promised to be there before six.	Elil moved beside the lamp.	prior_sentence	FEM	எழில் நகர்ந்தாள்.	eḻil nakarntāḷ.	[13, 16]	ாள்	எழில் நகர்ந்தான்.	நகர்	SG	False	True	True	public	NATIVE-CHECK-NAME-1|NATIVE-CHECK-NAME-2
GEN-X-0259-C2-MASC	GEN-X-0259	GEN-007	gender		C2	2	0.5000	name-cued	literary	Elil, my son, had promised to be there before six.	Elil moved beside the lamp.	prior_sentence	MASC	எழில் நகர்ந்தான்.	eḻil nakarntāṉ.	[13, 16]	ான்	எழில் நகர்ந்தாள்.	நகர்	SG	False	True	True	public	NATIVE-CHECK-NAME-1|NATIVE-CHECK-NAME-2
GEN-X-0259-C3-068	GEN-X-0259	GEN-007	gender		C3	2	0.5000	name-cued	literary	Elil, my child, had promised to be there before six.	Elil moved beside the lamp.	absent				[]		எழில் நகர்ந்தான்.|எழில் நகர்ந்தாள்.	நகர்	SG	False	True	True	public	NATIVE-CHECK-NAME-1|NATIVE-CHECK-NAME-2
GEN-X-0260-C1-FEM	GEN-X-0260	GEN-007	gender		C1	2	0.5000	name-cued	literary		Amuta jumped beside the lamp.	in_sentence	FEM	அமுதா குதித்தாள்.	amutā kutittāḷ.	[13, 16]	ாள்	அருண் குதித்தான்.	குதி	SG	False	True	True	public	NATIVE-CHECK-NAME-1|NATIVE-CHECK-NAME-2
GEN-X-0260-C1-MASC	GEN-X-0260	GEN-007	gender		C1	2	0.5000	name-cued	literary		Arun jumped beside the lamp.	in_sentence	MASC	அருண் குதித்தான்.	aruṇ kutittāṉ.	[13, 16]	ான்	அமுதா குதித்தாள்.	குதி	SG	False	True	True	public	NATIVE-CHECK-NAME-1|NATIVE-CHECK-NAME-2
GEN-X-0260-C2-FEM	GEN-X-0260	GEN-007	gender		C2	2	0.5000	name-cued	literary	Ilamani, the schoolgirl next door, arrived on Friday without any warning.	Ilamani jumped beside the lamp.	prior_sentence	FEM	ஈழமணி குதித்தாள்.	īḻamaṇi kutittāḷ.	[13, 16]	ாள்	ஈழமணி குதித்தான்.	குதி	SG	False	True	True	public	NATIVE-CHECK-NAME-1|NATIVE-CHECK-NAME-2
GEN-X-0260-C2-MASC	GEN-X-0260	GEN-007	gender		C2	2	0.5000	name-cued	literary	Ilamani, the schoolboy next door, arrived on Friday without any warning.	Ilamani jumped beside the lamp.	prior_sentence	MASC	ஈழமணி குதித்தான்.	īḻamaṇi kutittāṉ.	[13, 16]	ான்	ஈழமணி குதித்தாள்.	குதி	SG	False	True	True	public	NATIVE-CHECK-NAME-1|NATIVE-CHECK-NAME-2
GEN-X-0260-C3-069	GEN-X-0260	GEN-007	gender		C3	2	0.5000	name-cued	literary	Ilamani, the youngster next door, arrived on Friday without any warning.	Ilamani jumped beside the lamp.	absent				[]		ஈழமணி குதித்தான்.|ஈழமணி குதித்தாள்.	குதி	SG	False	True	True	public	NATIVE-CHECK-NAME-1|NATIVE-CHECK-NAME-2
GEN-X-0271-C1-FEM	GEN-X-0271	GEN-009	gender		C1	2	0.5000	name-cued	literary		Amutu spoke just after the rain.	in_sentence	FEM	அமுது பேசினாள்.	amutu pēciṉāḷ.	[11, 14]	ாள்	அறின் பேசினான்.	பேசு	SG	False	True	True	public	NATIVE-CHECK-NAME-1|NATIVE-CHECK-NAME-2
GEN-X-0271-C1-MASC	GEN-X-0271	GEN-009	gender		C1	2	0.5000	name-cued	literary		Arin spoke just after the rain.	in_sentence	MASC	அறின் பேசினான்.	aṟiṉ pēciṉāṉ.	[11, 14]	ான்	அமுது பேசினாள்.	பேசு	SG	False	True	True	public	NATIVE-CHECK-NAME-1|NATIVE-CHECK-NAME-2
GEN-X-0271-C2-FEM	GEN-X-0271	GEN-009	gender		C2	2	0.5000	name-cued	literary	Aram, my younger sister, had been waiting at the station since noon.	Aram spoke just after the rain.	prior_sentence	FEM	அறம் பேசினாள்.	aṟam pēciṉāḷ.	[10, 13]	ாள்	அறம் பேசினான்.	பேசு	SG	False	True	True	public	NATIVE-CHECK-NAME-1|NATIVE-CHECK-NAME-2
GEN-X-0271-C2-MASC	GEN-X-0271	GEN-009	gender		C2	2	0.5000	name-cued	literary	Aram, my younger brother, had been waiting at the station since noon.	Aram spoke just after the rain.	prior_sentence	MASC	அறம் பேசினான்.	aṟam pēciṉāṉ.	[10, 13]	ான்	அறம் பேசினாள்.	பேசு	SG	False	True	True	public	NATIVE-CHECK-NAME-1|NATIVE-CHECK-NAME-2
GEN-X-0271-C3-080	GEN-X-0271	GEN-009	gender		C3	2	0.5000	name-cued	literary	Aram, our new neighbour, had been waiting at the station since noon.	Aram spoke just after the rain.	absent				[]		அறம் பேசினான்.|அறம் பேசினாள்.	பேசு	SG	False	True	True	public	NATIVE-CHECK-NAME-1|NATIVE-CHECK-NAME-2
GEN-X-0272-C1-FEM	GEN-X-0272	GEN-009	gender		C1	2	0.5000	name-cued	literary		Amutu rose just after the rain.	in_sentence	FEM	அமுது எழுந்தாள்.	amutu eḻuntāḷ.	[12, 15]	ாள்	அறின் எழுந்தான்.	எழு	SG	False	True	True	public	NATIVE-CHECK-NAME-1|NATIVE-CHECK-NAME-2
GEN-X-0272-C1-MASC	GEN-X-0272	GEN-009	gender		C1	2	0.5000	name-cued	literary		Arin rose just after the rain.	in_sentence	MASC	அறின் எழுந்தான்.	aṟiṉ eḻuntāṉ.	[12, 15]	ான்	அமுது எழுந்தாள்.	எழு	SG	False	True	True	public	NATIVE-CHECK-NAME-1|NATIVE-CHECK-NAME-2
GEN-X-0272-C2-FEM	GEN-X-0272	GEN-009	gender		C2	2	0.5000	name-cued	literary	Arul, the girl from my class, finished the essay that night.	Arul rose just after the rain.	prior_sentence	FEM	அருள் எழுந்தாள்.	aruḷ eḻuntāḷ.	[12, 15]	ாள்	அருள் எழுந்தான்.	எழு	SG	False	True	True	public	NATIVE-CHECK-NAME-1|NATIVE-CHECK-NAME-2
GEN-X-0272-C2-MASC	GEN-X-0272	GEN-009	gender		C2	2	0.5000	name-cued	literary	Arul, the boy from my class, finished the essay that night.	Arul rose just after the rain.	prior_sentence	MASC	அருள் எழுந்தான்.	aruḷ eḻuntāṉ.	[12, 15]	ான்	அருள் எழுந்தாள்.	எழு	SG	False	True	True	public	NATIVE-CHECK-NAME-1|NATIVE-CHECK-NAME-2
GEN-X-0272-C3-081	GEN-X-0272	GEN-009	gender		C3	2	0.5000	name-cued	literary	Arul, the one from my class, finished the essay that night.	Arul rose just after the rain.	absent				[]		அருள் எழுந்தான்.|அருள் எழுந்தாள்.	எழு	SG	False	True	True	public	NATIVE-CHECK-NAME-1|NATIVE-CHECK-NAME-2
GEN-X-0273-C1-FEM	GEN-X-0273	GEN-009	gender		C1	2	0.5000	name-cued	literary		Amutu sat just after the rain.	in_sentence	FEM	அமுது உட்கார்ந்தாள்.	amutu uṭkārntāḷ.	[16, 19]	ாள்	அறின் உட்கார்ந்தான்.	உட்கார்	SG	False	True	True	public	NATIVE-CHECK-NAME-1|NATIVE-CHECK-NAME-2
GEN-X-0273-C1-MASC	GEN-X-0273	GEN-009	gender		C1	2	0.5000	name-cued	literary		Arin sat just after the rain.	in_sentence	MASC	அறின் உட்கார்ந்தான்.	aṟiṉ uṭkārntāṉ.	[16, 19]	ான்	அமுது உட்கார்ந்தாள்.	உட்கார்	SG	False	True	True	public	NATIVE-CHECK-NAME-1|NATIVE-CHECK-NAME-2
GEN-X-0273-C2-FEM	GEN-X-0273	GEN-009	gender		C2	2	0.5000	name-cued	literary	Aruli, my niece, came back from the market at dusk.	Aruli sat just after the rain.	prior_sentence	FEM	அருளி உட்கார்ந்தாள்.	aruḷi uṭkārntāḷ.	[16, 19]	ாள்	அருளி உட்கார்ந்தான்.	உட்கார்	SG	False	True	True	public	NATIVE-CHECK-NAME-1|NATIVE-CHECK-NAME-2
GEN-X-0273-C2-MASC	GEN-X-0273	GEN-009	gender		C2	2	0.5000	name-cued	literary	Aruli, my nephew, came back from the market at dusk.	Aruli sat just after the rain.	prior_sentence	MASC	அருளி உட்கார்ந்தான்.	aruḷi uṭkārntāṉ.	[16, 19]	ான்	அருளி உட்கார்ந்தாள்.	உட்கார்	SG	False	True	True	public	NATIVE-CHECK-NAME-1|NATIVE-CHECK-NAME-2
GEN-X-0273-C3-082	GEN-X-0273	GEN-009	gender		C3	2	0.5000	name-cued	literary	Aruli, my cousin, came back from the market at dusk.	Aruli sat just after the rain.	absent				[]		அருளி உட்கார்ந்தான்.|அருளி உட்கார்ந்தாள்.	உட்கார்	SG	False	True	True	public	NATIVE-CHECK-NAME-1|NATIVE-CHECK-NAME-2
GEN-X-0274-C1-FEM	GEN-X-0274	GEN-009	gender		C1	2	0.5000	name-cued	literary		Amutu climbed just after the rain.	in_sentence	FEM	அமுது ஏறினாள்.	amutu ēṟiṉāḷ.	[10, 13]	ாள்	அறின் ஏறினான்.	ஏறு	SG	False	True	True	public	NATIVE-CHECK-NAME-1|NATIVE-CHECK-NAME-2
GEN-X-0274-C1-MASC	GEN-X-0274	GEN-009	gender		C1	2	0.5000	name-cued	literary		Arin climbed just after the rain.	in_sentence	MASC	அறின் ஏறினான்.	aṟiṉ ēṟiṉāṉ.	[10, 13]	ான்	அமுது ஏறினாள்.	ஏறு	SG	False	True	True	public	NATIVE-CHECK-NAME-1|NATIVE-CHECK-NAME-2
GEN-X-0274-C2-FEM	GEN-X-0274	GEN-009	gender		C2	2	0.5000	name-cued	literary	Anpu, a young woman from the village, opened the gate for us.	Anpu climbed just after the rain.	prior_sentence	FEM	அன்பு ஏறினாள்.	aṉpu ēṟiṉāḷ.	[10, 13]	ாள்	அன்பு ஏறினான்.	ஏறு	SG	False	True	True	public	NATIVE-CHECK-NAME-1|NATIVE-CHECK-NAME-2
GEN-X-0274-C2-MASC	GEN-X-0274	GEN-009	gender		C2	2	0.5000	name-cued	literary	Anpu, a young man from the village, opened the gate for us.	Anpu climbed just after the rain.	prior_sentence	MASC	அன்பு ஏறினான்.	aṉpu ēṟiṉāṉ.	[10, 13]	ான்	அன்பு ஏறினாள்.	ஏறு	SG	False	True	True	public	NATIVE-CHECK-NAME-1|NATIVE-CHECK-NAME-2
GEN-X-0274-C3-083	GEN-X-0274	GEN-009	gender		C3	2	0.5000	name-cued	literary	Anpu, a new arrival from the village, opened the gate for us.	Anpu climbed just after the rain.	absent				[]		அன்பு ஏறினான்.|அன்பு ஏறினாள்.	ஏறு	SG	False	True	True	public	NATIVE-CHECK-NAME-1|NATIVE-CHECK-NAME-2
GEN-X-0275-C1-FEM	GEN-X-0275	GEN-009	gender		C1	2	0.5000	name-cued	literary		Amutu descended just after the rain.	in_sentence	FEM	அமுது இறங்கினாள்.	amutu iṟaṅkiṉāḷ.	[13, 16]	ாள்	அறின் இறங்கினான்.	இறங்கு	SG	False	True	True	public	NATIVE-CHECK-NAME-1|NATIVE-CHECK-NAME-2
GEN-X-0275-C1-MASC	GEN-X-0275	GEN-009	gender		C1	2	0.5000	name-cued	literary		Arin descended just after the rain.	in_sentence	MASC	அறின் இறங்கினான்.	aṟiṉ iṟaṅkiṉāṉ.	[13, 16]	ான்	அமுது இறங்கினாள்.	இறங்கு	SG	False	True	True	public	NATIVE-CHECK-NAME-1|NATIVE-CHECK-NAME-2
GEN-X-0275-C2-FEM	GEN-X-0275	GEN-009	gender		C2	2	0.5000	name-cued	literary	Elil, my daughter, had promised to be there before six.	Elil descended just after the rain.	prior_sentence	FEM	எழில் இறங்கினாள்.	eḻil iṟaṅkiṉāḷ.	[13, 16]	ாள்	எழில் இறங்கினான்.	இறங்கு	SG	False	True	True	public	NATIVE-CHECK-NAME-1|NATIVE-CHECK-NAME-2
GEN-X-0275-C2-MASC	GEN-X-0275	GEN-009	gender		C2	2	0.5000	name-cued	literary	Elil, my son, had promised to be there before six.	Elil descended just after the rain.	prior_sentence	MASC	எழில் இறங்கினான்.	eḻil iṟaṅkiṉāṉ.	[13, 16]	ான்	எழில் இறங்கினாள்.	இறங்கு	SG	False	True	True	public	NATIVE-CHECK-NAME-1|NATIVE-CHECK-NAME-2
GEN-X-0275-C3-084	GEN-X-0275	GEN-009	gender		C3	2	0.5000	name-cued	literary	Elil, my child, had promised to be there before six.	Elil descended just after the rain.	absent				[]		எழில் இறங்கினான்.|எழில் இறங்கினாள்.	இறங்கு	SG	False	True	True	public	NATIVE-CHECK-NAME-1|NATIVE-CHECK-NAME-2
GEN-X-0276-C1-FEM	GEN-X-0276	GEN-009	gender		C1	2	0.5000	name-cued	literary		Amutu went just after the rain.	in_sentence	FEM	அமுது சென்றாள்.	amutu ceṉṟāḷ.	[11, 14]	ாள்	அறின் சென்றான்.	செல்	SG	False	True	True	public	NATIVE-CHECK-NAME-1|NATIVE-CHECK-NAME-2
GEN-X-0276-C1-MASC	GEN-X-0276	GEN-009	gender		C1	2	0.5000	name-cued	literary		Arin went just after the rain.	in_sentence	MASC	அறின் சென்றான்.	aṟiṉ ceṉṟāṉ.	[11, 14]	ான்	அமுது சென்றாள்.	செல்	SG	False	True	True	public	NATIVE-CHECK-NAME-1|NATIVE-CHECK-NAME-2
GEN-X-0276-C2-FEM	GEN-X-0276	GEN-009	gender		C2	2	0.5000	name-cued	literary	Ilamani, the schoolgirl next door, arrived on Friday without any warning.	Ilamani went just after the rain.	prior_sentence	FEM	ஈழமணி சென்றாள்.	īḻamaṇi ceṉṟāḷ.	[11, 14]	ாள்	ஈழமணி சென்றான்.	செல்	SG	False	True	True	public	NATIVE-CHECK-NAME-1|NATIVE-CHECK-NAME-2
GEN-X-0276-C2-MASC	GEN-X-0276	GEN-009	gender		C2	2	0.5000	name-cued	literary	Ilamani, the schoolboy next door, arrived on Friday without any warning.	Ilamani went just after the rain.	prior_sentence	MASC	ஈழமணி சென்றான்.	īḻamaṇi ceṉṟāṉ.	[11, 14]	ான்	ஈழமணி சென்றாள்.	செல்	SG	False	True	True	public	NATIVE-CHECK-NAME-1|NATIVE-CHECK-NAME-2
GEN-X-0276-C3-085	GEN-X-0276	GEN-009	gender		C3	2	0.5000	name-cued	literary	Ilamani, the youngster next door, arrived on Friday without any warning.	Ilamani went just after the rain.	absent				[]		ஈழமணி சென்றான்.|ஈழமணி சென்றாள்.	செல்	SG	False	True	True	public	NATIVE-CHECK-NAME-1|NATIVE-CHECK-NAME-2
GEN-X-0277-C1-FEM	GEN-X-0277	GEN-009	gender		C1	2	0.5000	name-cued	literary		Amutu moved just after the rain.	in_sentence	FEM	அமுது நகர்ந்தாள்.	amutu nakarntāḷ.	[13, 16]	ாள்	அறின் நகர்ந்தான்.	நகர்	SG	False	True	True	public	NATIVE-CHECK-NAME-1|NATIVE-CHECK-NAME-2
GEN-X-0277-C1-MASC	GEN-X-0277	GEN-009	gender		C1	2	0.5000	name-cued	literary		Arin moved just after the rain.	in_sentence	MASC	அறின் நகர்ந்தான்.	aṟiṉ nakarntāṉ.	[13, 16]	ான்	அமுது நகர்ந்தாள்.	நகர்	SG	False	True	True	public	NATIVE-CHECK-NAME-1|NATIVE-CHECK-NAME-2
GEN-X-0277-C2-FEM	GEN-X-0277	GEN-009	gender		C2	2	0.5000	name-cued	literary	Tavamani, a girl of about ten, joined the class in June.	Tavamani moved just after the rain.	prior_sentence	FEM	தவமணி நகர்ந்தாள்.	tavamaṇi nakarntāḷ.	[13, 16]	ாள்	தவமணி நகர்ந்தான்.	நகர்	SG	False	True	True	public	NATIVE-CHECK-NAME-1|NATIVE-CHECK-NAME-2
GEN-X-0277-C2-MASC	GEN-X-0277	GEN-009	gender		C2	2	0.5000	name-cued	literary	Tavamani, a boy of about ten, joined the class in June.	Tavamani moved just after the rain.	prior_sentence	MASC	தவமணி நகர்ந்தான்.	tavamaṇi nakarntāṉ.	[13, 16]	ான்	தவமணி நகர்ந்தாள்.	நகர்	SG	False	True	True	public	NATIVE-CHECK-NAME-1|NATIVE-CHECK-NAME-2
GEN-X-0277-C3-086	GEN-X-0277	GEN-009	gender		C3	2	0.5000	name-cued	literary	Tavamani, a child of about ten, joined the class in June.	Tavamani moved just after the rain.	absent				[]		தவமணி நகர்ந்தான்.|தவமணி நகர்ந்தாள்.	நகர்	SG	False	True	True	public	NATIVE-CHECK-NAME-1|NATIVE-CHECK-NAME-2
GEN-X-0278-C1-FEM	GEN-X-0278	GEN-009	gender		C1	2	0.5000	name-cued	literary		Amutu jumped just after the rain.	in_sentence	FEM	அமுது குதித்தாள்.	amutu kutittāḷ.	[13, 16]	ாள்	அறின் குதித்தான்.	குதி	SG	False	True	True	public	NATIVE-CHECK-NAME-1|NATIVE-CHECK-NAME-2
GEN-X-0278-C1-MASC	GEN-X-0278	GEN-009	gender		C1	2	0.5000	name-cued	literary		Arin jumped just after the rain.	in_sentence	MASC	அறின் குதித்தான்.	aṟiṉ kutittāṉ.	[13, 16]	ான்	அமுது குதித்தாள்.	குதி	SG	False	True	True	public	NATIVE-CHECK-NAME-1|NATIVE-CHECK-NAME-2
GEN-X-0278-C2-FEM	GEN-X-0278	GEN-009	gender		C2	2	0.5000	name-cued	literary	Mani, a girl in my class, sat by the window through the meeting.	Mani jumped just after the rain.	prior_sentence	FEM	மணி குதித்தாள்.	maṇi kutittāḷ.	[11, 14]	ாள்	மணி குதித்தான்.	குதி	SG	False	True	True	public	NATIVE-CHECK-NAME-1|NATIVE-CHECK-NAME-2
GEN-X-0278-C2-MASC	GEN-X-0278	GEN-009	gender		C2	2	0.5000	name-cued	literary	Mani, a boy in my class, sat by the window through the meeting.	Mani jumped just after the rain.	prior_sentence	MASC	மணி குதித்தான்.	maṇi kutittāṉ.	[11, 14]	ான்	மணி குதித்தாள்.	குதி	SG	False	True	True	public	NATIVE-CHECK-NAME-1|NATIVE-CHECK-NAME-2
GEN-X-0278-C3-087	GEN-X-0278	GEN-009	gender		C3	2	0.5000	name-cued	literary	Mani, a pupil in my class, sat by the window through the meeting.	Mani jumped just after the rain.	absent				[]		மணி குதித்தான்.|மணி குதித்தாள்.	குதி	SG	False	True	True	public	NATIVE-CHECK-NAME-1|NATIVE-CHECK-NAME-2
GEN-X-0279-C1-FEM	GEN-X-0279	GEN-009	gender		C1	2	0.5000	name-cued	literary		Amutu smiled just after the rain.	in_sentence	FEM	அமுது நகைத்தாள்.	amutu nakaittāḷ.	[12, 15]	ாள்	அறின் நகைத்தான்.	நகை	SG	False	True	True	public	NATIVE-CHECK-NAME-1|NATIVE-CHECK-NAME-2
GEN-X-0279-C1-MASC	GEN-X-0279	GEN-009	gender		C1	2	0.5000	name-cued	literary		Arin smiled just after the rain.	in_sentence	MASC	அறின் நகைத்தான்.	aṟiṉ nakaittāṉ.	[12, 15]	ான்	அமுது நகைத்தாள்.	நகை	SG	False	True	True	public	NATIVE-CHECK-NAME-1|NATIVE-CHECK-NAME-2
GEN-X-0279-C2-FEM	GEN-X-0279	GEN-009	gender		C2	2	0.5000	name-cued	literary	Aram, my younger sister, had been waiting at the station since noon.	Aram smiled just after the rain.	prior_sentence	FEM	அறம் நகைத்தாள்.	aṟam nakaittāḷ.	[11, 14]	ாள்	அறம் நகைத்தான்.	நகை	SG	False	True	True	public	NATIVE-CHECK-NAME-1|NATIVE-CHECK-NAME-2
GEN-X-0279-C2-MASC	GEN-X-0279	GEN-009	gender		C2	2	0.5000	name-cued	literary	Aram, my younger brother, had been waiting at the station since noon.	Aram smiled just after the rain.	prior_sentence	MASC	அறம் நகைத்தான்.	aṟam nakaittāṉ.	[11, 14]	ான்	அறம் நகைத்தாள்.	நகை	SG	False	True	True	public	NATIVE-CHECK-NAME-1|NATIVE-CHECK-NAME-2
GEN-X-0279-C3-088	GEN-X-0279	GEN-009	gender		C3	2	0.5000	name-cued	literary	Aram, our new neighbour, had been waiting at the station since noon.	Aram smiled just after the rain.	absent				[]		அறம் நகைத்தான்.|அறம் நகைத்தாள்.	நகை	SG	False	True	True	public	NATIVE-CHECK-NAME-1|NATIVE-CHECK-NAME-2
GEN-X-0280-C1-FEM	GEN-X-0280	GEN-009	gender		C1	2	0.5000	name-cued	literary		Amutu feared just after the rain.	in_sentence	FEM	அமுது அஞ்சினாள்.	amutu añciṉāḷ.	[12, 15]	ாள்	அறின் அஞ்சினான்.	அஞ்சு	SG	False	True	True	public	NATIVE-CHECK-NAME-1|NATIVE-CHECK-NAME-2
GEN-X-0280-C1-MASC	GEN-X-0280	GEN-009	gender		C1	2	0.5000	name-cued	literary		Arin feared just after the rain.	in_sentence	MASC	அறின் அஞ்சினான்.	aṟiṉ añciṉāṉ.	[12, 15]	ான்	அமுது அஞ்சினாள்.	அஞ்சு	SG	False	True	True	public	NATIVE-CHECK-NAME-1|NATIVE-CHECK-NAME-2
GEN-X-0280-C2-FEM	GEN-X-0280	GEN-009	gender		C2	2	0.5000	name-cued	literary	Arul, the girl from my class, finished the essay that night.	Arul feared just after the rain.	prior_sentence	FEM	அருள் அஞ்சினாள்.	aruḷ añciṉāḷ.	[12, 15]	ாள்	அருள் அஞ்சினான்.	அஞ்சு	SG	False	True	True	public	NATIVE-CHECK-NAME-1|NATIVE-CHECK-NAME-2
GEN-X-0280-C2-MASC	GEN-X-0280	GEN-009	gender		C2	2	0.5000	name-cued	literary	Arul, the boy from my class, finished the essay that night.	Arul feared just after the rain.	prior_sentence	MASC	அருள் அஞ்சினான்.	aruḷ añciṉāṉ.	[12, 15]	ான்	அருள் அஞ்சினாள்.	அஞ்சு	SG	False	True	True	public	NATIVE-CHECK-NAME-1|NATIVE-CHECK-NAME-2
GEN-X-0280-C3-089	GEN-X-0280	GEN-009	gender		C3	2	0.5000	name-cued	literary	Arul, the one from my class, finished the essay that night.	Arul feared just after the rain.	absent				[]		அருள் அஞ்சினான்.|அருள் அஞ்சினாள்.	அஞ்சு	SG	False	True	True	public	NATIVE-CHECK-NAME-1|NATIVE-CHECK-NAME-2
GEN-X-0281-C1-FEM	GEN-X-0281	GEN-010	gender		C1	2	0.5000	apposition-cued	literary		Then Aruli, a woman, came in the ward.	in_sentence	FEM	அருளி வந்தாள்.	aruḷi vantāḷ.	[10, 13]	ாள்	அருளி வந்தான்.	வா	SG	False	True	True	public	NATIVE-CHECK-NAME-1|NATIVE-CHECK-NAME-2
GEN-X-0281-C1-MASC	GEN-X-0281	GEN-010	gender		C1	2	0.5000	apposition-cued	literary		Then Aruli, a man, came in the ward.	in_sentence	MASC	அருளி வந்தான்.	aruḷi vantāṉ.	[10, 13]	ான்	அருளி வந்தாள்.	வா	SG	False	True	True	public	NATIVE-CHECK-NAME-1|NATIVE-CHECK-NAME-2
GEN-X-0281-C2-FEM	GEN-X-0281	GEN-010	gender		C2	2	0.5000	apposition-cued	literary	Aruli, my niece, came back from the market at dusk.	Then Aruli came in the ward.	prior_sentence	FEM	அருளி வந்தாள்.	aruḷi vantāḷ.	[10, 13]	ாள்	அருளி வந்தான்.	வா	SG	False	True	True	public	NATIVE-CHECK-NAME-1|NATIVE-CHECK-NAME-2
GEN-X-0281-C2-MASC	GEN-X-0281	GEN-010	gender		C2	2	0.5000	apposition-cued	literary	Aruli, my nephew, came back from the market at dusk.	Then Aruli came in the ward.	prior_sentence	MASC	அருளி வந்தான்.	aruḷi vantāṉ.	[10, 13]	ான்	அருளி வந்தாள்.	வா	SG	False	True	True	public	NATIVE-CHECK-NAME-1|NATIVE-CHECK-NAME-2
GEN-X-0281-C3-090	GEN-X-0281	GEN-010	gender		C3	2	0.5000	apposition-cued	literary	Aruli, my cousin, came back from the market at dusk.	Then Aruli came in the ward.	absent				[]		அருளி வந்தான்.|அருளி வந்தாள்.	வா	SG	False	True	True	public	NATIVE-CHECK-NAME-1|NATIVE-CHECK-NAME-2
GEN-X-0282-C1-FEM	GEN-X-0282	GEN-010	gender		C1	2	0.5000	apposition-cued	literary		Then Anpu, a girl, ran in the ward.	in_sentence	FEM	அன்பு ஓடினாள்.	aṉpu ōṭiṉāḷ.	[10, 13]	ாள்	அன்பு ஓடினான்.	ஓடு	SG	False	True	True	public	NATIVE-CHECK-NAME-1|NATIVE-CHECK-NAME-2
GEN-X-0282-C1-MASC	GEN-X-0282	GEN-010	gender		C1	2	0.5000	apposition-cued	literary		Then Anpu, a boy, ran in the ward.	in_sentence	MASC	அன்பு ஓடினான்.	aṉpu ōṭiṉāṉ.	[10, 13]	ான்	அன்பு ஓடினாள்.	ஓடு	SG	False	True	True	public	NATIVE-CHECK-NAME-1|NATIVE-CHECK-NAME-2
GEN-X-0282-C2-FEM	GEN-X-0282	GEN-010	gender		C2	2	0.5000	apposition-cued	literary	Anpu, a young woman from the village, opened the gate for us.	Then Anpu ran in the ward.	prior_sentence	FEM	அன்பு ஓடினாள்.	aṉpu ōṭiṉāḷ.	[10, 13]	ாள்	அன்பு ஓடினான்.	ஓடு	SG	False	True	True	public	NATIVE-CHECK-NAME-1|NATIVE-CHECK-NAME-2
GEN-X-0282-C2-MASC	GEN-X-0282	GEN-010	gender		C2	2	0.5000	apposition-cued	literary	Anpu, a young man from the village, opened the gate for us.	Then Anpu ran in the ward.	prior_sentence	MASC	அன்பு ஓடினான்.	aṉpu ōṭiṉāṉ.	[10, 13]	ான்	அன்பு ஓடினாள்.	ஓடு	SG	False	True	True	public	NATIVE-CHECK-NAME-1|NATIVE-CHECK-NAME-2
GEN-X-0282-C3-091	GEN-X-0282	GEN-010	gender		C3	2	0.5000	apposition-cued	literary	Anpu, a new arrival from the village, opened the gate for us.	Then Anpu ran in the ward.	absent				[]		அன்பு ஓடினான்.|அன்பு ஓடினாள்.	ஓடு	SG	False	True	True	public	NATIVE-CHECK-NAME-1|NATIVE-CHECK-NAME-2
GEN-X-0283-C1-FEM	GEN-X-0283	GEN-010	gender		C1	2	0.5000	apposition-cued	literary		Then Elil, a young woman, walked in the ward.	in_sentence	FEM	எழில் நடந்தாள்.	eḻil naṭantāḷ.	[11, 14]	ாள்	எழில் நடந்தான்.	நட	SG	False	True	True	public	NATIVE-CHECK-NAME-1|NATIVE-CHECK-NAME-2
GEN-X-0283-C1-MASC	GEN-X-0283	GEN-010	gender		C1	2	0.5000	apposition-cued	literary		Then Elil, a young man, walked in the ward.	in_sentence	MASC	எழில் நடந்தான்.	eḻil naṭantāṉ.	[11, 14]	ான்	எழில் நடந்தாள்.	நட	SG	False	True	True	public	NATIVE-CHECK-NAME-1|NATIVE-CHECK-NAME-2
GEN-X-0283-C2-FEM	GEN-X-0283	GEN-010	gender		C2	2	0.5000	apposition-cued	literary	Elil, my daughter, had promised to be there before six.	Then Elil walked in the ward.	prior_sentence	FEM	எழில் நடந்தாள்.	eḻil naṭantāḷ.	[11, 14]	ாள்	எழில் நடந்தான்.	நட	SG	False	True	True	public	NATIVE-CHECK-NAME-1|NATIVE-CHECK-NAME-2
GEN-X-0283-C2-MASC	GEN-X-0283	GEN-010	gender		C2	2	0.5000	apposition-cued	literary	Elil, my son, had promised to be there before six.	Then Elil walked in the ward.	prior_sentence	MASC	எழில் நடந்தான்.	eḻil naṭantāṉ.	[11, 14]	ான்	எழில் நடந்தாள்.	நட	SG	False	True	True	public	NATIVE-CHECK-NAME-1|NATIVE-CHECK-NAME-2
GEN-X-0283-C3-092	GEN-X-0283	GEN-010	gender		C3	2	0.5000	apposition-cued	literary	Elil, my child, had promised to be there before six.	Then Elil walked in the ward.	absent				[]		எழில் நடந்தான்.|எழில் நடந்தாள்.	நட	SG	False	True	True	public	NATIVE-CHECK-NAME-1|NATIVE-CHECK-NAME-2
GEN-X-0284-C1-FEM	GEN-X-0284	GEN-010	gender		C1	2	0.5000	apposition-cued	literary		Then Ilamani, a schoolgirl, played in the ward.	in_sentence	FEM	ஈழமணி விளையாடினாள்.	īḻamaṇi viḷaiyāṭiṉāḷ.	[15, 18]	ாள்	ஈழமணி விளையாடினான்.	விளையாடு	SG	False	True	True	public	NATIVE-CHECK-NAME-1|NATIVE-CHECK-NAME-2
GEN-X-0284-C1-MASC	GEN-X-0284	GEN-010	gender		C1	2	0.5000	apposition-cued	literary		Then Ilamani, a schoolboy, played in the ward.	in_sentence	MASC	ஈழமணி விளையாடினான்.	īḻamaṇi viḷaiyāṭiṉāṉ.	[15, 18]	ான்	ஈழமணி விளையாடினாள்.	விளையாடு	SG	False	True	True	public	NATIVE-CHECK-NAME-1|NATIVE-CHECK-NAME-2
GEN-X-0284-C2-FEM	GEN-X-0284	GEN-010	gender		C2	2	0.5000	apposition-cued	literary	Ilamani, the schoolgirl next door, arrived on Friday without any warning.	Then Ilamani played in the ward.	prior_sentence	FEM	ஈழமணி விளையாடினாள்.	īḻamaṇi viḷaiyāṭiṉāḷ.	[15, 18]	ாள்	ஈழமணி விளையாடினான்.	விளையாடு	SG	False	True	True	public	NATIVE-CHECK-NAME-1|NATIVE-CHECK-NAME-2
GEN-X-0284-C2-MASC	GEN-X-0284	GEN-010	gender		C2	2	0.5000	apposition-cued	literary	Ilamani, the schoolboy next door, arrived on Friday without any warning.	Then Ilamani played in the ward.	prior_sentence	MASC	ஈழமணி விளையாடினான்.	īḻamaṇi viḷaiyāṭiṉāṉ.	[15, 18]	ான்	ஈழமணி விளையாடினாள்.	விளையாடு	SG	False	True	True	public	NATIVE-CHECK-NAME-1|NATIVE-CHECK-NAME-2
GEN-X-0284-C3-093	GEN-X-0284	GEN-010	gender		C3	2	0.5000	apposition-cued	literary	Ilamani, the youngster next door, arrived on Friday without any warning.	Then Ilamani played in the ward.	absent				[]		ஈழமணி விளையாடினான்.|ஈழமணி விளையாடினாள்.	விளையாடு	SG	False	True	True	public	NATIVE-CHECK-NAME-1|NATIVE-CHECK-NAME-2
GEN-X-0285-C1-FEM	GEN-X-0285	GEN-010	gender		C1	2	0.5000	apposition-cued	literary		Then Tavamani, my sister, cried in the ward.	in_sentence	FEM	தவமணி அழுதாள்.	tavamaṇi aḻutāḷ.	[10, 13]	ாள்	தவமணி அழுதான்.	அழு	SG	False	True	True	public	NATIVE-CHECK-NAME-1|NATIVE-CHECK-NAME-2
GEN-X-0285-C1-MASC	GEN-X-0285	GEN-010	gender		C1	2	0.5000	apposition-cued	literary		Then Tavamani, my brother, cried in the ward.	in_sentence	MASC	தவமணி அழுதான்.	tavamaṇi aḻutāṉ.	[10, 13]	ான்	தவமணி அழுதாள்.	அழு	SG	False	True	True	public	NATIVE-CHECK-NAME-1|NATIVE-CHECK-NAME-2
GEN-X-0285-C2-FEM	GEN-X-0285	GEN-010	gender		C2	2	0.5000	apposition-cued	literary	Tavamani, a girl of about ten, joined the class in June.	Then Tavamani cried in the ward.	prior_sentence	FEM	தவமணி அழுதாள்.	tavamaṇi aḻutāḷ.	[10, 13]	ாள்	தவமணி அழுதான்.	அழு	SG	False	True	True	public	NATIVE-CHECK-NAME-1|NATIVE-CHECK-NAME-2
GEN-X-0285-C2-MASC	GEN-X-0285	GEN-010	gender		C2	2	0.5000	apposition-cued	literary	Tavamani, a boy of about ten, joined the class in June.	Then Tavamani cried in the ward.	prior_sentence	MASC	தவமணி அழுதான்.	tavamaṇi aḻutāṉ.	[10, 13]	ான்	தவமணி அழுதாள்.	அழு	SG	False	True	True	public	NATIVE-CHECK-NAME-1|NATIVE-CHECK-NAME-2
GEN-X-0285-C3-094	GEN-X-0285	GEN-010	gender		C3	2	0.5000	apposition-cued	literary	Tavamani, a child of about ten, joined the class in June.	Then Tavamani cried in the ward.	absent				[]		தவமணி அழுதான்.|தவமணி அழுதாள்.	அழு	SG	False	True	True	public	NATIVE-CHECK-NAME-1|NATIVE-CHECK-NAME-2
GEN-X-0286-C1-FEM	GEN-X-0286	GEN-010	gender		C1	2	0.5000	apposition-cued	literary		Then Mani, a young lass, laughed in the ward.	in_sentence	FEM	மணி சிரித்தாள்.	maṇi cirittāḷ.	[11, 14]	ாள்	மணி சிரித்தான்.	சிரி	SG	False	True	True	public	NATIVE-CHECK-NAME-1|NATIVE-CHECK-NAME-2
GEN-X-0286-C1-MASC	GEN-X-0286	GEN-010	gender		C1	2	0.5000	apposition-cued	literary		Then Mani, a young lad, laughed in the ward.	in_sentence	MASC	மணி சிரித்தான்.	maṇi cirittāṉ.	[11, 14]	ான்	மணி சிரித்தாள்.	சிரி	SG	False	True	True	public	NATIVE-CHECK-NAME-1|NATIVE-CHECK-NAME-2
GEN-X-0286-C2-FEM	GEN-X-0286	GEN-010	gender		C2	2	0.5000	apposition-cued	literary	Mani, a girl in my class, sat by the window through the meeting.	Then Mani laughed in the ward.	prior_sentence	FEM	மணி சிரித்தாள்.	maṇi cirittāḷ.	[11, 14]	ாள்	மணி சிரித்தான்.	சிரி	SG	False	True	True	public	NATIVE-CHECK-NAME-1|NATIVE-CHECK-NAME-2
GEN-X-0286-C2-MASC	GEN-X-0286	GEN-010	gender		C2	2	0.5000	apposition-cued	literary	Mani, a boy in my class, sat by the window through the meeting.	Then Mani laughed in the ward.	prior_sentence	MASC	மணி சிரித்தான்.	maṇi cirittāṉ.	[11, 14]	ான்	மணி சிரித்தாள்.	சிரி	SG	False	True	True	public	NATIVE-CHECK-NAME-1|NATIVE-CHECK-NAME-2
GEN-X-0286-C3-095	GEN-X-0286	GEN-010	gender		C3	2	0.5000	apposition-cued	literary	Mani, a pupil in my class, sat by the window through the meeting.	Then Mani laughed in the ward.	absent				[]		மணி சிரித்தான்.|மணி சிரித்தாள்.	சிரி	SG	False	True	True	public	NATIVE-CHECK-NAME-1|NATIVE-CHECK-NAME-2
GEN-X-0287-C1-FEM	GEN-X-0287	GEN-010	gender		C1	2	0.5000	apposition-cued	literary		Then Aram, a woman, flew in the ward.	in_sentence	FEM	அறம் பறந்தாள்.	aṟam paṟantāḷ.	[10, 13]	ாள்	அறம் பறந்தான்.	பற	SG	False	True	True	public	NATIVE-CHECK-NAME-1|NATIVE-CHECK-NAME-2
GEN-X-0287-C1-MASC	GEN-X-0287	GEN-010	gender		C1	2	0.5000	apposition-cued	literary		Then Aram, a man, flew in the ward.	in_sentence	MASC	அறம் பறந்தான்.	aṟam paṟantāṉ.	[10, 13]	ான்	அறம் பறந்தாள்.	பற	SG	False	True	True	public	NATIVE-CHECK-NAME-1|NATIVE-CHECK-NAME-2
GEN-X-0287-C2-FEM	GEN-X-0287	GEN-010	gender		C2	2	0.5000	apposition-cued	literary	Aram, my younger sister, had been waiting at the station since noon.	Then Aram flew in the ward.	prior_sentence	FEM	அறம் பறந்தாள்.	aṟam paṟantāḷ.	[10, 13]	ாள்	அறம் பறந்தான்.	பற	SG	False	True	True	public	NATIVE-CHECK-NAME-1|NATIVE-CHECK-NAME-2
GEN-X-0287-C2-MASC	GEN-X-0287	GEN-010	gender		C2	2	0.5000	apposition-cued	literary	Aram, my younger brother, had been waiting at the station since noon.	Then Aram flew in the ward.	prior_sentence	MASC	அறம் பறந்தான்.	aṟam paṟantāṉ.	[10, 13]	ான்	அறம் பறந்தாள்.	பற	SG	False	True	True	public	NATIVE-CHECK-NAME-1|NATIVE-CHECK-NAME-2
GEN-X-0287-C3-096	GEN-X-0287	GEN-010	gender		C3	2	0.5000	apposition-cued	literary	Aram, our new neighbour, had been waiting at the station since noon.	Then Aram flew in the ward.	absent				[]		அறம் பறந்தான்.|அறம் பறந்தாள்.	பற	SG	False	True	True	public	NATIVE-CHECK-NAME-1|NATIVE-CHECK-NAME-2
GEN-X-0288-C1-FEM	GEN-X-0288	GEN-010	gender		C1	2	0.5000	apposition-cued	literary		Then Arul, a girl, swam in the ward.	in_sentence	FEM	அருள் நீந்தினாள்.	aruḷ nīntiṉāḷ.	[13, 16]	ாள்	அருள் நீந்தினான்.	நீந்து	SG	False	True	True	public	NATIVE-CHECK-NAME-1|NATIVE-CHECK-NAME-2
GEN-X-0288-C1-MASC	GEN-X-0288	GEN-010	gender		C1	2	0.5000	apposition-cued	literary		Then Arul, a boy, swam in the ward.	in_sentence	MASC	அருள் நீந்தினான்.	aruḷ nīntiṉāṉ.	[13, 16]	ான்	அருள் நீந்தினாள்.	நீந்து	SG	False	True	True	public	NATIVE-CHECK-NAME-1|NATIVE-CHECK-NAME-2
GEN-X-0288-C2-FEM	GEN-X-0288	GEN-010	gender		C2	2	0.5000	apposition-cued	literary	Arul, the girl from my class, finished the essay that night.	Then Arul swam in the ward.	prior_sentence	FEM	அருள் நீந்தினாள்.	aruḷ nīntiṉāḷ.	[13, 16]	ாள்	அருள் நீந்தினான்.	நீந்து	SG	False	True	True	public	NATIVE-CHECK-NAME-1|NATIVE-CHECK-NAME-2
GEN-X-0288-C2-MASC	GEN-X-0288	GEN-010	gender		C2	2	0.5000	apposition-cued	literary	Arul, the boy from my class, finished the essay that night.	Then Arul swam in the ward.	prior_sentence	MASC	அருள் நீந்தினான்.	aruḷ nīntiṉāṉ.	[13, 16]	ான்	அருள் நீந்தினாள்.	நீந்து	SG	False	True	True	public	NATIVE-CHECK-NAME-1|NATIVE-CHECK-NAME-2
GEN-X-0288-C3-097	GEN-X-0288	GEN-010	gender		C3	2	0.5000	apposition-cued	literary	Arul, the one from my class, finished the essay that night.	Then Arul swam in the ward.	absent				[]		அருள் நீந்தினான்.|அருள் நீந்தினாள்.	நீந்து	SG	False	True	True	public	NATIVE-CHECK-NAME-1|NATIVE-CHECK-NAME-2
GEN-X-0289-C1-FEM	GEN-X-0289	GEN-010	gender		C1	2	0.5000	apposition-cued	literary		Then Aruli, a young woman, spoke in the ward.	in_sentence	FEM	அருளி பேசினாள்.	aruḷi pēciṉāḷ.	[11, 14]	ாள்	அருளி பேசினான்.	பேசு	SG	False	True	True	public	NATIVE-CHECK-NAME-1|NATIVE-CHECK-NAME-2
GEN-X-0289-C1-MASC	GEN-X-0289	GEN-010	gender		C1	2	0.5000	apposition-cued	literary		Then Aruli, a young man, spoke in the ward.	in_sentence	MASC	அருளி பேசினான்.	aruḷi pēciṉāṉ.	[11, 14]	ான்	அருளி பேசினாள்.	பேசு	SG	False	True	True	public	NATIVE-CHECK-NAME-1|NATIVE-CHECK-NAME-2
GEN-X-0289-C2-FEM	GEN-X-0289	GEN-010	gender		C2	2	0.5000	apposition-cued	literary	Aruli, my niece, came back from the market at dusk.	Then Aruli spoke in the ward.	prior_sentence	FEM	அருளி பேசினாள்.	aruḷi pēciṉāḷ.	[11, 14]	ாள்	அருளி பேசினான்.	பேசு	SG	False	True	True	public	NATIVE-CHECK-NAME-1|NATIVE-CHECK-NAME-2
GEN-X-0289-C2-MASC	GEN-X-0289	GEN-010	gender		C2	2	0.5000	apposition-cued	literary	Aruli, my nephew, came back from the market at dusk.	Then Aruli spoke in the ward.	prior_sentence	MASC	அருளி பேசினான்.	aruḷi pēciṉāṉ.	[11, 14]	ான்	அருளி பேசினாள்.	பேசு	SG	False	True	True	public	NATIVE-CHECK-NAME-1|NATIVE-CHECK-NAME-2
GEN-X-0289-C3-098	GEN-X-0289	GEN-010	gender		C3	2	0.5000	apposition-cued	literary	Aruli, my cousin, came back from the market at dusk.	Then Aruli spoke in the ward.	absent				[]		அருளி பேசினான்.|அருளி பேசினாள்.	பேசு	SG	False	True	True	public	NATIVE-CHECK-NAME-1|NATIVE-CHECK-NAME-2
GEN-X-0290-C1-FEM	GEN-X-0290	GEN-010	gender		C1	2	0.5000	apposition-cued	literary		Then Anpu, a schoolgirl, rose in the ward.	in_sentence	FEM	அன்பு எழுந்தாள்.	aṉpu eḻuntāḷ.	[12, 15]	ாள்	அன்பு எழுந்தான்.	எழு	SG	False	True	True	public	NATIVE-CHECK-NAME-1|NATIVE-CHECK-NAME-2
GEN-X-0290-C1-MASC	GEN-X-0290	GEN-010	gender		C1	2	0.5000	apposition-cued	literary		Then Anpu, a schoolboy, rose in the ward.	in_sentence	MASC	அன்பு எழுந்தான்.	aṉpu eḻuntāṉ.	[12, 15]	ான்	அன்பு எழுந்தாள்.	எழு	SG	False	True	True	public	NATIVE-CHECK-NAME-1|NATIVE-CHECK-NAME-2
GEN-X-0290-C2-FEM	GEN-X-0290	GEN-010	gender		C2	2	0.5000	apposition-cued	literary	Anpu, a young woman from the village, opened the gate for us.	Then Anpu rose in the ward.	prior_sentence	FEM	அன்பு எழுந்தாள்.	aṉpu eḻuntāḷ.	[12, 15]	ாள்	அன்பு எழுந்தான்.	எழு	SG	False	True	True	public	NATIVE-CHECK-NAME-1|NATIVE-CHECK-NAME-2
GEN-X-0290-C2-MASC	GEN-X-0290	GEN-010	gender		C2	2	0.5000	apposition-cued	literary	Anpu, a young man from the village, opened the gate for us.	Then Anpu rose in the ward.	prior_sentence	MASC	அன்பு எழுந்தான்.	aṉpu eḻuntāṉ.	[12, 15]	ான்	அன்பு எழுந்தாள்.	எழு	SG	False	True	True	public	NATIVE-CHECK-NAME-1|NATIVE-CHECK-NAME-2
GEN-X-0290-C3-099	GEN-X-0290	GEN-010	gender		C3	2	0.5000	apposition-cued	literary	Anpu, a new arrival from the village, opened the gate for us.	Then Anpu rose in the ward.	absent				[]		அன்பு எழுந்தான்.|அன்பு எழுந்தாள்.	எழு	SG	False	True	True	public	NATIVE-CHECK-NAME-1|NATIVE-CHECK-NAME-2
GEN-X-0301-C1-FEM	GEN-X-0301	GEN-012	gender		C1	2	0.5000	apposition-cued	literary		Then Tavamani, a young woman, walked by the counter.	in_sentence	FEM	தவமணி நடந்தாள்.	tavamaṇi naṭantāḷ.	[11, 14]	ாள்	தவமணி நடந்தான்.	நட	SG	False	True	True	public	NATIVE-CHECK-NAME-1|NATIVE-CHECK-NAME-2
GEN-X-0301-C1-MASC	GEN-X-0301	GEN-012	gender		C1	2	0.5000	apposition-cued	literary		Then Tavamani, a young man, walked by the counter.	in_sentence	MASC	தவமணி நடந்தான்.	tavamaṇi naṭantāṉ.	[11, 14]	ான்	தவமணி நடந்தாள்.	நட	SG	False	True	True	public	NATIVE-CHECK-NAME-1|NATIVE-CHECK-NAME-2
GEN-X-0301-C2-FEM	GEN-X-0301	GEN-012	gender		C2	2	0.5000	apposition-cued	literary	Tavamani, a girl of about ten, joined the class in June.	Then Tavamani walked by the counter.	prior_sentence	FEM	தவமணி நடந்தாள்.	tavamaṇi naṭantāḷ.	[11, 14]	ாள்	தவமணி நடந்தான்.	நட	SG	False	True	True	public	NATIVE-CHECK-NAME-1|NATIVE-CHECK-NAME-2
GEN-X-0301-C2-MASC	GEN-X-0301	GEN-012	gender		C2	2	0.5000	apposition-cued	literary	Tavamani, a boy of about ten, joined the class in June.	Then Tavamani walked by the counter.	prior_sentence	MASC	தவமணி நடந்தான்.	tavamaṇi naṭantāṉ.	[11, 14]	ான்	தவமணி நடந்தாள்.	நட	SG	False	True	True	public	NATIVE-CHECK-NAME-1|NATIVE-CHECK-NAME-2
GEN-X-0301-C3-110	GEN-X-0301	GEN-012	gender		C3	2	0.5000	apposition-cued	literary	Tavamani, a child of about ten, joined the class in June.	Then Tavamani walked by the counter.	absent				[]		தவமணி நடந்தான்.|தவமணி நடந்தாள்.	நட	SG	False	True	True	public	NATIVE-CHECK-NAME-1|NATIVE-CHECK-NAME-2
GEN-X-0302-C1-FEM	GEN-X-0302	GEN-012	gender		C1	2	0.5000	apposition-cued	literary		Then Mani, a schoolgirl, played by the counter.	in_sentence	FEM	மணி விளையாடினாள்.	maṇi viḷaiyāṭiṉāḷ.	[13, 16]	ாள்	மணி விளையாடினான்.	விளையாடு	SG	False	True	True	public	NATIVE-CHECK-NAME-1|NATIVE-CHECK-NAME-2
GEN-X-0302-C1-MASC	GEN-X-0302	GEN-012	gender		C1	2	0.5000	apposition-cued	literary		Then Mani, a schoolboy, played by the counter.	in_sentence	MASC	மணி விளையாடினான்.	maṇi viḷaiyāṭiṉāṉ.	[13, 16]	ான்	மணி விளையாடினாள்.	விளையாடு	SG	False	True	True	public	NATIVE-CHECK-NAME-1|NATIVE-CHECK-NAME-2
GEN-X-0302-C2-FEM	GEN-X-0302	GEN-012	gender		C2	2	0.5000	apposition-cued	literary	Mani, a girl in my class, sat by the window through the meeting.	Then Mani played by the counter.	prior_sentence	FEM	மணி விளையாடினாள்.	maṇi viḷaiyāṭiṉāḷ.	[13, 16]	ாள்	மணி விளையாடினான்.	விளையாடு	SG	False	True	True	public	NATIVE-CHECK-NAME-1|NATIVE-CHECK-NAME-2
GEN-X-0302-C2-MASC	GEN-X-0302	GEN-012	gender		C2	2	0.5000	apposition-cued	literary	Mani, a boy in my class, sat by the window through the meeting.	Then Mani played by the counter.	prior_sentence	MASC	மணி விளையாடினான்.	maṇi viḷaiyāṭiṉāṉ.	[13, 16]	ான்	மணி விளையாடினாள்.	விளையாடு	SG	False	True	True	public	NATIVE-CHECK-NAME-1|NATIVE-CHECK-NAME-2
GEN-X-0302-C3-111	GEN-X-0302	GEN-012	gender		C3	2	0.5000	apposition-cued	literary	Mani, a pupil in my class, sat by the window through the meeting.	Then Mani played by the counter.	absent				[]		மணி விளையாடினான்.|மணி விளையாடினாள்.	விளையாடு	SG	False	True	True	public	NATIVE-CHECK-NAME-1|NATIVE-CHECK-NAME-2
GEN-X-0303-C1-FEM	GEN-X-0303	GEN-012	gender		C1	2	0.5000	apposition-cued	literary		Then Aram, my sister, cried by the counter.	in_sentence	FEM	அறம் அழுதாள்.	aṟam aḻutāḷ.	[9, 12]	ாள்	அறம் அழுதான்.	அழு	SG	False	True	True	public	NATIVE-CHECK-NAME-1|NATIVE-CHECK-NAME-2
GEN-X-0303-C1-MASC	GEN-X-0303	GEN-012	gender		C1	2	0.5000	apposition-cued	literary		Then Aram, my brother, cried by the counter.	in_sentence	MASC	அறம் அழுதான்.	aṟam aḻutāṉ.	[9, 12]	ான்	அறம் அழுதாள்.	அழு	SG	False	True	True	public	NATIVE-CHECK-NAME-1|NATIVE-CHECK-NAME-2
GEN-X-0303-C2-FEM	GEN-X-0303	GEN-012	gender		C2	2	0.5000	apposition-cued	literary	Aram, my younger sister, had been waiting at the station since noon.	Then Aram cried by the counter.	prior_sentence	FEM	அறம் அழுதாள்.	aṟam aḻutāḷ.	[9, 12]	ாள்	அறம் அழுதான்.	அழு	SG	False	True	True	public	NATIVE-CHECK-NAME-1|NATIVE-CHECK-NAME-2
GEN-X-0303-C2-MASC	GEN-X-0303	GEN-012	gender		C2	2	0.5000	apposition-cued	literary	Aram, my younger brother, had been waiting at the station since noon.	Then Aram cried by the counter.	prior_sentence	MASC	அறம் அழுதான்.	aṟam aḻutāṉ.	[9, 12]	ான்	அறம் அழுதாள்.	அழு	SG	False	True	True	public	NATIVE-CHECK-NAME-1|NATIVE-CHECK-NAME-2
GEN-X-0303-C3-112	GEN-X-0303	GEN-012	gender		C3	2	0.5000	apposition-cued	literary	Aram, our new neighbour, had been waiting at the station since noon.	Then Aram cried by the counter.	absent				[]		அறம் அழுதான்.|அறம் அழுதாள்.	அழு	SG	False	True	True	public	NATIVE-CHECK-NAME-1|NATIVE-CHECK-NAME-2
GEN-X-0304-C1-FEM	GEN-X-0304	GEN-012	gender		C1	2	0.5000	apposition-cued	literary		Then Arul, a young lass, laughed by the counter.	in_sentence	FEM	அருள் சிரித்தாள்.	aruḷ cirittāḷ.	[13, 16]	ாள்	அருள் சிரித்தான்.	சிரி	SG	False	True	True	public	NATIVE-CHECK-NAME-1|NATIVE-CHECK-NAME-2
GEN-X-0304-C1-MASC	GEN-X-0304	GEN-012	gender		C1	2	0.5000	apposition-cued	literary		Then Arul, a young lad, laughed by the counter.	in_sentence	MASC	அருள் சிரித்தான்.	aruḷ cirittāṉ.	[13, 16]	ான்	அருள் சிரித்தாள்.	சிரி	SG	False	True	True	public	NATIVE-CHECK-NAME-1|NATIVE-CHECK-NAME-2
GEN-X-0304-C2-FEM	GEN-X-0304	GEN-012	gender		C2	2	0.5000	apposition-cued	literary	Arul, the girl from my class, finished the essay that night.	Then Arul laughed by the counter.	prior_sentence	FEM	அருள் சிரித்தாள்.	aruḷ cirittāḷ.	[13, 16]	ாள்	அருள் சிரித்தான்.	சிரி	SG	False	True	True	public	NATIVE-CHECK-NAME-1|NATIVE-CHECK-NAME-2
GEN-X-0304-C2-MASC	GEN-X-0304	GEN-012	gender		C2	2	0.5000	apposition-cued	literary	Arul, the boy from my class, finished the essay that night.	Then Arul laughed by the counter.	prior_sentence	MASC	அருள் சிரித்தான்.	aruḷ cirittāṉ.	[13, 16]	ான்	அருள் சிரித்தாள்.	சிரி	SG	False	True	True	public	NATIVE-CHECK-NAME-1|NATIVE-CHECK-NAME-2
GEN-X-0304-C3-113	GEN-X-0304	GEN-012	gender		C3	2	0.5000	apposition-cued	literary	Arul, the one from my class, finished the essay that night.	Then Arul laughed by the counter.	absent				[]		அருள் சிரித்தான்.|அருள் சிரித்தாள்.	சிரி	SG	False	True	True	public	NATIVE-CHECK-NAME-1|NATIVE-CHECK-NAME-2
GEN-X-0305-C1-FEM	GEN-X-0305	GEN-012	gender		C1	2	0.5000	apposition-cued	literary		Then Aruli, a woman, flew by the counter.	in_sentence	FEM	அருளி பறந்தாள்.	aruḷi paṟantāḷ.	[11, 14]	ாள்	அருளி பறந்தான்.	பற	SG	False	True	True	public	NATIVE-CHECK-NAME-1|NATIVE-CHECK-NAME-2
GEN-X-0305-C1-MASC	GEN-X-0305	GEN-012	gender		C1	2	0.5000	apposition-cued	literary		Then Aruli, a man, flew by the counter.	in_sentence	MASC	அருளி பறந்தான்.	aruḷi paṟantāṉ.	[11, 14]	ான்	அருளி பறந்தாள்.	பற	SG	False	True	True	public	NATIVE-CHECK-NAME-1|NATIVE-CHECK-NAME-2
GEN-X-0305-C2-FEM	GEN-X-0305	GEN-012	gender		C2	2	0.5000	apposition-cued	literary	Aruli, my niece, came back from the market at dusk.	Then Aruli flew by the counter.	prior_sentence	FEM	அருளி பறந்தாள்.	aruḷi paṟantāḷ.	[11, 14]	ாள்	அருளி பறந்தான்.	பற	SG	False	True	True	public	NATIVE-CHECK-NAME-1|NATIVE-CHECK-NAME-2
GEN-X-0305-C2-MASC	GEN-X-0305	GEN-012	gender		C2	2	0.5000	apposition-cued	literary	Aruli, my nephew, came back from the market at dusk.	Then Aruli flew by the counter.	prior_sentence	MASC	அருளி பறந்தான்.	aruḷi paṟantāṉ.	[11, 14]	ான்	அருளி பறந்தாள்.	பற	SG	False	True	True	public	NATIVE-CHECK-NAME-1|NATIVE-CHECK-NAME-2
GEN-X-0305-C3-114	GEN-X-0305	GEN-012	gender		C3	2	0.5000	apposition-cued	literary	Aruli, my cousin, came back from the market at dusk.	Then Aruli flew by the counter.	absent				[]		அருளி பறந்தான்.|அருளி பறந்தாள்.	பற	SG	False	True	True	public	NATIVE-CHECK-NAME-1|NATIVE-CHECK-NAME-2
GEN-X-0306-C1-FEM	GEN-X-0306	GEN-012	gender		C1	2	0.5000	apposition-cued	literary		Then Anpu, a girl, swam by the counter.	in_sentence	FEM	அன்பு நீந்தினாள்.	aṉpu nīntiṉāḷ.	[13, 16]	ாள்	அன்பு நீந்தினான்.	நீந்து	SG	False	True	True	public	NATIVE-CHECK-NAME-1|NATIVE-CHECK-NAME-2
GEN-X-0306-C1-MASC	GEN-X-0306	GEN-012	gender		C1	2	0.5000	apposition-cued	literary		Then Anpu, a boy, swam by the counter.	in_sentence	MASC	அன்பு நீந்தினான்.	aṉpu nīntiṉāṉ.	[13, 16]	ான்	அன்பு நீந்தினாள்.	நீந்து	SG	False	True	True	public	NATIVE-CHECK-NAME-1|NATIVE-CHECK-NAME-2
GEN-X-0306-C2-FEM	GEN-X-0306	GEN-012	gender		C2	2	0.5000	apposition-cued	literary	Anpu, a young woman from the village, opened the gate for us.	Then Anpu swam by the counter.	prior_sentence	FEM	அன்பு நீந்தினாள்.	aṉpu nīntiṉāḷ.	[13, 16]	ாள்	அன்பு நீந்தினான்.	நீந்து	SG	False	True	True	public	NATIVE-CHECK-NAME-1|NATIVE-CHECK-NAME-2
GEN-X-0306-C2-MASC	GEN-X-0306	GEN-012	gender		C2	2	0.5000	apposition-cued	literary	Anpu, a young man from the village, opened the gate for us.	Then Anpu swam by the counter.	prior_sentence	MASC	அன்பு நீந்தினான்.	aṉpu nīntiṉāṉ.	[13, 16]	ான்	அன்பு நீந்தினாள்.	நீந்து	SG	False	True	True	public	NATIVE-CHECK-NAME-1|NATIVE-CHECK-NAME-2
GEN-X-0306-C3-115	GEN-X-0306	GEN-012	gender		C3	2	0.5000	apposition-cued	literary	Anpu, a new arrival from the village, opened the gate for us.	Then Anpu swam by the counter.	absent				[]		அன்பு நீந்தினான்.|அன்பு நீந்தினாள்.	நீந்து	SG	False	True	True	public	NATIVE-CHECK-NAME-1|NATIVE-CHECK-NAME-2
GEN-X-0307-C1-FEM	GEN-X-0307	GEN-012	gender		C1	2	0.5000	apposition-cued	literary		Then Elil, a young woman, spoke by the counter.	in_sentence	FEM	எழில் பேசினாள்.	eḻil pēciṉāḷ.	[11, 14]	ாள்	எழில் பேசினான்.	பேசு	SG	False	True	True	public	NATIVE-CHECK-NAME-1|NATIVE-CHECK-NAME-2
GEN-X-0307-C1-MASC	GEN-X-0307	GEN-012	gender		C1	2	0.5000	apposition-cued	literary		Then Elil, a young man, spoke by the counter.	in_sentence	MASC	எழில் பேசினான்.	eḻil pēciṉāṉ.	[11, 14]	ான்	எழில் பேசினாள்.	பேசு	SG	False	True	True	public	NATIVE-CHECK-NAME-1|NATIVE-CHECK-NAME-2
GEN-X-0307-C2-FEM	GEN-X-0307	GEN-012	gender		C2	2	0.5000	apposition-cued	literary	Elil, my daughter, had promised to be there before six.	Then Elil spoke by the counter.	prior_sentence	FEM	எழில் பேசினாள்.	eḻil pēciṉāḷ.	[11, 14]	ாள்	எழில் பேசினான்.	பேசு	SG	False	True	True	public	NATIVE-CHECK-NAME-1|NATIVE-CHECK-NAME-2
GEN-X-0307-C2-MASC	GEN-X-0307	GEN-012	gender		C2	2	0.5000	apposition-cued	literary	Elil, my son, had promised to be there before six.	Then Elil spoke by the counter.	prior_sentence	MASC	எழில் பேசினான்.	eḻil pēciṉāṉ.	[11, 14]	ான்	எழில் பேசினாள்.	பேசு	SG	False	True	True	public	NATIVE-CHECK-NAME-1|NATIVE-CHECK-NAME-2
GEN-X-0307-C3-116	GEN-X-0307	GEN-012	gender		C3	2	0.5000	apposition-cued	literary	Elil, my child, had promised to be there before six.	Then Elil spoke by the counter.	absent				[]		எழில் பேசினான்.|எழில் பேசினாள்.	பேசு	SG	False	True	True	public	NATIVE-CHECK-NAME-1|NATIVE-CHECK-NAME-2
GEN-X-0308-C1-FEM	GEN-X-0308	GEN-012	gender		C1	2	0.5000	apposition-cued	literary		Then Ilamani, a schoolgirl, rose by the counter.	in_sentence	FEM	ஈழமணி எழுந்தாள்.	īḻamaṇi eḻuntāḷ.	[12, 15]	ாள்	ஈழமணி எழுந்தான்.	எழு	SG	False	True	True	public	NATIVE-CHECK-NAME-1|NATIVE-CHECK-NAME-2
GEN-X-0308-C1-MASC	GEN-X-0308	GEN-012	gender		C1	2	0.5000	apposition-cued	literary		Then Ilamani, a schoolboy, rose by the counter.	in_sentence	MASC	ஈழமணி எழுந்தான்.	īḻamaṇi eḻuntāṉ.	[12, 15]	ான்	ஈழமணி எழுந்தாள்.	எழு	SG	False	True	True	public	NATIVE-CHECK-NAME-1|NATIVE-CHECK-NAME-2
GEN-X-0308-C2-FEM	GEN-X-0308	GEN-012	gender		C2	2	0.5000	apposition-cued	literary	Ilamani, the schoolgirl next door, arrived on Friday without any warning.	Then Ilamani rose by the counter.	prior_sentence	FEM	ஈழமணி எழுந்தாள்.	īḻamaṇi eḻuntāḷ.	[12, 15]	ாள்	ஈழமணி எழுந்தான்.	எழு	SG	False	True	True	public	NATIVE-CHECK-NAME-1|NATIVE-CHECK-NAME-2
GEN-X-0308-C2-MASC	GEN-X-0308	GEN-012	gender		C2	2	0.5000	apposition-cued	literary	Ilamani, the schoolboy next door, arrived on Friday without any warning.	Then Ilamani rose by the counter.	prior_sentence	MASC	ஈழமணி எழுந்தான்.	īḻamaṇi eḻuntāṉ.	[12, 15]	ான்	ஈழமணி எழுந்தாள்.	எழு	SG	False	True	True	public	NATIVE-CHECK-NAME-1|NATIVE-CHECK-NAME-2
GEN-X-0308-C3-117	GEN-X-0308	GEN-012	gender		C3	2	0.5000	apposition-cued	literary	Ilamani, the youngster next door, arrived on Friday without any warning.	Then Ilamani rose by the counter.	absent				[]		ஈழமணி எழுந்தான்.|ஈழமணி எழுந்தாள்.	எழு	SG	False	True	True	public	NATIVE-CHECK-NAME-1|NATIVE-CHECK-NAME-2
GEN-X-0309-C1-FEM	GEN-X-0309	GEN-012	gender		C1	2	0.5000	apposition-cued	literary		Then Tavamani, my sister, sat by the counter.	in_sentence	FEM	தவமணி உட்கார்ந்தாள்.	tavamaṇi uṭkārntāḷ.	[16, 19]	ாள்	தவமணி உட்கார்ந்தான்.	உட்கார்	SG	False	True	True	public	NATIVE-CHECK-NAME-1|NATIVE-CHECK-NAME-2
GEN-X-0309-C1-MASC	GEN-X-0309	GEN-012	gender		C1	2	0.5000	apposition-cued	literary		Then Tavamani, my brother, sat by the counter.	in_sentence	MASC	தவமணி உட்கார்ந்தான்.	tavamaṇi uṭkārntāṉ.	[16, 19]	ான்	தவமணி உட்கார்ந்தாள்.	உட்கார்	SG	False	True	True	public	NATIVE-CHECK-NAME-1|NATIVE-CHECK-NAME-2
GEN-X-0309-C2-FEM	GEN-X-0309	GEN-012	gender		C2	2	0.5000	apposition-cued	literary	Tavamani, a girl of about ten, joined the class in June.	Then Tavamani sat by the counter.	prior_sentence	FEM	தவமணி உட்கார்ந்தாள்.	tavamaṇi uṭkārntāḷ.	[16, 19]	ாள்	தவமணி உட்கார்ந்தான்.	உட்கார்	SG	False	True	True	public	NATIVE-CHECK-NAME-1|NATIVE-CHECK-NAME-2
GEN-X-0309-C2-MASC	GEN-X-0309	GEN-012	gender		C2	2	0.5000	apposition-cued	literary	Tavamani, a boy of about ten, joined the class in June.	Then Tavamani sat by the counter.	prior_sentence	MASC	தவமணி உட்கார்ந்தான்.	tavamaṇi uṭkārntāṉ.	[16, 19]	ான்	தவமணி உட்கார்ந்தாள்.	உட்கார்	SG	False	True	True	public	NATIVE-CHECK-NAME-1|NATIVE-CHECK-NAME-2
GEN-X-0309-C3-118	GEN-X-0309	GEN-012	gender		C3	2	0.5000	apposition-cued	literary	Tavamani, a child of about ten, joined the class in June.	Then Tavamani sat by the counter.	absent				[]		தவமணி உட்கார்ந்தான்.|தவமணி உட்கார்ந்தாள்.	உட்கார்	SG	False	True	True	public	NATIVE-CHECK-NAME-1|NATIVE-CHECK-NAME-2
GEN-X-0310-C1-FEM	GEN-X-0310	GEN-012	gender		C1	2	0.5000	apposition-cued	literary		Then Mani, a young lass, climbed by the counter.	in_sentence	FEM	மணி ஏறினாள்.	maṇi ēṟiṉāḷ.	[8, 11]	ாள்	மணி ஏறினான்.	ஏறு	SG	False	True	True	public	NATIVE-CHECK-NAME-1|NATIVE-CHECK-NAME-2
GEN-X-0310-C1-MASC	GEN-X-0310	GEN-012	gender		C1	2	0.5000	apposition-cued	literary		Then Mani, a young lad, climbed by the counter.	in_sentence	MASC	மணி ஏறினான்.	maṇi ēṟiṉāṉ.	[8, 11]	ான்	மணி ஏறினாள்.	ஏறு	SG	False	True	True	public	NATIVE-CHECK-NAME-1|NATIVE-CHECK-NAME-2
GEN-X-0310-C2-FEM	GEN-X-0310	GEN-012	gender		C2	2	0.5000	apposition-cued	literary	Mani, a girl in my class, sat by the window through the meeting.	Then Mani climbed by the counter.	prior_sentence	FEM	மணி ஏறினாள்.	maṇi ēṟiṉāḷ.	[8, 11]	ாள்	மணி ஏறினான்.	ஏறு	SG	False	True	True	public	NATIVE-CHECK-NAME-1|NATIVE-CHECK-NAME-2
GEN-X-0310-C2-MASC	GEN-X-0310	GEN-012	gender		C2	2	0.5000	apposition-cued	literary	Mani, a boy in my class, sat by the window through the meeting.	Then Mani climbed by the counter.	prior_sentence	MASC	மணி ஏறினான்.	maṇi ēṟiṉāṉ.	[8, 11]	ான்	மணி ஏறினாள்.	ஏறு	SG	False	True	True	public	NATIVE-CHECK-NAME-1|NATIVE-CHECK-NAME-2
GEN-X-0310-C3-119	GEN-X-0310	GEN-012	gender		C3	2	0.5000	apposition-cued	literary	Mani, a pupil in my class, sat by the window through the meeting.	Then Mani climbed by the counter.	absent				[]		மணி ஏறினான்.|மணி ஏறினாள்.	ஏறு	SG	False	True	True	public	NATIVE-CHECK-NAME-1|NATIVE-CHECK-NAME-2
GEN-X-0311-C1-FEM	GEN-X-0311	GEN-013	gender		C1	2	0.5000	apposition-cued	literary		Later Aram, a woman, descended that same evening.	in_sentence	FEM	அறம் இறங்கினாள்.	aṟam iṟaṅkiṉāḷ.	[12, 15]	ாள்	அறம் இறங்கினான்.	இறங்கு	SG	False	True	True	public	NATIVE-CHECK-NAME-1|NATIVE-CHECK-NAME-2
GEN-X-0311-C1-MASC	GEN-X-0311	GEN-013	gender		C1	2	0.5000	apposition-cued	literary		Later Aram, a man, descended that same evening.	in_sentence	MASC	அறம் இறங்கினான்.	aṟam iṟaṅkiṉāṉ.	[12, 15]	ான்	அறம் இறங்கினாள்.	இறங்கு	SG	False	True	True	public	NATIVE-CHECK-NAME-1|NATIVE-CHECK-NAME-2
GEN-X-0311-C2-FEM	GEN-X-0311	GEN-013	gender		C2	2	0.5000	apposition-cued	literary	Aram, my younger sister, had been waiting at the station since noon.	Later Aram descended that same evening.	prior_sentence	FEM	அறம் இறங்கினாள்.	aṟam iṟaṅkiṉāḷ.	[12, 15]	ாள்	அறம் இறங்கினான்.	இறங்கு	SG	False	True	True	public	NATIVE-CHECK-NAME-1|NATIVE-CHECK-NAME-2
GEN-X-0311-C2-MASC	GEN-X-0311	GEN-013	gender		C2	2	0.5000	apposition-cued	literary	Aram, my younger brother, had been waiting at the station since noon.	Later Aram descended that same evening.	prior_sentence	MASC	அறம் இறங்கினான்.	aṟam iṟaṅkiṉāṉ.	[12, 15]	ான்	அறம் இறங்கினாள்.	இறங்கு	SG	False	True	True	public	NATIVE-CHECK-NAME-1|NATIVE-CHECK-NAME-2
GEN-X-0311-C3-120	GEN-X-0311	GEN-013	gender		C3	2	0.5000	apposition-cued	literary	Aram, our new neighbour, had been waiting at the station since noon.	Later Aram descended that same evening.	absent				[]		அறம் இறங்கினான்.|அறம் இறங்கினாள்.	இறங்கு	SG	False	True	True	public	NATIVE-CHECK-NAME-1|NATIVE-CHECK-NAME-2
GEN-X-0312-C1-FEM	GEN-X-0312	GEN-013	gender		C1	2	0.5000	apposition-cued	literary		Later Arul, a girl, went that same evening.	in_sentence	FEM	அருள் சென்றாள்.	aruḷ ceṉṟāḷ.	[11, 14]	ாள்	அருள் சென்றான்.	செல்	SG	False	True	True	public	NATIVE-CHECK-NAME-1|NATIVE-CHECK-NAME-2
GEN-X-0312-C1-MASC	GEN-X-0312	GEN-013	gender		C1	2	0.5000	apposition-cued	literary		Later Arul, a boy, went that same evening.	in_sentence	MASC	அருள் சென்றான்.	aruḷ ceṉṟāṉ.	[11, 14]	ான்	அருள் சென்றாள்.	செல்	SG	False	True	True	public	NATIVE-CHECK-NAME-1|NATIVE-CHECK-NAME-2
GEN-X-0312-C2-FEM	GEN-X-0312	GEN-013	gender		C2	2	0.5000	apposition-cued	literary	Arul, the girl from my class, finished the essay that night.	Later Arul went that same evening.	prior_sentence	FEM	அருள் சென்றாள்.	aruḷ ceṉṟāḷ.	[11, 14]	ாள்	அருள் சென்றான்.	செல்	SG	False	True	True	public	NATIVE-CHECK-NAME-1|NATIVE-CHECK-NAME-2
GEN-X-0312-C2-MASC	GEN-X-0312	GEN-013	gender		C2	2	0.5000	apposition-cued	literary	Arul, the boy from my class, finished the essay that night.	Later Arul went that same evening.	prior_sentence	MASC	அருள் சென்றான்.	aruḷ ceṉṟāṉ.	[11, 14]	ான்	அருள் சென்றாள்.	செல்	SG	False	True	True	public	NATIVE-CHECK-NAME-1|NATIVE-CHECK-NAME-2
GEN-X-0312-C3-121	GEN-X-0312	GEN-013	gender		C3	2	0.5000	apposition-cued	literary	Arul, the one from my class, finished the essay that night.	Later Arul went that same evening.	absent				[]		அருள் சென்றான்.|அருள் சென்றாள்.	செல்	SG	False	True	True	public	NATIVE-CHECK-NAME-1|NATIVE-CHECK-NAME-2
GEN-X-0313-C1-FEM	GEN-X-0313	GEN-013	gender		C1	2	0.5000	apposition-cued	literary		Later Aruli, a young woman, moved that same evening.	in_sentence	FEM	அருளி நகர்ந்தாள்.	aruḷi nakarntāḷ.	[13, 16]	ாள்	அருளி நகர்ந்தான்.	நகர்	SG	False	True	True	public	NATIVE-CHECK-NAME-1|NATIVE-CHECK-NAME-2
GEN-X-0313-C1-MASC	GEN-X-0313	GEN-013	gender		C1	2	0.5000	apposition-cued	literary		Later Aruli, a young man, moved that same evening.	in_sentence	MASC	அருளி நகர்ந்தான்.	aruḷi nakarntāṉ.	[13, 16]	ான்	அருளி நகர்ந்தாள்.	நகர்	SG	False	True	True	public	NATIVE-CHECK-NAME-1|NATIVE-CHECK-NAME-2
GEN-X-0313-C2-FEM	GEN-X-0313	GEN-013	gender		C2	2	0.5000	apposition-cued	literary	Aruli, my niece, came back from the market at dusk.	Later Aruli moved that same evening.	prior_sentence	FEM	அருளி நகர்ந்தாள்.	aruḷi nakarntāḷ.	[13, 16]	ாள்	அருளி நகர்ந்தான்.	நகர்	SG	False	True	True	public	NATIVE-CHECK-NAME-1|NATIVE-CHECK-NAME-2
GEN-X-0313-C2-MASC	GEN-X-0313	GEN-013	gender		C2	2	0.5000	apposition-cued	literary	Aruli, my nephew, came back from the market at dusk.	Later Aruli moved that same evening.	prior_sentence	MASC	அருளி நகர்ந்தான்.	aruḷi nakarntāṉ.	[13, 16]	ான்	அருளி நகர்ந்தாள்.	நகர்	SG	False	True	True	public	NATIVE-CHECK-NAME-1|NATIVE-CHECK-NAME-2
GEN-X-0313-C3-122	GEN-X-0313	GEN-013	gender		C3	2	0.5000	apposition-cued	literary	Aruli, my cousin, came back from the market at dusk.	Later Aruli moved that same evening.	absent				[]		அருளி நகர்ந்தான்.|அருளி நகர்ந்தாள்.	நகர்	SG	False	True	True	public	NATIVE-CHECK-NAME-1|NATIVE-CHECK-NAME-2
GEN-X-0314-C1-FEM	GEN-X-0314	GEN-013	gender		C1	2	0.5000	apposition-cued	literary		Later Anpu, a schoolgirl, jumped that same evening.	in_sentence	FEM	அன்பு குதித்தாள்.	aṉpu kutittāḷ.	[13, 16]	ாள்	அன்பு குதித்தான்.	குதி	SG	False	True	True	public	NATIVE-CHECK-NAME-1|NATIVE-CHECK-NAME-2
GEN-X-0314-C1-MASC	GEN-X-0314	GEN-013	gender		C1	2	0.5000	apposition-cued	literary		Later Anpu, a schoolboy, jumped that same evening.	in_sentence	MASC	அன்பு குதித்தான்.	aṉpu kutittāṉ.	[13, 16]	ான்	அன்பு குதித்தாள்.	குதி	SG	False	True	True	public	NATIVE-CHECK-NAME-1|NATIVE-CHECK-NAME-2
GEN-X-0314-C2-FEM	GEN-X-0314	GEN-013	gender		C2	2	0.5000	apposition-cued	literary	Anpu, a young woman from the village, opened the gate for us.	Later Anpu jumped that same evening.	prior_sentence	FEM	அன்பு குதித்தாள்.	aṉpu kutittāḷ.	[13, 16]	ாள்	அன்பு குதித்தான்.	குதி	SG	False	True	True	public	NATIVE-CHECK-NAME-1|NATIVE-CHECK-NAME-2
GEN-X-0314-C2-MASC	GEN-X-0314	GEN-013	gender		C2	2	0.5000	apposition-cued	literary	Anpu, a young man from the village, opened the gate for us.	Later Anpu jumped that same evening.	prior_sentence	MASC	அன்பு குதித்தான்.	aṉpu kutittāṉ.	[13, 16]	ான்	அன்பு குதித்தாள்.	குதி	SG	False	True	True	public	NATIVE-CHECK-NAME-1|NATIVE-CHECK-NAME-2
GEN-X-0314-C3-123	GEN-X-0314	GEN-013	gender		C3	2	0.5000	apposition-cued	literary	Anpu, a new arrival from the village, opened the gate for us.	Later Anpu jumped that same evening.	absent				[]		அன்பு குதித்தான்.|அன்பு குதித்தாள்.	குதி	SG	False	True	True	public	NATIVE-CHECK-NAME-1|NATIVE-CHECK-NAME-2
GEN-X-0315-C1-FEM	GEN-X-0315	GEN-013	gender		C1	2	0.5000	apposition-cued	literary		Later Elil, my sister, smiled that same evening.	in_sentence	FEM	எழில் நகைத்தாள்.	eḻil nakaittāḷ.	[12, 15]	ாள்	எழில் நகைத்தான்.	நகை	SG	False	True	True	public	NATIVE-CHECK-NAME-1|NATIVE-CHECK-NAME-2
GEN-X-0315-C1-MASC	GEN-X-0315	GEN-013	gender		C1	2	0.5000	apposition-cued	literary		Later Elil, my brother, smiled that same evening.	in_sentence	MASC	எழில் நகைத்தான்.	eḻil nakaittāṉ.	[12, 15]	ான்	எழில் நகைத்தாள்.	நகை	SG	False	True	True	public	NATIVE-CHECK-NAME-1|NATIVE-CHECK-NAME-2
GEN-X-0315-C2-FEM	GEN-X-0315	GEN-013	gender		C2	2	0.5000	apposition-cued	literary	Elil, my daughter, had promised to be there before six.	Later Elil smiled that same evening.	prior_sentence	FEM	எழில் நகைத்தாள்.	eḻil nakaittāḷ.	[12, 15]	ாள்	எழில் நகைத்தான்.	நகை	SG	False	True	True	public	NATIVE-CHECK-NAME-1|NATIVE-CHECK-NAME-2
GEN-X-0315-C2-MASC	GEN-X-0315	GEN-013	gender		C2	2	0.5000	apposition-cued	literary	Elil, my son, had promised to be there before six.	Later Elil smiled that same evening.	prior_sentence	MASC	எழில் நகைத்தான்.	eḻil nakaittāṉ.	[12, 15]	ான்	எழில் நகைத்தாள்.	நகை	SG	False	True	True	public	NATIVE-CHECK-NAME-1|NATIVE-CHECK-NAME-2
GEN-X-0315-C3-124	GEN-X-0315	GEN-013	gender		C3	2	0.5000	apposition-cued	literary	Elil, my child, had promised to be there before six.	Later Elil smiled that same evening.	absent				[]		எழில் நகைத்தான்.|எழில் நகைத்தாள்.	நகை	SG	False	True	True	public	NATIVE-CHECK-NAME-1|NATIVE-CHECK-NAME-2
GEN-X-0316-C1-FEM	GEN-X-0316	GEN-013	gender		C1	2	0.5000	apposition-cued	literary		Later Ilamani, a young lass, feared that same evening.	in_sentence	FEM	ஈழமணி அஞ்சினாள்.	īḻamaṇi añciṉāḷ.	[12, 15]	ாள்	ஈழமணி அஞ்சினான்.	அஞ்சு	SG	False	True	True	public	NATIVE-CHECK-NAME-1|NATIVE-CHECK-NAME-2
GEN-X-0316-C1-MASC	GEN-X-0316	GEN-013	gender		C1	2	0.5000	apposition-cued	literary		Later Ilamani, a young lad, feared that same evening.	in_sentence	MASC	ஈழமணி அஞ்சினான்.	īḻamaṇi añciṉāṉ.	[12, 15]	ான்	ஈழமணி அஞ்சினாள்.	அஞ்சு	SG	False	True	True	public	NATIVE-CHECK-NAME-1|NATIVE-CHECK-NAME-2
GEN-X-0316-C2-FEM	GEN-X-0316	GEN-013	gender		C2	2	0.5000	apposition-cued	literary	Ilamani, the schoolgirl next door, arrived on Friday without any warning.	Later Ilamani feared that same evening.	prior_sentence	FEM	ஈழமணி அஞ்சினாள்.	īḻamaṇi añciṉāḷ.	[12, 15]	ாள்	ஈழமணி அஞ்சினான்.	அஞ்சு	SG	False	True	True	public	NATIVE-CHECK-NAME-1|NATIVE-CHECK-NAME-2
GEN-X-0316-C2-MASC	GEN-X-0316	GEN-013	gender		C2	2	0.5000	apposition-cued	literary	Ilamani, the schoolboy next door, arrived on Friday without any warning.	Later Ilamani feared that same evening.	prior_sentence	MASC	ஈழமணி அஞ்சினான்.	īḻamaṇi añciṉāṉ.	[12, 15]	ான்	ஈழமணி அஞ்சினாள்.	அஞ்சு	SG	False	True	True	public	NATIVE-CHECK-NAME-1|NATIVE-CHECK-NAME-2
GEN-X-0316-C3-125	GEN-X-0316	GEN-013	gender		C3	2	0.5000	apposition-cued	literary	Ilamani, the youngster next door, arrived on Friday without any warning.	Later Ilamani feared that same evening.	absent				[]		ஈழமணி அஞ்சினான்.|ஈழமணி அஞ்சினாள்.	அஞ்சு	SG	False	True	True	public	NATIVE-CHECK-NAME-1|NATIVE-CHECK-NAME-2
GEN-X-0317-C1-FEM	GEN-X-0317	GEN-013	gender		C1	2	0.5000	apposition-cued	literary		Later Tavamani, a woman, came that same evening.	in_sentence	FEM	தவமணி வந்தாள்.	tavamaṇi vantāḷ.	[10, 13]	ாள்	தவமணி வந்தான்.	வா	SG	False	True	True	public	NATIVE-CHECK-NAME-1|NATIVE-CHECK-NAME-2
GEN-X-0317-C1-MASC	GEN-X-0317	GEN-013	gender		C1	2	0.5000	apposition-cued	literary		Later Tavamani, a man, came that same evening.	in_sentence	MASC	தவமணி வந்தான்.	tavamaṇi vantāṉ.	[10, 13]	ான்	தவமணி வந்தாள்.	வா	SG	False	True	True	public	NATIVE-CHECK-NAME-1|NATIVE-CHECK-NAME-2
GEN-X-0317-C2-FEM	GEN-X-0317	GEN-013	gender		C2	2	0.5000	apposition-cued	literary	Tavamani, a girl of about ten, joined the class in June.	Later Tavamani came that same evening.	prior_sentence	FEM	தவமணி வந்தாள்.	tavamaṇi vantāḷ.	[10, 13]	ாள்	தவமணி வந்தான்.	வா	SG	False	True	True	public	NATIVE-CHECK-NAME-1|NATIVE-CHECK-NAME-2
GEN-X-0317-C2-MASC	GEN-X-0317	GEN-013	gender		C2	2	0.5000	apposition-cued	literary	Tavamani, a boy of about ten, joined the class in June.	Later Tavamani came that same evening.	prior_sentence	MASC	தவமணி வந்தான்.	tavamaṇi vantāṉ.	[10, 13]	ான்	தவமணி வந்தாள்.	வா	SG	False	True	True	public	NATIVE-CHECK-NAME-1|NATIVE-CHECK-NAME-2
GEN-X-0317-C3-126	GEN-X-0317	GEN-013	gender		C3	2	0.5000	apposition-cued	literary	Tavamani, a child of about ten, joined the class in June.	Later Tavamani came that same evening.	absent				[]		தவமணி வந்தான்.|தவமணி வந்தாள்.	வா	SG	False	True	True	public	NATIVE-CHECK-NAME-1|NATIVE-CHECK-NAME-2
GEN-X-0318-C1-FEM	GEN-X-0318	GEN-013	gender		C1	2	0.5000	apposition-cued	literary		Later Mani, a girl, ran that same evening.	in_sentence	FEM	மணி ஓடினாள்.	maṇi ōṭiṉāḷ.	[8, 11]	ாள்	மணி ஓடினான்.	ஓடு	SG	False	True	True	public	NATIVE-CHECK-NAME-1|NATIVE-CHECK-NAME-2
GEN-X-0318-C1-MASC	GEN-X-0318	GEN-013	gender		C1	2	0.5000	apposition-cued	literary		Later Mani, a boy, ran that same evening.	in_sentence	MASC	மணி ஓடினான்.	maṇi ōṭiṉāṉ.	[8, 11]	ான்	மணி ஓடினாள்.	ஓடு	SG	False	True	True	public	NATIVE-CHECK-NAME-1|NATIVE-CHECK-NAME-2
GEN-X-0318-C2-FEM	GEN-X-0318	GEN-013	gender		C2	2	0.5000	apposition-cued	literary	Mani, a girl in my class, sat by the window through the meeting.	Later Mani ran that same evening.	prior_sentence	FEM	மணி ஓடினாள்.	maṇi ōṭiṉāḷ.	[8, 11]	ாள்	மணி ஓடினான்.	ஓடு	SG	False	True	True	public	NATIVE-CHECK-NAME-1|NATIVE-CHECK-NAME-2
GEN-X-0318-C2-MASC	GEN-X-0318	GEN-013	gender		C2	2	0.5000	apposition-cued	literary	Mani, a boy in my class, sat by the window through the meeting.	Later Mani ran that same evening.	prior_sentence	MASC	மணி ஓடினான்.	maṇi ōṭiṉāṉ.	[8, 11]	ான்	மணி ஓடினாள்.	ஓடு	SG	False	True	True	public	NATIVE-CHECK-NAME-1|NATIVE-CHECK-NAME-2
GEN-X-0318-C3-127	GEN-X-0318	GEN-013	gender		C3	2	0.5000	apposition-cued	literary	Mani, a pupil in my class, sat by the window through the meeting.	Later Mani ran that same evening.	absent				[]		மணி ஓடினான்.|மணி ஓடினாள்.	ஓடு	SG	False	True	True	public	NATIVE-CHECK-NAME-1|NATIVE-CHECK-NAME-2
GEN-X-0319-C1-FEM	GEN-X-0319	GEN-013	gender		C1	2	0.5000	apposition-cued	literary		Later Aram, a young woman, walked that same evening.	in_sentence	FEM	அறம் நடந்தாள்.	aṟam naṭantāḷ.	[10, 13]	ாள்	அறம் நடந்தான்.	நட	SG	False	True	True	public	NATIVE-CHECK-NAME-1|NATIVE-CHECK-NAME-2
GEN-X-0319-C1-MASC	GEN-X-0319	GEN-013	gender		C1	2	0.5000	apposition-cued	literary		Later Aram, a young man, walked that same evening.	in_sentence	MASC	அறம் நடந்தான்.	aṟam naṭantāṉ.	[10, 13]	ான்	அறம் நடந்தாள்.	நட	SG	False	True	True	public	NATIVE-CHECK-NAME-1|NATIVE-CHECK-NAME-2
GEN-X-0319-C2-FEM	GEN-X-0319	GEN-013	gender		C2	2	0.5000	apposition-cued	literary	Aram, my younger sister, had been waiting at the station since noon.	Later Aram walked that same evening.	prior_sentence	FEM	அறம் நடந்தாள்.	aṟam naṭantāḷ.	[10, 13]	ாள்	அறம் நடந்தான்.	நட	SG	False	True	True	public	NATIVE-CHECK-NAME-1|NATIVE-CHECK-NAME-2
GEN-X-0319-C2-MASC	GEN-X-0319	GEN-013	gender		C2	2	0.5000	apposition-cued	literary	Aram, my younger brother, had been waiting at the station since noon.	Later Aram walked that same evening.	prior_sentence	MASC	அறம் நடந்தான்.	aṟam naṭantāṉ.	[10, 13]	ான்	அறம் நடந்தாள்.	நட	SG	False	True	True	public	NATIVE-CHECK-NAME-1|NATIVE-CHECK-NAME-2
GEN-X-0319-C3-128	GEN-X-0319	GEN-013	gender		C3	2	0.5000	apposition-cued	literary	Aram, our new neighbour, had been waiting at the station since noon.	Later Aram walked that same evening.	absent				[]		அறம் நடந்தான்.|அறம் நடந்தாள்.	நட	SG	False	True	True	public	NATIVE-CHECK-NAME-1|NATIVE-CHECK-NAME-2
GEN-X-0320-C1-FEM	GEN-X-0320	GEN-013	gender		C1	2	0.5000	apposition-cued	literary		Later Arul, a schoolgirl, played that same evening.	in_sentence	FEM	அருள் விளையாடினாள்.	aruḷ viḷaiyāṭiṉāḷ.	[15, 18]	ாள்	அருள் விளையாடினான்.	விளையாடு	SG	False	True	True	public	NATIVE-CHECK-NAME-1|NATIVE-CHECK-NAME-2
GEN-X-0320-C1-MASC	GEN-X-0320	GEN-013	gender		C1	2	0.5000	apposition-cued	literary		Later Arul, a schoolboy, played that same evening.	in_sentence	MASC	அருள் விளையாடினான்.	aruḷ viḷaiyāṭiṉāṉ.	[15, 18]	ான்	அருள் விளையாடினாள்.	விளையாடு	SG	False	True	True	public	NATIVE-CHECK-NAME-1|NATIVE-CHECK-NAME-2
GEN-X-0320-C2-FEM	GEN-X-0320	GEN-013	gender		C2	2	0.5000	apposition-cued	literary	Arul, the girl from my class, finished the essay that night.	Later Arul played that same evening.	prior_sentence	FEM	அருள் விளையாடினாள்.	aruḷ viḷaiyāṭiṉāḷ.	[15, 18]	ாள்	அருள் விளையாடினான்.	விளையாடு	SG	False	True	True	public	NATIVE-CHECK-NAME-1|NATIVE-CHECK-NAME-2
GEN-X-0320-C2-MASC	GEN-X-0320	GEN-013	gender		C2	2	0.5000	apposition-cued	literary	Arul, the boy from my class, finished the essay that night.	Later Arul played that same evening.	prior_sentence	MASC	அருள் விளையாடினான்.	aruḷ viḷaiyāṭiṉāṉ.	[15, 18]	ான்	அருள் விளையாடினாள்.	விளையாடு	SG	False	True	True	public	NATIVE-CHECK-NAME-1|NATIVE-CHECK-NAME-2
GEN-X-0320-C3-129	GEN-X-0320	GEN-013	gender		C3	2	0.5000	apposition-cued	literary	Arul, the one from my class, finished the essay that night.	Later Arul played that same evening.	absent				[]		அருள் விளையாடினான்.|அருள் விளையாடினாள்.	விளையாடு	SG	False	True	True	public	NATIVE-CHECK-NAME-1|NATIVE-CHECK-NAME-2
GEN-X-0331-C1-FEM	GEN-X-0331	GEN-015	gender		C1	2	0.5000	apposition-cued	literary		Later Elil, a young woman, moved at the door.	in_sentence	FEM	எழில் நகர்ந்தாள்.	eḻil nakarntāḷ.	[13, 16]	ாள்	எழில் நகர்ந்தான்.	நகர்	SG	False	True	True	public	NATIVE-CHECK-NAME-1|NATIVE-CHECK-NAME-2
GEN-X-0331-C1-MASC	GEN-X-0331	GEN-015	gender		C1	2	0.5000	apposition-cued	literary		Later Elil, a young man, moved at the door.	in_sentence	MASC	எழில் நகர்ந்தான்.	eḻil nakarntāṉ.	[13, 16]	ான்	எழில் நகர்ந்தாள்.	நகர்	SG	False	True	True	public	NATIVE-CHECK-NAME-1|NATIVE-CHECK-NAME-2
GEN-X-0331-C2-FEM	GEN-X-0331	GEN-015	gender		C2	2	0.5000	apposition-cued	literary	Elil, my daughter, had promised to be there before six.	Later Elil moved at the door.	prior_sentence	FEM	எழில் நகர்ந்தாள்.	eḻil nakarntāḷ.	[13, 16]	ாள்	எழில் நகர்ந்தான்.	நகர்	SG	False	True	True	public	NATIVE-CHECK-NAME-1|NATIVE-CHECK-NAME-2
GEN-X-0331-C2-MASC	GEN-X-0331	GEN-015	gender		C2	2	0.5000	apposition-cued	literary	Elil, my son, had promised to be there before six.	Later Elil moved at the door.	prior_sentence	MASC	எழில் நகர்ந்தான்.	eḻil nakarntāṉ.	[13, 16]	ான்	எழில் நகர்ந்தாள்.	நகர்	SG	False	True	True	public	NATIVE-CHECK-NAME-1|NATIVE-CHECK-NAME-2
GEN-X-0331-C3-140	GEN-X-0331	GEN-015	gender		C3	2	0.5000	apposition-cued	literary	Elil, my child, had promised to be there before six.	Later Elil moved at the door.	absent				[]		எழில் நகர்ந்தான்.|எழில் நகர்ந்தாள்.	நகர்	SG	False	True	True	public	NATIVE-CHECK-NAME-1|NATIVE-CHECK-NAME-2
GEN-X-0332-C1-FEM	GEN-X-0332	GEN-015	gender		C1	2	0.5000	apposition-cued	literary		Later Ilamani, a schoolgirl, jumped at the door.	in_sentence	FEM	ஈழமணி குதித்தாள்.	īḻamaṇi kutittāḷ.	[13, 16]	ாள்	ஈழமணி குதித்தான்.	குதி	SG	False	True	True	public	NATIVE-CHECK-NAME-1|NATIVE-CHECK-NAME-2
GEN-X-0332-C1-MASC	GEN-X-0332	GEN-015	gender		C1	2	0.5000	apposition-cued	literary		Later Ilamani, a schoolboy, jumped at the door.	in_sentence	MASC	ஈழமணி குதித்தான்.	īḻamaṇi kutittāṉ.	[13, 16]	ான்	ஈழமணி குதித்தாள்.	குதி	SG	False	True	True	public	NATIVE-CHECK-NAME-1|NATIVE-CHECK-NAME-2
GEN-X-0332-C2-FEM	GEN-X-0332	GEN-015	gender		C2	2	0.5000	apposition-cued	literary	Ilamani, the schoolgirl next door, arrived on Friday without any warning.	Later Ilamani jumped at the door.	prior_sentence	FEM	ஈழமணி குதித்தாள்.	īḻamaṇi kutittāḷ.	[13, 16]	ாள்	ஈழமணி குதித்தான்.	குதி	SG	False	True	True	public	NATIVE-CHECK-NAME-1|NATIVE-CHECK-NAME-2
GEN-X-0332-C2-MASC	GEN-X-0332	GEN-015	gender		C2	2	0.5000	apposition-cued	literary	Ilamani, the schoolboy next door, arrived on Friday without any warning.	Later Ilamani jumped at the door.	prior_sentence	MASC	ஈழமணி குதித்தான்.	īḻamaṇi kutittāṉ.	[13, 16]	ான்	ஈழமணி குதித்தாள்.	குதி	SG	False	True	True	public	NATIVE-CHECK-NAME-1|NATIVE-CHECK-NAME-2
GEN-X-0332-C3-141	GEN-X-0332	GEN-015	gender		C3	2	0.5000	apposition-cued	literary	Ilamani, the youngster next door, arrived on Friday without any warning.	Later Ilamani jumped at the door.	absent				[]		ஈழமணி குதித்தான்.|ஈழமணி குதித்தாள்.	குதி	SG	False	True	True	public	NATIVE-CHECK-NAME-1|NATIVE-CHECK-NAME-2
GEN-X-0333-C1-FEM	GEN-X-0333	GEN-015	gender		C1	2	0.5000	apposition-cued	literary		Later Tavamani, my sister, smiled at the door.	in_sentence	FEM	தவமணி நகைத்தாள்.	tavamaṇi nakaittāḷ.	[12, 15]	ாள்	தவமணி நகைத்தான்.	நகை	SG	False	True	True	public	NATIVE-CHECK-NAME-1|NATIVE-CHECK-NAME-2
GEN-X-0333-C1-MASC	GEN-X-0333	GEN-015	gender		C1	2	0.5000	apposition-cued	literary		Later Tavamani, my brother, smiled at the door.	in_sentence	MASC	தவமணி நகைத்தான்.	tavamaṇi nakaittāṉ.	[12, 15]	ான்	தவமணி நகைத்தாள்.	நகை	SG	False	True	True	public	NATIVE-CHECK-NAME-1|NATIVE-CHECK-NAME-2
GEN-X-0333-C2-FEM	GEN-X-0333	GEN-015	gender		C2	2	0.5000	apposition-cued	literary	Tavamani, a girl of about ten, joined the class in June.	Later Tavamani smiled at the door.	prior_sentence	FEM	தவமணி நகைத்தாள்.	tavamaṇi nakaittāḷ.	[12, 15]	ாள்	தவமணி நகைத்தான்.	நகை	SG	False	True	True	public	NATIVE-CHECK-NAME-1|NATIVE-CHECK-NAME-2
GEN-X-0333-C2-MASC	GEN-X-0333	GEN-015	gender		C2	2	0.5000	apposition-cued	literary	Tavamani, a boy of about ten, joined the class in June.	Later Tavamani smiled at the door.	prior_sentence	MASC	தவமணி நகைத்தான்.	tavamaṇi nakaittāṉ.	[12, 15]	ான்	தவமணி நகைத்தாள்.	நகை	SG	False	True	True	public	NATIVE-CHECK-NAME-1|NATIVE-CHECK-NAME-2
GEN-X-0333-C3-142	GEN-X-0333	GEN-015	gender		C3	2	0.5000	apposition-cued	literary	Tavamani, a child of about ten, joined the class in June.	Later Tavamani smiled at the door.	absent				[]		தவமணி நகைத்தான்.|தவமணி நகைத்தாள்.	நகை	SG	False	True	True	public	NATIVE-CHECK-NAME-1|NATIVE-CHECK-NAME-2
GEN-X-0334-C1-FEM	GEN-X-0334	GEN-015	gender		C1	2	0.5000	apposition-cued	literary		Later Mani, a young lass, feared at the door.	in_sentence	FEM	மணி அஞ்சினாள்.	maṇi añciṉāḷ.	[10, 13]	ாள்	மணி அஞ்சினான்.	அஞ்சு	SG	False	True	True	public	NATIVE-CHECK-NAME-1|NATIVE-CHECK-NAME-2
GEN-X-0334-C1-MASC	GEN-X-0334	GEN-015	gender		C1	2	0.5000	apposition-cued	literary		Later Mani, a young lad, feared at the door.	in_sentence	MASC	மணி அஞ்சினான்.	maṇi añciṉāṉ.	[10, 13]	ான்	மணி அஞ்சினாள்.	அஞ்சு	SG	False	True	True	public	NATIVE-CHECK-NAME-1|NATIVE-CHECK-NAME-2
GEN-X-0334-C2-FEM	GEN-X-0334	GEN-015	gender		C2	2	0.5000	apposition-cued	literary	Mani, a girl in my class, sat by the window through the meeting.	Later Mani feared at the door.	prior_sentence	FEM	மணி அஞ்சினாள்.	maṇi añciṉāḷ.	[10, 13]	ாள்	மணி அஞ்சினான்.	அஞ்சு	SG	False	True	True	public	NATIVE-CHECK-NAME-1|NATIVE-CHECK-NAME-2
GEN-X-0334-C2-MASC	GEN-X-0334	GEN-015	gender		C2	2	0.5000	apposition-cued	literary	Mani, a boy in my class, sat by the window through the meeting.	Later Mani feared at the door.	prior_sentence	MASC	மணி அஞ்சினான்.	maṇi añciṉāṉ.	[10, 13]	ான்	மணி அஞ்சினாள்.	அஞ்சு	SG	False	True	True	public	NATIVE-CHECK-NAME-1|NATIVE-CHECK-NAME-2
GEN-X-0334-C3-143	GEN-X-0334	GEN-015	gender		C3	2	0.5000	apposition-cued	literary	Mani, a pupil in my class, sat by the window through the meeting.	Later Mani feared at the door.	absent				[]		மணி அஞ்சினான்.|மணி அஞ்சினாள்.	அஞ்சு	SG	False	True	True	public	NATIVE-CHECK-NAME-1|NATIVE-CHECK-NAME-2
GEN-X-0335-C1-FEM	GEN-X-0335	GEN-015	gender		C1	2	0.5000	apposition-cued	literary		Later Aram, a woman, came at the door.	in_sentence	FEM	அறம் வந்தாள்.	aṟam vantāḷ.	[9, 12]	ாள்	அறம் வந்தான்.	வா	SG	False	True	True	public	NATIVE-CHECK-NAME-1|NATIVE-CHECK-NAME-2
GEN-X-0335-C1-MASC	GEN-X-0335	GEN-015	gender		C1	2	0.5000	apposition-cued	literary		Later Aram, a man, came at the door.	in_sentence	MASC	அறம் வந்தான்.	aṟam vantāṉ.	[9, 12]	ான்	அறம் வந்தாள்.	வா	SG	False	True	True	public	NATIVE-CHECK-NAME-1|NATIVE-CHECK-NAME-2
GEN-X-0335-C2-FEM	GEN-X-0335	GEN-015	gender		C2	2	0.5000	apposition-cued	literary	Aram, my younger sister, had been waiting at the station since noon.	Later Aram came at the door.	prior_sentence	FEM	அறம் வந்தாள்.	aṟam vantāḷ.	[9, 12]	ாள்	அறம் வந்தான்.	வா	SG	False	True	True	public	NATIVE-CHECK-NAME-1|NATIVE-CHECK-NAME-2
GEN-X-0335-C2-MASC	GEN-X-0335	GEN-015	gender		C2	2	0.5000	apposition-cued	literary	Aram, my younger brother, had been waiting at the station since noon.	Later Aram came at the door.	prior_sentence	MASC	அறம் வந்தான்.	aṟam vantāṉ.	[9, 12]	ான்	அறம் வந்தாள்.	வா	SG	False	True	True	public	NATIVE-CHECK-NAME-1|NATIVE-CHECK-NAME-2
GEN-X-0335-C3-144	GEN-X-0335	GEN-015	gender		C3	2	0.5000	apposition-cued	literary	Aram, our new neighbour, had been waiting at the station since noon.	Later Aram came at the door.	absent				[]		அறம் வந்தான்.|அறம் வந்தாள்.	வா	SG	False	True	True	public	NATIVE-CHECK-NAME-1|NATIVE-CHECK-NAME-2
GEN-X-0336-C1-FEM	GEN-X-0336	GEN-015	gender		C1	2	0.5000	apposition-cued	literary		Later Arul, a girl, ran at the door.	in_sentence	FEM	அருள் ஓடினாள்.	aruḷ ōṭiṉāḷ.	[10, 13]	ாள்	அருள் ஓடினான்.	ஓடு	SG	False	True	True	public	NATIVE-CHECK-NAME-1|NATIVE-CHECK-NAME-2
GEN-X-0336-C1-MASC	GEN-X-0336	GEN-015	gender		C1	2	0.5000	apposition-cued	literary		Later Arul, a boy, ran at the door.	in_sentence	MASC	அருள் ஓடினான்.	aruḷ ōṭiṉāṉ.	[10, 13]	ான்	அருள் ஓடினாள்.	ஓடு	SG	False	True	True	public	NATIVE-CHECK-NAME-1|NATIVE-CHECK-NAME-2
GEN-X-0336-C2-FEM	GEN-X-0336	GEN-015	gender		C2	2	0.5000	apposition-cued	literary	Arul, the girl from my class, finished the essay that night.	Later Arul ran at the door.	prior_sentence	FEM	அருள் ஓடினாள்.	aruḷ ōṭiṉāḷ.	[10, 13]	ாள்	அருள் ஓடினான்.	ஓடு	SG	False	True	True	public	NATIVE-CHECK-NAME-1|NATIVE-CHECK-NAME-2
GEN-X-0336-C2-MASC	GEN-X-0336	GEN-015	gender		C2	2	0.5000	apposition-cued	literary	Arul, the boy from my class, finished the essay that night.	Later Arul ran at the door.	prior_sentence	MASC	அருள் ஓடினான்.	aruḷ ōṭiṉāṉ.	[10, 13]	ான்	அருள் ஓடினாள்.	ஓடு	SG	False	True	True	public	NATIVE-CHECK-NAME-1|NATIVE-CHECK-NAME-2
GEN-X-0336-C3-145	GEN-X-0336	GEN-015	gender		C3	2	0.5000	apposition-cued	literary	Arul, the one from my class, finished the essay that night.	Later Arul ran at the door.	absent				[]		அருள் ஓடினான்.|அருள் ஓடினாள்.	ஓடு	SG	False	True	True	public	NATIVE-CHECK-NAME-1|NATIVE-CHECK-NAME-2
GEN-X-0337-C1-FEM	GEN-X-0337	GEN-015	gender		C1	2	0.5000	apposition-cued	literary		Later Aruli, a young woman, walked at the door.	in_sentence	FEM	அருளி நடந்தாள்.	aruḷi naṭantāḷ.	[11, 14]	ாள்	அருளி நடந்தான்.	நட	SG	False	True	True	public	NATIVE-CHECK-NAME-1|NATIVE-CHECK-NAME-2
GEN-X-0337-C1-MASC	GEN-X-0337	GEN-015	gender		C1	2	0.5000	apposition-cued	literary		Later Aruli, a young man, walked at the door.	in_sentence	MASC	அருளி நடந்தான்.	aruḷi naṭantāṉ.	[11, 14]	ான்	அருளி நடந்தாள்.	நட	SG	False	True	True	public	NATIVE-CHECK-NAME-1|NATIVE-CHECK-NAME-2
GEN-X-0337-C2-FEM	GEN-X-0337	GEN-015	gender		C2	2	0.5000	apposition-cued	literary	Aruli, my niece, came back from the market at dusk.	Later Aruli walked at the door.	prior_sentence	FEM	அருளி நடந்தாள்.	aruḷi naṭantāḷ.	[11, 14]	ாள்	அருளி நடந்தான்.	நட	SG	False	True	True	public	NATIVE-CHECK-NAME-1|NATIVE-CHECK-NAME-2
GEN-X-0337-C2-MASC	GEN-X-0337	GEN-015	gender		C2	2	0.5000	apposition-cued	literary	Aruli, my nephew, came back from the market at dusk.	Later Aruli walked at the door.	prior_sentence	MASC	அருளி நடந்தான்.	aruḷi naṭantāṉ.	[11, 14]	ான்	அருளி நடந்தாள்.	நட	SG	False	True	True	public	NATIVE-CHECK-NAME-1|NATIVE-CHECK-NAME-2
GEN-X-0337-C3-146	GEN-X-0337	GEN-015	gender		C3	2	0.5000	apposition-cued	literary	Aruli, my cousin, came back from the market at dusk.	Later Aruli walked at the door.	absent				[]		அருளி நடந்தான்.|அருளி நடந்தாள்.	நட	SG	False	True	True	public	NATIVE-CHECK-NAME-1|NATIVE-CHECK-NAME-2
GEN-X-0338-C1-FEM	GEN-X-0338	GEN-015	gender		C1	2	0.5000	apposition-cued	literary		Later Anpu, a schoolgirl, played at the door.	in_sentence	FEM	அன்பு விளையாடினாள்.	aṉpu viḷaiyāṭiṉāḷ.	[15, 18]	ாள்	அன்பு விளையாடினான்.	விளையாடு	SG	False	True	True	public	NATIVE-CHECK-NAME-1|NATIVE-CHECK-NAME-2
GEN-X-0338-C1-MASC	GEN-X-0338	GEN-015	gender		C1	2	0.5000	apposition-cued	literary		Later Anpu, a schoolboy, played at the door.	in_sentence	MASC	அன்பு விளையாடினான்.	aṉpu viḷaiyāṭiṉāṉ.	[15, 18]	ான்	அன்பு விளையாடினாள்.	விளையாடு	SG	False	True	True	public	NATIVE-CHECK-NAME-1|NATIVE-CHECK-NAME-2
GEN-X-0338-C2-FEM	GEN-X-0338	GEN-015	gender		C2	2	0.5000	apposition-cued	literary	Anpu, a young woman from the village, opened the gate for us.	Later Anpu played at the door.	prior_sentence	FEM	அன்பு விளையாடினாள்.	aṉpu viḷaiyāṭiṉāḷ.	[15, 18]	ாள்	அன்பு விளையாடினான்.	விளையாடு	SG	False	True	True	public	NATIVE-CHECK-NAME-1|NATIVE-CHECK-NAME-2
GEN-X-0338-C2-MASC	GEN-X-0338	GEN-015	gender		C2	2	0.5000	apposition-cued	literary	Anpu, a young man from the village, opened the gate for us.	Later Anpu played at the door.	prior_sentence	MASC	அன்பு விளையாடினான்.	aṉpu viḷaiyāṭiṉāṉ.	[15, 18]	ான்	அன்பு விளையாடினாள்.	விளையாடு	SG	False	True	True	public	NATIVE-CHECK-NAME-1|NATIVE-CHECK-NAME-2
GEN-X-0338-C3-147	GEN-X-0338	GEN-015	gender		C3	2	0.5000	apposition-cued	literary	Anpu, a new arrival from the village, opened the gate for us.	Later Anpu played at the door.	absent				[]		அன்பு விளையாடினான்.|அன்பு விளையாடினாள்.	விளையாடு	SG	False	True	True	public	NATIVE-CHECK-NAME-1|NATIVE-CHECK-NAME-2
GEN-X-0339-C1-FEM	GEN-X-0339	GEN-015	gender		C1	2	0.5000	apposition-cued	literary		Later Elil, my sister, cried at the door.	in_sentence	FEM	எழில் அழுதாள்.	eḻil aḻutāḷ.	[10, 13]	ாள்	எழில் அழுதான்.	அழு	SG	False	True	True	public	NATIVE-CHECK-NAME-1|NATIVE-CHECK-NAME-2
GEN-X-0339-C1-MASC	GEN-X-0339	GEN-015	gender		C1	2	0.5000	apposition-cued	literary		Later Elil, my brother, cried at the door.	in_sentence	MASC	எழில் அழுதான்.	eḻil aḻutāṉ.	[10, 13]	ான்	எழில் அழுதாள்.	அழு	SG	False	True	True	public	NATIVE-CHECK-NAME-1|NATIVE-CHECK-NAME-2
GEN-X-0339-C2-FEM	GEN-X-0339	GEN-015	gender		C2	2	0.5000	apposition-cued	literary	Elil, my daughter, had promised to be there before six.	Later Elil cried at the door.	prior_sentence	FEM	எழில் அழுதாள்.	eḻil aḻutāḷ.	[10, 13]	ாள்	எழில் அழுதான்.	அழு	SG	False	True	True	public	NATIVE-CHECK-NAME-1|NATIVE-CHECK-NAME-2
GEN-X-0339-C2-MASC	GEN-X-0339	GEN-015	gender		C2	2	0.5000	apposition-cued	literary	Elil, my son, had promised to be there before six.	Later Elil cried at the door.	prior_sentence	MASC	எழில் அழுதான்.	eḻil aḻutāṉ.	[10, 13]	ான்	எழில் அழுதாள்.	அழு	SG	False	True	True	public	NATIVE-CHECK-NAME-1|NATIVE-CHECK-NAME-2
GEN-X-0339-C3-148	GEN-X-0339	GEN-015	gender		C3	2	0.5000	apposition-cued	literary	Elil, my child, had promised to be there before six.	Later Elil cried at the door.	absent				[]		எழில் அழுதான்.|எழில் அழுதாள்.	அழு	SG	False	True	True	public	NATIVE-CHECK-NAME-1|NATIVE-CHECK-NAME-2
GEN-X-0340-C1-FEM	GEN-X-0340	GEN-015	gender		C1	2	0.5000	apposition-cued	literary		Later Ilamani, a young lass, laughed at the door.	in_sentence	FEM	ஈழமணி சிரித்தாள்.	īḻamaṇi cirittāḷ.	[13, 16]	ாள்	ஈழமணி சிரித்தான்.	சிரி	SG	False	True	True	public	NATIVE-CHECK-NAME-1|NATIVE-CHECK-NAME-2
GEN-X-0340-C1-MASC	GEN-X-0340	GEN-015	gender		C1	2	0.5000	apposition-cued	literary		Later Ilamani, a young lad, laughed at the door.	in_sentence	MASC	ஈழமணி சிரித்தான்.	īḻamaṇi cirittāṉ.	[13, 16]	ான்	ஈழமணி சிரித்தாள்.	சிரி	SG	False	True	True	public	NATIVE-CHECK-NAME-1|NATIVE-CHECK-NAME-2
GEN-X-0340-C2-FEM	GEN-X-0340	GEN-015	gender		C2	2	0.5000	apposition-cued	literary	Ilamani, the schoolgirl next door, arrived on Friday without any warning.	Later Ilamani laughed at the door.	prior_sentence	FEM	ஈழமணி சிரித்தாள்.	īḻamaṇi cirittāḷ.	[13, 16]	ாள்	ஈழமணி சிரித்தான்.	சிரி	SG	False	True	True	public	NATIVE-CHECK-NAME-1|NATIVE-CHECK-NAME-2
GEN-X-0340-C2-MASC	GEN-X-0340	GEN-015	gender		C2	2	0.5000	apposition-cued	literary	Ilamani, the schoolboy next door, arrived on Friday without any warning.	Later Ilamani laughed at the door.	prior_sentence	MASC	ஈழமணி சிரித்தான்.	īḻamaṇi cirittāṉ.	[13, 16]	ான்	ஈழமணி சிரித்தாள்.	சிரி	SG	False	True	True	public	NATIVE-CHECK-NAME-1|NATIVE-CHECK-NAME-2
GEN-X-0340-C3-149	GEN-X-0340	GEN-015	gender		C3	2	0.5000	apposition-cued	literary	Ilamani, the youngster next door, arrived on Friday without any warning.	Later Ilamani laughed at the door.	absent				[]		ஈழமணி சிரித்தான்.|ஈழமணி சிரித்தாள்.	சிரி	SG	False	True	True	public	NATIVE-CHECK-NAME-1|NATIVE-CHECK-NAME-2
GEN-X-0341-C0-MASC	GEN-X-0341	GEN-001	gender		C0	2	0.5000	name-cued	literary		Aram came at noon.	instruction	MASC	அறம் வந்தான்.	aṟam vantāṉ.	[9, 12]	ான்	அறம் வந்தாள்.	வா	SG	False	True	True	public	NATIVE-CHECK-NAME-1|NATIVE-CHECK-NAME-2
GEN-X-0342-C0-FEM	GEN-X-0342	GEN-002	gender		C0	2	0.5000	name-cued	literary		Anpu climbed by the window.	instruction	FEM	அன்பு ஏறினாள்.	aṉpu ēṟiṉāḷ.	[10, 13]	ாள்	அன்பு ஏறினான்.	ஏறு	SG	False	True	True	public	NATIVE-CHECK-NAME-1|NATIVE-CHECK-NAME-2
GEN-X-0343-C0-MASC	GEN-X-0343	GEN-003	gender		C0	2	0.5000	name-cued	literary		Tavamani cried on the way home.	instruction	MASC	தவமணி அழுதான்.	tavamaṇi aḻutāṉ.	[10, 13]	ான்	தவமணி அழுதாள்.	அழு	SG	False	True	True	public	NATIVE-CHECK-NAME-1|NATIVE-CHECK-NAME-2
GEN-X-0344-C0-FEM	GEN-X-0344	GEN-001	gender		C0	2	0.5000	name-cued	literary		Anpu played at noon.	instruction	FEM	அன்பு விளையாடினாள்.	aṉpu viḷaiyāṭiṉāḷ.	[15, 18]	ாள்	அன்பு விளையாடினான்.	விளையாடு	SG	False	True	True	public	NATIVE-CHECK-NAME-1|NATIVE-CHECK-NAME-2
GEN-X-0345-C0-MASC	GEN-X-0345	GEN-002	gender		C0	2	0.5000	name-cued	literary		Tavamani moved by the window.	instruction	MASC	தவமணி நகர்ந்தான்.	tavamaṇi nakarntāṉ.	[13, 16]	ான்	தவமணி நகர்ந்தாள்.	நகர்	SG	False	True	True	public	NATIVE-CHECK-NAME-1|NATIVE-CHECK-NAME-2
GEN-X-0346-C0-FEM	GEN-X-0346	GEN-003	gender		C0	2	0.5000	name-cued	literary		Arul swam on the way home.	instruction	FEM	அருள் நீந்தினாள்.	aruḷ nīntiṉāḷ.	[13, 16]	ாள்	அருள் நீந்தினான்.	நீந்து	SG	False	True	True	public	NATIVE-CHECK-NAME-1|NATIVE-CHECK-NAME-2
GEN-X-0347-C0-MASC	GEN-X-0347	GEN-001	gender		C0	2	0.5000	name-cued	literary		Tavamani flew at noon.	instruction	MASC	தவமணி பறந்தான்.	tavamaṇi paṟantāṉ.	[11, 14]	ான்	தவமணி பறந்தாள்.	பற	SG	False	True	True	public	NATIVE-CHECK-NAME-1|NATIVE-CHECK-NAME-2
GEN-X-0348-C0-FEM	GEN-X-0348	GEN-002	gender		C0	2	0.5000	name-cued	literary		Arul feared by the window.	instruction	FEM	அருள் அஞ்சினாள்.	aruḷ añciṉāḷ.	[12, 15]	ாள்	அருள் அஞ்சினான்.	அஞ்சு	SG	False	True	True	public	NATIVE-CHECK-NAME-1|NATIVE-CHECK-NAME-2
GEN-X-0349-C0-MASC	GEN-X-0349	GEN-003	gender		C0	2	0.5000	name-cued	literary		Elil sat on the way home.	instruction	MASC	எழில் உட்கார்ந்தான்.	eḻil uṭkārntāṉ.	[16, 19]	ான்	எழில் உட்கார்ந்தாள்.	உட்கார்	SG	False	True	True	public	NATIVE-CHECK-NAME-1|NATIVE-CHECK-NAME-2
GEN-X-0350-C0-FEM	GEN-X-0350	GEN-001	gender		C0	2	0.5000	name-cued	literary		Arul rose at noon.	instruction	FEM	அருள் எழுந்தாள்.	aruḷ eḻuntāḷ.	[12, 15]	ாள்	அருள் எழுந்தான்.	எழு	SG	False	True	True	public	NATIVE-CHECK-NAME-1|NATIVE-CHECK-NAME-2
GEN-X-0351-C0-MASC	GEN-X-0351	GEN-002	gender		C0	2	0.5000	name-cued	literary		Aruli sat by the window.	instruction	MASC	அருளி உட்கார்ந்தான்.	aruḷi uṭkārntāṉ.	[16, 19]	ான்	அருளி உட்கார்ந்தாள்.	உட்கார்	SG	False	True	True	public	NATIVE-CHECK-NAME-1|NATIVE-CHECK-NAME-2
GEN-X-0352-C0-FEM	GEN-X-0352	GEN-003	gender		C0	2	0.5000	name-cued	literary		Ilamani played on the way home.	instruction	FEM	ஈழமணி விளையாடினாள்.	īḻamaṇi viḷaiyāṭiṉāḷ.	[15, 18]	ாள்	ஈழமணி விளையாடினான்.	விளையாடு	SG	False	True	True	public	NATIVE-CHECK-NAME-1|NATIVE-CHECK-NAME-2
GEN-X-0353-C0-MASC	GEN-X-0353	GEN-001	gender		C0	2	0.5000	name-cued	literary		Aruli walked at noon.	instruction	MASC	அருளி நடந்தான்.	aruḷi naṭantāṉ.	[11, 14]	ான்	அருளி நடந்தாள்.	நட	SG	False	True	True	public	NATIVE-CHECK-NAME-1|NATIVE-CHECK-NAME-2
GEN-X-0354-C0-FEM	GEN-X-0354	GEN-002	gender		C0	2	0.5000	name-cued	literary		Ilamani went by the window.	instruction	FEM	ஈழமணி சென்றாள்.	īḻamaṇi ceṉṟāḷ.	[11, 14]	ாள்	ஈழமணி சென்றான்.	செல்	SG	False	True	True	public	NATIVE-CHECK-NAME-1|NATIVE-CHECK-NAME-2
GEN-X-0355-C0-MASC	GEN-X-0355	GEN-003	gender		C0	2	0.5000	name-cued	literary		Aram flew on the way home.	instruction	MASC	அறம் பறந்தான்.	aṟam paṟantāṉ.	[10, 13]	ான்	அறம் பறந்தாள்.	பற	SG	False	True	True	public	NATIVE-CHECK-NAME-1|NATIVE-CHECK-NAME-2
GEN-X-0356-C0-FEM	GEN-X-0356	GEN-001	gender		C0	2	0.5000	name-cued	literary		Ilamani laughed at noon.	instruction	FEM	ஈழமணி சிரித்தாள்.	īḻamaṇi cirittāḷ.	[13, 16]	ாள்	ஈழமணி சிரித்தான்.	சிரி	SG	False	True	True	public	NATIVE-CHECK-NAME-1|NATIVE-CHECK-NAME-2
GEN-X-0357-C0-MASC	GEN-X-0357	GEN-002	gender		C0	2	0.5000	name-cued	literary		Aram smiled by the window.	instruction	MASC	அறம் நகைத்தான்.	aṟam nakaittāṉ.	[11, 14]	ான்	அறம் நகைத்தாள்.	நகை	SG	False	True	True	public	NATIVE-CHECK-NAME-1|NATIVE-CHECK-NAME-2
GEN-X-0358-C0-FEM	GEN-X-0358	GEN-003	gender		C0	2	0.5000	name-cued	literary		Anpu rose on the way home.	instruction	FEM	அன்பு எழுந்தாள்.	aṉpu eḻuntāḷ.	[12, 15]	ாள்	அன்பு எழுந்தான்.	எழு	SG	False	True	True	public	NATIVE-CHECK-NAME-1|NATIVE-CHECK-NAME-2
GEN-X-0359-C0-MASC	GEN-X-0359	GEN-001	gender		C0	2	0.5000	name-cued	literary		Aram spoke at noon.	instruction	MASC	அறம் பேசினான்.	aṟam pēciṉāṉ.	[10, 13]	ான்	அறம் பேசினாள்.	பேசு	SG	False	True	True	public	NATIVE-CHECK-NAME-1|NATIVE-CHECK-NAME-2
GEN-X-0360-C0-FEM	GEN-X-0360	GEN-002	gender		C0	2	0.5000	name-cued	literary		Anpu ran by the window.	instruction	FEM	அன்பு ஓடினாள்.	aṉpu ōṭiṉāḷ.	[10, 13]	ாள்	அன்பு ஓடினான்.	ஓடு	SG	False	True	True	public	NATIVE-CHECK-NAME-1|NATIVE-CHECK-NAME-2
GEN-X-0361-C0-MASC	GEN-X-0361	GEN-003	gender		C0	2	0.5000	name-cued	literary		Elil walked on the way home.	instruction	MASC	எழில் நடந்தான்.	eḻil naṭantāṉ.	[11, 14]	ான்	எழில் நடந்தாள்.	நட	SG	False	True	True	public	NATIVE-CHECK-NAME-1|NATIVE-CHECK-NAME-2
GEN-X-0362-C0-FEM	GEN-X-0362	GEN-001	gender		C0	2	0.5000	name-cued	literary		Arul ran at noon.	instruction	FEM	அருள் ஓடினாள்.	aruḷ ōṭiṉāḷ.	[10, 13]	ாள்	அருள் ஓடினான்.	ஓடு	SG	False	True	True	public	NATIVE-CHECK-NAME-1|NATIVE-CHECK-NAME-2
GEN-X-0363-C0-MASC	GEN-X-0363	GEN-002	gender		C0	2	0.5000	name-cued	literary		Elil descended by the window.	instruction	MASC	எழில் இறங்கினான்.	eḻil iṟaṅkiṉāṉ.	[13, 16]	ான்	எழில் இறங்கினாள்.	இறங்கு	SG	False	True	True	public	NATIVE-CHECK-NAME-1|NATIVE-CHECK-NAME-2
GEN-X-0364-C0-FEM	GEN-X-0364	GEN-003	gender		C0	2	0.5000	name-cued	literary		Mani laughed on the way home.	instruction	FEM	மணி சிரித்தாள்.	maṇi cirittāḷ.	[11, 14]	ாள்	மணி சிரித்தான்.	சிரி	SG	False	True	True	public	NATIVE-CHECK-NAME-1|NATIVE-CHECK-NAME-2
GEN-X-0365-C0-MASC	GEN-X-0365	GEN-001	gender		C0	2	0.5000	name-cued	literary		Elil cried at noon.	instruction	MASC	எழில் அழுதான்.	eḻil aḻutāṉ.	[10, 13]	ான்	எழில் அழுதாள்.	அழு	SG	False	True	True	public	NATIVE-CHECK-NAME-1|NATIVE-CHECK-NAME-2
GEN-X-0366-C0-FEM	GEN-X-0366	GEN-002	gender		C0	2	0.5000	name-cued	literary		Mani jumped by the window.	instruction	FEM	மணி குதித்தாள்.	maṇi kutittāḷ.	[11, 14]	ாள்	மணி குதித்தான்.	குதி	SG	False	True	True	public	NATIVE-CHECK-NAME-1|NATIVE-CHECK-NAME-2
GEN-X-0367-C0-MASC	GEN-X-0367	GEN-003	gender		C0	2	0.5000	name-cued	literary		Aruli spoke on the way home.	instruction	MASC	அருளி பேசினான்.	aruḷi pēciṉāṉ.	[11, 14]	ான்	அருளி பேசினாள்.	பேசு	SG	False	True	True	public	NATIVE-CHECK-NAME-1|NATIVE-CHECK-NAME-2
GEN-X-0368-C0-FEM	GEN-X-0368	GEN-001	gender		C0	2	0.5000	name-cued	literary		Mani swam at noon.	instruction	FEM	மணி நீந்தினாள்.	maṇi nīntiṉāḷ.	[11, 14]	ாள்	மணி நீந்தினான்.	நீந்து	SG	False	True	True	public	NATIVE-CHECK-NAME-1|NATIVE-CHECK-NAME-2
GEN-X-0369-C0-MASC	GEN-X-0369	GEN-002	gender		C0	2	0.5000	name-cued	literary		Aruli came by the window.	instruction	MASC	அருளி வந்தான்.	aruḷi vantāṉ.	[10, 13]	ான்	அருளி வந்தாள்.	வா	SG	False	True	True	public	NATIVE-CHECK-NAME-1|NATIVE-CHECK-NAME-2
GEN-X-0370-C0-FEM	GEN-X-0370	GEN-003	gender		C0	2	0.5000	name-cued	literary		Ilamani climbed on the way home.	instruction	FEM	ஈழமணி ஏறினாள்.	īḻamaṇi ēṟiṉāḷ.	[10, 13]	ாள்	ஈழமணி ஏறினான்.	ஏறு	SG	False	True	True	public	NATIVE-CHECK-NAME-1|NATIVE-CHECK-NAME-2
GEN-X-0371-C0-MASC	GEN-X-0371	GEN-001	gender		C0	2	0.5000	name-cued	literary		Aram came at noon.	instruction	MASC	அறம் வந்தான்.	aṟam vantāṉ.	[9, 12]	ான்	அறம் வந்தாள்.	வா	SG	False	True	True	public	NATIVE-CHECK-NAME-1|NATIVE-CHECK-NAME-2
GEN-X-0372-C0-FEM	GEN-X-0372	GEN-002	gender		C0	2	0.5000	name-cued	literary		Anpu climbed by the window.	instruction	FEM	அன்பு ஏறினாள்.	aṉpu ēṟiṉāḷ.	[10, 13]	ாள்	அன்பு ஏறினான்.	ஏறு	SG	False	True	True	public	NATIVE-CHECK-NAME-1|NATIVE-CHECK-NAME-2
GEN-X-0373-C0-MASC	GEN-X-0373	GEN-003	gender		C0	2	0.5000	name-cued	literary		Tavamani cried on the way home.	instruction	MASC	தவமணி அழுதான்.	tavamaṇi aḻutāṉ.	[10, 13]	ான்	தவமணி அழுதாள்.	அழு	SG	False	True	True	public	NATIVE-CHECK-NAME-1|NATIVE-CHECK-NAME-2
GEN-X-0374-C0-FEM	GEN-X-0374	GEN-001	gender		C0	2	0.5000	name-cued	literary		Anpu played at noon.	instruction	FEM	அன்பு விளையாடினாள்.	aṉpu viḷaiyāṭiṉāḷ.	[15, 18]	ாள்	அன்பு விளையாடினான்.	விளையாடு	SG	False	True	True	public	NATIVE-CHECK-NAME-1|NATIVE-CHECK-NAME-2
GEN-X-0375-C0-MASC	GEN-X-0375	GEN-002	gender		C0	2	0.5000	name-cued	literary		Tavamani moved by the window.	instruction	MASC	தவமணி நகர்ந்தான்.	tavamaṇi nakarntāṉ.	[13, 16]	ான்	தவமணி நகர்ந்தாள்.	நகர்	SG	False	True	True	public	NATIVE-CHECK-NAME-1|NATIVE-CHECK-NAME-2
GEN-X-0376-C0-FEM	GEN-X-0376	GEN-003	gender		C0	2	0.5000	name-cued	literary		Arul swam on the way home.	instruction	FEM	அருள் நீந்தினாள்.	aruḷ nīntiṉāḷ.	[13, 16]	ாள்	அருள் நீந்தினான்.	நீந்து	SG	False	True	True	public	NATIVE-CHECK-NAME-1|NATIVE-CHECK-NAME-2
GEN-X-0377-C0-MASC	GEN-X-0377	GEN-001	gender		C0	2	0.5000	name-cued	literary		Tavamani flew at noon.	instruction	MASC	தவமணி பறந்தான்.	tavamaṇi paṟantāṉ.	[11, 14]	ான்	தவமணி பறந்தாள்.	பற	SG	False	True	True	public	NATIVE-CHECK-NAME-1|NATIVE-CHECK-NAME-2
GEN-X-0378-C0-FEM	GEN-X-0378	GEN-002	gender		C0	2	0.5000	name-cued	literary		Arul feared by the window.	instruction	FEM	அருள் அஞ்சினாள்.	aruḷ añciṉāḷ.	[12, 15]	ாள்	அருள் அஞ்சினான்.	அஞ்சு	SG	False	True	True	public	NATIVE-CHECK-NAME-1|NATIVE-CHECK-NAME-2
GEN-X-0379-C0-MASC	GEN-X-0379	GEN-003	gender		C0	2	0.5000	name-cued	literary		Elil sat on the way home.	instruction	MASC	எழில் உட்கார்ந்தான்.	eḻil uṭkārntāṉ.	[16, 19]	ான்	எழில் உட்கார்ந்தாள்.	உட்கார்	SG	False	True	True	public	NATIVE-CHECK-NAME-1|NATIVE-CHECK-NAME-2
GEN-X-0380-C0-FEM	GEN-X-0380	GEN-001	gender		C0	2	0.5000	name-cued	literary		Arul rose at noon.	instruction	FEM	அருள் எழுந்தாள்.	aruḷ eḻuntāḷ.	[12, 15]	ாள்	அருள் எழுந்தான்.	எழு	SG	False	True	True	public	NATIVE-CHECK-NAME-1|NATIVE-CHECK-NAME-2
HON-HON-I-0381-C1-T	HON-HON-I-0381	HON-I-001	honorificity	HON-I	C1	3	0.3333	rank-based	literary		Kumar, please write tomorrow.	in_sentence	T	எழுது.	eḻutu.	[5, 5]		எழுதுங்கள்.|எழுதுக.	எழுது	SG	False	True	False	public	NATIVE-CHECK-HON-3|NATIVE-CHECK-HON-4|NATIVE-CHECK-HON-5
HON-HON-I-0381-C1-V	HON-HON-I-0381	HON-I-001	honorificity	HON-I	C1	3	0.3333	rank-based	literary		Grandfather, please write tomorrow.	in_sentence	V	எழுதுங்கள்.	eḻutuṅkaḷ.	[4, 10]	ுங்கள்	எழுது.|எழுதுக.	எழுது	SG	False	True	False	public	NATIVE-CHECK-HON-3|NATIVE-CHECK-HON-4|NATIVE-CHECK-HON-5
HON-HON-I-0381-C1-VV	HON-HON-I-0381	HON-I-001	honorificity	HON-I	C1	3	0.3333	rank-based	literary		Your Honour, please write tomorrow.	in_sentence	VV	எழுதுக.	eḻutuka.	[6, 6]		எழுது.|எழுதுங்கள்.	எழுது	SG	False	False	False	public	NATIVE-CHECK-CHECKER-1|NATIVE-CHECK-HON-3|NATIVE-CHECK-HON-4|NATIVE-CHECK-HON-5
HON-HON-I-0381-C2-T	HON-HON-I-0381	HON-I-001	honorificity	HON-I	C2	3	0.3333	rank-based	literary	Ravi greeted his younger brother in the hall.	Please write tomorrow.	prior_sentence	T	எழுது.	eḻutu.	[5, 5]		எழுதுங்கள்.|எழுதுக.	எழுது	SG	False	True	False	public	NATIVE-CHECK-HON-3|NATIVE-CHECK-HON-4|NATIVE-CHECK-HON-5
HON-HON-I-0381-C2-V	HON-HON-I-0381	HON-I-001	honorificity	HON-I	C2	3	0.3333	rank-based	literary	Ravi greeted his grandfather in the hall.	Please write tomorrow.	prior_sentence	V	எழுதுங்கள்.	eḻutuṅkaḷ.	[4, 10]	ுங்கள்	எழுது.|எழுதுக.	எழுது	SG	False	True	False	public	NATIVE-CHECK-HON-3|NATIVE-CHECK-HON-4|NATIVE-CHECK-HON-5
HON-HON-I-0381-C2-VV	HON-HON-I-0381	HON-I-001	honorificity	HON-I	C2	3	0.3333	rank-based	literary	Ravi greeted the temple priest in the hall.	Please write tomorrow.	prior_sentence	VV	எழுதுக.	eḻutuka.	[6, 6]		எழுது.|எழுதுங்கள்.	எழுது	SG	False	False	False	public	NATIVE-CHECK-CHECKER-1|NATIVE-CHECK-HON-3|NATIVE-CHECK-HON-4|NATIVE-CHECK-HON-5
HON-HON-I-0381-C3-000	HON-HON-I-0381	HON-I-001	honorificity	HON-I	C3	3	0.3333	rank-based	literary	The morning light fell across the empty hall.	Please write tomorrow.	absent				[]		எழுது.|எழுதுங்கள்.|எழுதுக.	எழுது	SG	False	True	False	public	NATIVE-CHECK-HON-3|NATIVE-CHECK-HON-4|NATIVE-CHECK-HON-5
HON-HON-I-0381-C3-048	HON-HON-I-0381	HON-I-001	honorificity	HON-I	C3	3	0.3333	rank-based	literary	The morning light fell across the empty hall.	Please write tomorrow.	absent				[]		எழுது.|எழுதுங்கள்.|எழுதுக.	எழுது	SG	False	True	False	public	NATIVE-CHECK-HON-3|NATIVE-CHECK-HON-4|NATIVE-CHECK-HON-5
HON-HON-I-0382-C1-T	HON-HON-I-0382	HON-I-001	honorificity	HON-I	C1	3	0.3333	rank-based	literary		Ravi, please run tomorrow.	in_sentence	T	ஓடு.	ōṭu.	[3, 3]		ஓடுங்கள்.|ஓடுக.	ஓடு	SG	False	True	False	public	NATIVE-CHECK-HON-3|NATIVE-CHECK-HON-4|NATIVE-CHECK-HON-5
HON-HON-I-0382-C1-V	HON-HON-I-0382	HON-I-001	honorificity	HON-I	C1	3	0.3333	rank-based	literary		Teacher, please run tomorrow.	in_sentence	V	ஓடுங்கள்.	ōṭuṅkaḷ.	[2, 8]	ுங்கள்	ஓடு.|ஓடுக.	ஓடு	SG	False	True	False	public	NATIVE-CHECK-HON-3|NATIVE-CHECK-HON-4|NATIVE-CHECK-HON-5
HON-HON-I-0382-C1-VV	HON-HON-I-0382	HON-I-001	honorificity	HON-I	C1	3	0.3333	rank-based	literary		Respected Sir, please run tomorrow.	in_sentence	VV	ஓடுக.	ōṭuka.	[4, 4]		ஓடு.|ஓடுங்கள்.	ஓடு	SG	False	False	False	public	NATIVE-CHECK-CHECKER-1|NATIVE-CHECK-HON-3|NATIVE-CHECK-HON-4|NATIVE-CHECK-HON-5
HON-HON-I-0382-C2-T	HON-HON-I-0382	HON-I-001	honorificity	HON-I	C2	3	0.3333	rank-based	literary	The clerk had been waiting for the new trainee.	Please run tomorrow.	prior_sentence	T	ஓடு.	ōṭu.	[3, 3]		ஓடுங்கள்.|ஓடுக.	ஓடு	SG	False	True	False	public	NATIVE-CHECK-HON-3|NATIVE-CHECK-HON-4|NATIVE-CHECK-HON-5
HON-HON-I-0382-C2-V	HON-HON-I-0382	HON-I-001	honorificity	HON-I	C2	3	0.3333	rank-based	literary	The clerk had been waiting for the head teacher.	Please run tomorrow.	prior_sentence	V	ஓடுங்கள்.	ōṭuṅkaḷ.	[2, 8]	ுங்கள்	ஓடு.|ஓடுக.	ஓடு	SG	False	True	False	public	NATIVE-CHECK-HON-3|NATIVE-CHECK-HON-4|NATIVE-CHECK-HON-5
HON-HON-I-0382-C2-VV	HON-HON-I-0382	HON-I-001	honorificity	HON-I	C2	3	0.3333	rank-based	literary	The clerk had been waiting for the district judge.	Please run tomorrow.	prior_sentence	VV	ஓடுக.	ōṭuka.	[4, 4]		ஓடு.|ஓடுங்கள்.	ஓடு	SG	False	False	False	public	NATIVE-CHECK-CHECKER-1|NATIVE-CHECK-HON-3|NATIVE-CHECK-HON-4|NATIVE-CHECK-HON-5
HON-HON-I-0382-C3-001	HON-HON-I-0382	HON-I-001	honorificity	HON-I	C3	3	0.3333	rank-based	literary	The office had been quiet since the early morning.	Please run tomorrow.	absent				[]		ஓடு.|ஓடுங்கள்.|ஓடுக.	ஓடு	SG	False	True	False	public	NATIVE-CHECK-HON-3|NATIVE-CHECK-HON-4|NATIVE-CHECK-HON-5
HON-HON-I-0382-C3-049	HON-HON-I-0382	HON-I-001	honorificity	HON-I	C3	3	0.3333	rank-based	literary	The office had been quiet since the early morning.	Please run tomorrow.	absent				[]		ஓடு.|ஓடுங்கள்.|ஓடுக.	ஓடு	SG	False	True	False	public	NATIVE-CHECK-HON-3|NATIVE-CHECK-HON-4|NATIVE-CHECK-HON-5
HON-HON-I-0383-C1-T	HON-HON-I-0383	HON-I-001	honorificity	HON-I	C1	3	0.3333	rank-based	literary		Selvan, please sing tomorrow.	in_sentence	T	பாடு.	pāṭu.	[4, 4]		பாடுங்கள்.|பாடுக.	பாடு	SG	False	True	False	public	NATIVE-CHECK-HON-3|NATIVE-CHECK-HON-4|NATIVE-CHECK-HON-5
HON-HON-I-0383-C1-V	HON-HON-I-0383	HON-I-001	honorificity	HON-I	C1	3	0.3333	rank-based	literary		Uncle, please sing tomorrow.	in_sentence	V	பாடுங்கள்.	pāṭuṅkaḷ.	[3, 9]	ுங்கள்	பாடு.|பாடுக.	பாடு	SG	False	True	False	public	NATIVE-CHECK-HON-3|NATIVE-CHECK-HON-4|NATIVE-CHECK-HON-5
HON-HON-I-0383-C1-VV	HON-HON-I-0383	HON-I-001	honorificity	HON-I	C1	3	0.3333	rank-based	literary		Honoured Elder, please sing tomorrow.	in_sentence	VV	பாடுக.	pāṭuka.	[5, 5]		பாடு.|பாடுங்கள்.	பாடு	SG	False	False	False	public	NATIVE-CHECK-CHECKER-1|NATIVE-CHECK-HON-3|NATIVE-CHECK-HON-4|NATIVE-CHECK-HON-5
HON-HON-I-0383-C2-T	HON-HON-I-0383	HON-I-001	honorificity	HON-I	C2	3	0.3333	rank-based	literary	Her little cousin arrived just before the meal.	Please sing tomorrow.	prior_sentence	T	பாடு.	pāṭu.	[4, 4]		பாடுங்கள்.|பாடுக.	பாடு	SG	False	True	False	public	NATIVE-CHECK-HON-3|NATIVE-CHECK-HON-4|NATIVE-CHECK-HON-5
HON-HON-I-0383-C2-V	HON-HON-I-0383	HON-I-001	honorificity	HON-I	C2	3	0.3333	rank-based	literary	Her elderly father arrived just before the meal.	Please sing tomorrow.	prior_sentence	V	பாடுங்கள்.	pāṭuṅkaḷ.	[3, 9]	ுங்கள்	பாடு.|பாடுக.	பாடு	SG	False	True	False	public	NATIVE-CHECK-HON-3|NATIVE-CHECK-HON-4|NATIVE-CHECK-HON-5
HON-HON-I-0383-C2-VV	HON-HON-I-0383	HON-I-001	honorificity	HON-I	C2	3	0.3333	rank-based	literary	Her family's guru arrived just before the meal.	Please sing tomorrow.	prior_sentence	VV	பாடுக.	pāṭuka.	[5, 5]		பாடு.|பாடுங்கள்.	பாடு	SG	False	False	False	public	NATIVE-CHECK-CHECKER-1|NATIVE-CHECK-HON-3|NATIVE-CHECK-HON-4|NATIVE-CHECK-HON-5
HON-HON-I-0383-C3-002	HON-HON-I-0383	HON-I-001	honorificity	HON-I	C3	3	0.3333	rank-based	literary	A slow rain started just before the evening meal.	Please sing tomorrow.	absent				[]		பாடு.|பாடுங்கள்.|பாடுக.	பாடு	SG	False	True	False	public	NATIVE-CHECK-HON-3|NATIVE-CHECK-HON-4|NATIVE-CHECK-HON-5
HON-HON-I-0383-C3-050	HON-HON-I-0383	HON-I-001	honorificity	HON-I	C3	3	0.3333	rank-based	literary	A slow rain started just before the evening meal.	Please sing tomorrow.	absent				[]		பாடு.|பாடுங்கள்.|பாடுக.	பாடு	SG	False	True	False	public	NATIVE-CHECK-HON-3|NATIVE-CHECK-HON-4|NATIVE-CHECK-HON-5
HON-HON-I-0384-C1-T	HON-HON-I-0384	HON-I-001	honorificity	HON-I	C1	3	0.3333	rank-based	literary		Arun, please buy tomorrow.	in_sentence	T	வாங்கு.	vāṅku.	[6, 6]		வாங்குங்கள்.|வாங்குக.	வாங்கு	SG	False	True	False	public	NATIVE-CHECK-HON-3|NATIVE-CHECK-HON-4|NATIVE-CHECK-HON-5
HON-HON-I-0384-C1-V	HON-HON-I-0384	HON-I-001	honorificity	HON-I	C1	3	0.3333	rank-based	literary		Doctor, please buy tomorrow.	in_sentence	V	வாங்குங்கள்.	vāṅkuṅkaḷ.	[5, 11]	ுங்கள்	வாங்கு.|வாங்குக.	வாங்கு	SG	False	True	False	public	NATIVE-CHECK-HON-3|NATIVE-CHECK-HON-4|NATIVE-CHECK-HON-5
HON-HON-I-0384-C1-VV	HON-HON-I-0384	HON-I-001	honorificity	HON-I	C1	3	0.3333	rank-based	literary		Revered Teacher, please buy tomorrow.	in_sentence	VV	வாங்குக.	vāṅkuka.	[7, 7]		வாங்கு.|வாங்குங்கள்.	வாங்கு	SG	False	False	False	public	NATIVE-CHECK-CHECKER-1|NATIVE-CHECK-HON-3|NATIVE-CHECK-HON-4|NATIVE-CHECK-HON-5
HON-HON-I-0384-C2-T	HON-HON-I-0384	HON-I-001	honorificity	HON-I	C2	3	0.3333	rank-based	literary	A boy from the next street stopped at the gate.	Please buy tomorrow.	prior_sentence	T	வாங்கு.	vāṅku.	[6, 6]		வாங்குங்கள்.|வாங்குக.	வாங்கு	SG	False	True	False	public	NATIVE-CHECK-HON-3|NATIVE-CHECK-HON-4|NATIVE-CHECK-HON-5
HON-HON-I-0384-C2-V	HON-HON-I-0384	HON-I-001	honorificity	HON-I	C2	3	0.3333	rank-based	literary	An older neighbour from the street stopped at the gate.	Please buy tomorrow.	prior_sentence	V	வாங்குங்கள்.	vāṅkuṅkaḷ.	[5, 11]	ுங்கள்	வாங்கு.|வாங்குக.	வாங்கு	SG	False	True	False	public	NATIVE-CHECK-HON-3|NATIVE-CHECK-HON-4|NATIVE-CHECK-HON-5
HON-HON-I-0384-C2-VV	HON-HON-I-0384	HON-I-001	honorificity	HON-I	C2	3	0.3333	rank-based	literary	The visiting minister from the capital stopped at the gate.	Please buy tomorrow.	prior_sentence	VV	வாங்குக.	vāṅkuka.	[7, 7]		வாங்கு.|வாங்குங்கள்.	வாங்கு	SG	False	False	False	public	NATIVE-CHECK-CHECKER-1|NATIVE-CHECK-HON-3|NATIVE-CHECK-HON-4|NATIVE-CHECK-HON-5
HON-HON-I-0384-C3-003	HON-HON-I-0384	HON-I-001	honorificity	HON-I	C3	3	0.3333	rank-based	literary	A cold wind reached as far as the gate.	Please buy tomorrow.	absent				[]		வாங்கு.|வாங்குங்கள்.|வாங்குக.	வாங்கு	SG	False	True	False	public	NATIVE-CHECK-HON-3|NATIVE-CHECK-HON-4|NATIVE-CHECK-HON-5
HON-HON-I-0384-C3-051	HON-HON-I-0384	HON-I-001	honorificity	HON-I	C3	3	0.3333	rank-based	literary	A cold wind reached as far as the gate.	Please buy tomorrow.	absent				[]		வாங்கு.|வாங்குங்கள்.|வாங்குக.	வாங்கு	SG	False	True	False	public	NATIVE-CHECK-HON-3|NATIVE-CHECK-HON-4|NATIVE-CHECK-HON-5
HON-HON-I-0385-C1-T	HON-HON-I-0385	HON-I-001	honorificity	HON-I	C1	3	0.3333	rank-based	literary		Vasu, please play tomorrow.	in_sentence	T	விளையாடு.	viḷaiyāṭu.	[8, 8]		விளையாடுங்கள்.|விளையாடுக.	விளையாடு	SG	False	True	False	public	NATIVE-CHECK-HON-3|NATIVE-CHECK-HON-4|NATIVE-CHECK-HON-5
HON-HON-I-0385-C1-V	HON-HON-I-0385	HON-I-001	honorificity	HON-I	C1	3	0.3333	rank-based	literary		Aunt, please play tomorrow.	in_sentence	V	விளையாடுங்கள்.	viḷaiyāṭuṅkaḷ.	[7, 13]	ுங்கள்	விளையாடு.|விளையாடுக.	விளையாடு	SG	False	True	False	public	NATIVE-CHECK-HON-3|NATIVE-CHECK-HON-4|NATIVE-CHECK-HON-5
HON-HON-I-0385-C1-VV	HON-HON-I-0385	HON-I-001	honorificity	HON-I	C1	3	0.3333	rank-based	literary		Esteemed Guest, please play tomorrow.	in_sentence	VV	விளையாடுக.	viḷaiyāṭuka.	[9, 9]		விளையாடு.|விளையாடுங்கள்.	விளையாடு	SG	False	False	False	public	NATIVE-CHECK-CHECKER-1|NATIVE-CHECK-HON-3|NATIVE-CHECK-HON-4|NATIVE-CHECK-HON-5
HON-HON-I-0385-C2-T	HON-HON-I-0385	HON-I-001	honorificity	HON-I	C2	3	0.3333	rank-based	literary	The child sat down opposite the counter.	Please play tomorrow.	prior_sentence	T	விளையாடு.	viḷaiyāṭu.	[8, 8]		விளையாடுங்கள்.|விளையாடுக.	விளையாடு	SG	False	True	False	public	NATIVE-CHECK-HON-3|NATIVE-CHECK-HON-4|NATIVE-CHECK-HON-5
HON-HON-I-0385-C2-V	HON-HON-I-0385	HON-I-001	honorificity	HON-I	C2	3	0.3333	rank-based	literary	The old man sat down opposite the counter.	Please play tomorrow.	prior_sentence	V	விளையாடுங்கள்.	viḷaiyāṭuṅkaḷ.	[7, 13]	ுங்கள்	விளையாடு.|விளையாடுக.	விளையாடு	SG	False	True	False	public	NATIVE-CHECK-HON-3|NATIVE-CHECK-HON-4|NATIVE-CHECK-HON-5
HON-HON-I-0385-C2-VV	HON-HON-I-0385	HON-I-001	honorificity	HON-I	C2	3	0.3333	rank-based	literary	The abbot sat down opposite the counter.	Please play tomorrow.	prior_sentence	VV	விளையாடுக.	viḷaiyāṭuka.	[9, 9]		விளையாடு.|விளையாடுங்கள்.	விளையாடு	SG	False	False	False	public	NATIVE-CHECK-CHECKER-1|NATIVE-CHECK-HON-3|NATIVE-CHECK-HON-4|NATIVE-CHECK-HON-5
HON-HON-I-0385-C3-004	HON-HON-I-0385	HON-I-001	honorificity	HON-I	C3	3	0.3333	rank-based	literary	The lamp burned steadily beside the wooden counter.	Please play tomorrow.	absent				[]		விளையாடு.|விளையாடுங்கள்.|விளையாடுக.	விளையாடு	SG	False	True	False	public	NATIVE-CHECK-HON-3|NATIVE-CHECK-HON-4|NATIVE-CHECK-HON-5
HON-HON-I-0385-C3-052	HON-HON-I-0385	HON-I-001	honorificity	HON-I	C3	3	0.3333	rank-based	literary	The lamp burned steadily beside the wooden counter.	Please play tomorrow.	absent				[]		விளையாடு.|விளையாடுங்கள்.|விளையாடுக.	விளையாடு	SG	False	True	False	public	NATIVE-CHECK-HON-3|NATIVE-CHECK-HON-4|NATIVE-CHECK-HON-5
HON-HON-I-0386-C1-T	HON-HON-I-0386	HON-I-002	honorificity	HON-I	C1	3	0.3333	age-based	literary		Mani, please cry at once.	in_sentence	T	அழு.	aḻu.	[3, 3]		அழுங்கள்.|அழுக.	அழு	SG	False	True	False	public	NATIVE-CHECK-HON-3|NATIVE-CHECK-HON-4|NATIVE-CHECK-HON-5
HON-HON-I-0386-C1-V	HON-HON-I-0386	HON-I-002	honorificity	HON-I	C1	3	0.3333	age-based	literary		Father, please cry at once.	in_sentence	V	அழுங்கள்.	aḻuṅkaḷ.	[2, 8]	ுங்கள்	அழு.|அழுக.	அழு	SG	False	True	False	public	NATIVE-CHECK-HON-3|NATIVE-CHECK-HON-4|NATIVE-CHECK-HON-5
HON-HON-I-0386-C1-VV	HON-HON-I-0386	HON-I-002	honorificity	HON-I	C1	3	0.3333	age-based	literary		Learned Judge, please cry at once.	in_sentence	VV	அழுக.	aḻuka.	[4, 4]		அழு.|அழுங்கள்.	அழு	SG	False	False	False	public	NATIVE-CHECK-CHECKER-1|NATIVE-CHECK-HON-3|NATIVE-CHECK-HON-4|NATIVE-CHECK-HON-5
HON-HON-I-0386-C2-T	HON-HON-I-0386	HON-I-002	honorificity	HON-I	C2	3	0.3333	age-based	literary	My junior colleague came into the room.	Please cry at once.	prior_sentence	T	அழு.	aḻu.	[3, 3]		அழுங்கள்.|அழுக.	அழு	SG	False	True	False	public	NATIVE-CHECK-HON-3|NATIVE-CHECK-HON-4|NATIVE-CHECK-HON-5
HON-HON-I-0386-C2-V	HON-HON-I-0386	HON-I-002	honorificity	HON-I	C2	3	0.3333	age-based	literary	My senior colleague came into the room.	Please cry at once.	prior_sentence	V	அழுங்கள்.	aḻuṅkaḷ.	[2, 8]	ுங்கள்	அழு.|அழுக.	அழு	SG	False	True	False	public	NATIVE-CHECK-HON-3|NATIVE-CHECK-HON-4|NATIVE-CHECK-HON-5
HON-HON-I-0386-C2-VV	HON-HON-I-0386	HON-I-002	honorificity	HON-I	C2	3	0.3333	age-based	literary	The vice chancellor came into the room.	Please cry at once.	prior_sentence	VV	அழுக.	aḻuka.	[4, 4]		அழு.|அழுங்கள்.	அழு	SG	False	False	False	public	NATIVE-CHECK-CHECKER-1|NATIVE-CHECK-HON-3|NATIVE-CHECK-HON-4|NATIVE-CHECK-HON-5
HON-HON-I-0386-C3-005	HON-HON-I-0386	HON-I-002	honorificity	HON-I	C3	3	0.3333	age-based	literary	The fan turned above the empty room.	Please cry at once.	absent				[]		அழு.|அழுங்கள்.|அழுக.	அழு	SG	False	True	False	public	NATIVE-CHECK-HON-3|NATIVE-CHECK-HON-4|NATIVE-CHECK-HON-5
HON-HON-I-0386-C3-053	HON-HON-I-0386	HON-I-002	honorificity	HON-I	C3	3	0.3333	age-based	literary	The fan turned above the empty room.	Please cry at once.	absent				[]		அழு.|அழுங்கள்.|அழுக.	அழு	SG	False	True	False	public	NATIVE-CHECK-HON-3|NATIVE-CHECK-HON-4|NATIVE-CHECK-HON-5
HON-HON-I-0387-C1-T	HON-HON-I-0387	HON-I-002	honorificity	HON-I	C1	3	0.3333	age-based	literary		Kumar, please build at once.	in_sentence	T	கட்டு.	kaṭṭu.	[5, 5]		கட்டுங்கள்.|கட்டுக.	கட்டு	SG	True	False	False	public	NATIVE-CHECK-CHECKER-1|NATIVE-CHECK-HON-3|NATIVE-CHECK-HON-4|NATIVE-CHECK-HON-5
HON-HON-I-0387-C1-V	HON-HON-I-0387	HON-I-002	honorificity	HON-I	C1	3	0.3333	age-based	literary		Grandfather, please build at once.	in_sentence	V	கட்டுங்கள்.	kaṭṭuṅkaḷ.	[4, 10]	ுங்கள்	கட்டு.|கட்டுக.	கட்டு	SG	False	True	False	public	NATIVE-CHECK-HON-3|NATIVE-CHECK-HON-4|NATIVE-CHECK-HON-5
HON-HON-I-0387-C1-VV	HON-HON-I-0387	HON-I-002	honorificity	HON-I	C1	3	0.3333	age-based	literary		Your Honour, please build at once.	in_sentence	VV	கட்டுக.	kaṭṭuka.	[6, 6]		கட்டு.|கட்டுங்கள்.	கட்டு	SG	False	False	False	public	NATIVE-CHECK-CHECKER-1|NATIVE-CHECK-HON-3|NATIVE-CHECK-HON-4|NATIVE-CHECK-HON-5
HON-HON-I-0387-C2-T	HON-HON-I-0387	HON-I-002	honorificity	HON-I	C2	3	0.3333	age-based	literary	The youngest nephew was standing by the door.	Please build at once.	prior_sentence	T	கட்டு.	kaṭṭu.	[5, 5]		கட்டுங்கள்.|கட்டுக.	கட்டு	SG	True	False	False	public	NATIVE-CHECK-CHECKER-1|NATIVE-CHECK-HON-3|NATIVE-CHECK-HON-4|NATIVE-CHECK-HON-5
HON-HON-I-0387-C2-V	HON-HON-I-0387	HON-I-002	honorificity	HON-I	C2	3	0.3333	age-based	literary	The eldest uncle was standing by the door.	Please build at once.	prior_sentence	V	கட்டுங்கள்.	kaṭṭuṅkaḷ.	[4, 10]	ுங்கள்	கட்டு.|கட்டுக.	கட்டு	SG	False	True	False	public	NATIVE-CHECK-HON-3|NATIVE-CHECK-HON-4|NATIVE-CHECK-HON-5
HON-HON-I-0387-C2-VV	HON-HON-I-0387	HON-I-002	honorificity	HON-I	C2	3	0.3333	age-based	literary	The household head was standing by the door.	Please build at once.	prior_sentence	VV	கட்டுக.	kaṭṭuka.	[6, 6]		கட்டு.|கட்டுங்கள்.	கட்டு	SG	False	False	False	public	NATIVE-CHECK-CHECKER-1|NATIVE-CHECK-HON-3|NATIVE-CHECK-HON-4|NATIVE-CHECK-HON-5
HON-HON-I-0387-C3-006	HON-HON-I-0387	HON-I-002	honorificity	HON-I	C3	3	0.3333	age-based	literary	Sandals had been left beside the front door.	Please build at once.	absent				[]		கட்டு.|கட்டுங்கள்.|கட்டுக.	கட்டு	SG	False	True	False	public	NATIVE-CHECK-HON-3|NATIVE-CHECK-HON-4|NATIVE-CHECK-HON-5
HON-HON-I-0387-C3-054	HON-HON-I-0387	HON-I-002	honorificity	HON-I	C3	3	0.3333	age-based	literary	Sandals had been left beside the front door.	Please build at once.	absent				[]		கட்டு.|கட்டுங்கள்.|கட்டுக.	கட்டு	SG	False	True	False	public	NATIVE-CHECK-HON-3|NATIVE-CHECK-HON-4|NATIVE-CHECK-HON-5
HON-HON-I-0388-C1-T	HON-HON-I-0388	HON-I-002	honorificity	HON-I	C1	3	0.3333	age-based	literary		Ravi, please close at once.	in_sentence	T	மூடு.	mūṭu.	[4, 4]		மூடுங்கள்.|மூடுக.	மூடு	SG	False	True	False	public	NATIVE-CHECK-HON-3|NATIVE-CHECK-HON-4|NATIVE-CHECK-HON-5
HON-HON-I-0388-C1-V	HON-HON-I-0388	HON-I-002	honorificity	HON-I	C1	3	0.3333	age-based	literary		Teacher, please close at once.	in_sentence	V	மூடுங்கள்.	mūṭuṅkaḷ.	[3, 9]	ுங்கள்	மூடு.|மூடுக.	மூடு	SG	False	True	False	public	NATIVE-CHECK-HON-3|NATIVE-CHECK-HON-4|NATIVE-CHECK-HON-5
HON-HON-I-0388-C1-VV	HON-HON-I-0388	HON-I-002	honorificity	HON-I	C1	3	0.3333	age-based	literary		Respected Sir, please close at once.	in_sentence	VV	மூடுக.	mūṭuka.	[5, 5]		மூடு.|மூடுங்கள்.	மூடு	SG	False	False	False	public	NATIVE-CHECK-CHECKER-1|NATIVE-CHECK-HON-3|NATIVE-CHECK-HON-4|NATIVE-CHECK-HON-5
HON-HON-I-0388-C2-T	HON-HON-I-0388	HON-I-002	honorificity	HON-I	C2	3	0.3333	age-based	literary	A young apprentice knocked twice and waited.	Please close at once.	prior_sentence	T	மூடு.	mūṭu.	[4, 4]		மூடுங்கள்.|மூடுக.	மூடு	SG	False	True	False	public	NATIVE-CHECK-HON-3|NATIVE-CHECK-HON-4|NATIVE-CHECK-HON-5
HON-HON-I-0388-C2-V	HON-HON-I-0388	HON-I-002	honorificity	HON-I	C2	3	0.3333	age-based	literary	An elderly customer knocked twice and waited.	Please close at once.	prior_sentence	V	மூடுங்கள்.	mūṭuṅkaḷ.	[3, 9]	ுங்கள்	மூடு.|மூடுக.	மூடு	SG	False	True	False	public	NATIVE-CHECK-HON-3|NATIVE-CHECK-HON-4|NATIVE-CHECK-HON-5
HON-HON-I-0388-C2-VV	HON-HON-I-0388	HON-I-002	honorificity	HON-I	C2	3	0.3333	age-based	literary	The chief magistrate knocked twice and waited.	Please close at once.	prior_sentence	VV	மூடுக.	mūṭuka.	[5, 5]		மூடு.|மூடுங்கள்.	மூடு	SG	False	False	False	public	NATIVE-CHECK-CHECKER-1|NATIVE-CHECK-HON-3|NATIVE-CHECK-HON-4|NATIVE-CHECK-HON-5
HON-HON-I-0388-C3-007	HON-HON-I-0388	HON-I-002	honorificity	HON-I	C3	3	0.3333	age-based	literary	A shutter banged twice somewhere along the corridor.	Please close at once.	absent				[]		மூடு.|மூடுங்கள்.|மூடுக.	மூடு	SG	False	True	False	public	NATIVE-CHECK-HON-3|NATIVE-CHECK-HON-4|NATIVE-CHECK-HON-5
HON-HON-I-0388-C3-055	HON-HON-I-0388	HON-I-002	honorificity	HON-I	C3	3	0.3333	age-based	literary	A shutter banged twice somewhere along the corridor.	Please close at once.	absent				[]		மூடு.|மூடுங்கள்.|மூடுக.	மூடு	SG	False	True	False	public	NATIVE-CHECK-HON-3|NATIVE-CHECK-HON-4|NATIVE-CHECK-HON-5
HON-HON-I-0389-C1-T	HON-HON-I-0389	HON-I-002	honorificity	HON-I	C1	3	0.3333	age-based	literary		Selvan, please send at once.	in_sentence	T	அனுப்பு.	aṉuppu.	[7, 7]		அனுப்புங்கள்.|அனுப்புக.	அனுப்பு	SG	False	True	False	public	NATIVE-CHECK-HON-3|NATIVE-CHECK-HON-4|NATIVE-CHECK-HON-5
HON-HON-I-0389-C1-V	HON-HON-I-0389	HON-I-002	honorificity	HON-I	C1	3	0.3333	age-based	literary		Uncle, please send at once.	in_sentence	V	அனுப்புங்கள்.	aṉuppuṅkaḷ.	[6, 12]	ுங்கள்	அனுப்பு.|அனுப்புக.	அனுப்பு	SG	False	True	False	public	NATIVE-CHECK-HON-3|NATIVE-CHECK-HON-4|NATIVE-CHECK-HON-5
HON-HON-I-0389-C1-VV	HON-HON-I-0389	HON-I-002	honorificity	HON-I	C1	3	0.3333	age-based	literary		Honoured Elder, please send at once.	in_sentence	VV	அனுப்புக.	aṉuppuka.	[8, 8]		அனுப்பு.|அனுப்புங்கள்.	அனுப்பு	SG	False	False	False	public	NATIVE-CHECK-CHECKER-1|NATIVE-CHECK-HON-3|NATIVE-CHECK-HON-4|NATIVE-CHECK-HON-5
HON-HON-I-0389-C2-T	HON-HON-I-0389	HON-I-002	honorificity	HON-I	C2	3	0.3333	age-based	literary	Ravi greeted his younger brother in the hall.	Please send at once.	prior_sentence	T	அனுப்பு.	aṉuppu.	[7, 7]		அனுப்புங்கள்.|அனுப்புக.	அனுப்பு	SG	False	True	False	public	NATIVE-CHECK-HON-3|NATIVE-CHECK-HON-4|NATIVE-CHECK-HON-5
HON-HON-I-0389-C2-V	HON-HON-I-0389	HON-I-002	honorificity	HON-I	C2	3	0.3333	age-based	literary	Ravi greeted his grandfather in the hall.	Please send at once.	prior_sentence	V	அனுப்புங்கள்.	aṉuppuṅkaḷ.	[6, 12]	ுங்கள்	அனுப்பு.|அனுப்புக.	அனுப்பு	SG	False	True	False	public	NATIVE-CHECK-HON-3|NATIVE-CHECK-HON-4|NATIVE-CHECK-HON-5
HON-HON-I-0389-C2-VV	HON-HON-I-0389	HON-I-002	honorificity	HON-I	C2	3	0.3333	age-based	literary	Ravi greeted the temple priest in the hall.	Please send at once.	prior_sentence	VV	அனுப்புக.	aṉuppuka.	[8, 8]		அனுப்பு.|அனுப்புங்கள்.	அனுப்பு	SG	False	False	False	public	NATIVE-CHECK-CHECKER-1|NATIVE-CHECK-HON-3|NATIVE-CHECK-HON-4|NATIVE-CHECK-HON-5
HON-HON-I-0389-C3-008	HON-HON-I-0389	HON-I-002	honorificity	HON-I	C3	3	0.3333	age-based	literary	The morning light fell across the empty hall.	Please send at once.	absent				[]		அனுப்பு.|அனுப்புங்கள்.|அனுப்புக.	அனுப்பு	SG	False	True	False	public	NATIVE-CHECK-HON-3|NATIVE-CHECK-HON-4|NATIVE-CHECK-HON-5
HON-HON-I-0389-C3-056	HON-HON-I-0389	HON-I-002	honorificity	HON-I	C3	3	0.3333	age-based	literary	The morning light fell across the empty hall.	Please send at once.	absent				[]		அனுப்பு.|அனுப்புங்கள்.|அனுப்புக.	அனுப்பு	SG	False	True	False	public	NATIVE-CHECK-HON-3|NATIVE-CHECK-HON-4|NATIVE-CHECK-HON-5
HON-HON-I-0390-C1-T	HON-HON-I-0390	HON-I-002	honorificity	HON-I	C1	3	0.3333	age-based	literary		Arun, please swim at once.	in_sentence	T	நீந்து.	nīntu.	[6, 6]		நீந்துங்கள்.|நீந்துக.	நீந்து	SG	False	True	False	public	NATIVE-CHECK-HON-3|NATIVE-CHECK-HON-4|NATIVE-CHECK-HON-5
HON-HON-I-0390-C1-V	HON-HON-I-0390	HON-I-002	honorificity	HON-I	C1	3	0.3333	age-based	literary		Doctor, please swim at once.	in_sentence	V	நீந்துங்கள்.	nīntuṅkaḷ.	[5, 11]	ுங்கள்	நீந்து.|நீந்துக.	நீந்து	SG	False	True	False	public	NATIVE-CHECK-HON-3|NATIVE-CHECK-HON-4|NATIVE-CHECK-HON-5
HON-HON-I-0390-C1-VV	HON-HON-I-0390	HON-I-002	honorificity	HON-I	C1	3	0.3333	age-based	literary		Revered Teacher, please swim at once.	in_sentence	VV	நீந்துக.	nīntuka.	[7, 7]		நீந்து.|நீந்துங்கள்.	நீந்து	SG	False	False	False	public	NATIVE-CHECK-CHECKER-1|NATIVE-CHECK-HON-3|NATIVE-CHECK-HON-4|NATIVE-CHECK-HON-5
HON-HON-I-0390-C2-T	HON-HON-I-0390	HON-I-002	honorificity	HON-I	C2	3	0.3333	age-based	literary	The clerk had been waiting for the new trainee.	Please swim at once.	prior_sentence	T	நீந்து.	nīntu.	[6, 6]		நீந்துங்கள்.|நீந்துக.	நீந்து	SG	False	True	False	public	NATIVE-CHECK-HON-3|NATIVE-CHECK-HON-4|NATIVE-CHECK-HON-5
HON-HON-I-0390-C2-V	HON-HON-I-0390	HON-I-002	honorificity	HON-I	C2	3	0.3333	age-based	literary	The clerk had been waiting for the head teacher.	Please swim at once.	prior_sentence	V	நீந்துங்கள்.	nīntuṅkaḷ.	[5, 11]	ுங்கள்	நீந்து.|நீந்துக.	நீந்து	SG	False	True	False	public	NATIVE-CHECK-HON-3|NATIVE-CHECK-HON-4|NATIVE-CHECK-HON-5
HON-HON-I-0390-C2-VV	HON-HON-I-0390	HON-I-002	honorificity	HON-I	C2	3	0.3333	age-based	literary	The clerk had been waiting for the district judge.	Please swim at once.	prior_sentence	VV	நீந்துக.	nīntuka.	[7, 7]		நீந்து.|நீந்துங்கள்.	நீந்து	SG	False	False	False	public	NATIVE-CHECK-CHECKER-1|NATIVE-CHECK-HON-3|NATIVE-CHECK-HON-4|NATIVE-CHECK-HON-5
HON-HON-I-0390-C3-009	HON-HON-I-0390	HON-I-002	honorificity	HON-I	C3	3	0.3333	age-based	literary	The office had been quiet since the early morning.	Please swim at once.	absent				[]		நீந்து.|நீந்துங்கள்.|நீந்துக.	நீந்து	SG	False	True	False	public	NATIVE-CHECK-HON-3|NATIVE-CHECK-HON-4|NATIVE-CHECK-HON-5
HON-HON-I-0390-C3-057	HON-HON-I-0390	HON-I-002	honorificity	HON-I	C3	3	0.3333	age-based	literary	The office had been quiet since the early morning.	Please swim at once.	absent				[]		நீந்து.|நீந்துங்கள்.|நீந்துக.	நீந்து	SG	False	True	False	public	NATIVE-CHECK-HON-3|NATIVE-CHECK-HON-4|NATIVE-CHECK-HON-5
HON-HON-I-0391-C1-T	HON-HON-I-0391	HON-I-003	honorificity	HON-I	C1	3	0.3333	kinship-based	literary		Vasu, please begin before noon.	in_sentence	T	தொடங்கு.	toṭaṅku.	[7, 7]		தொடங்குங்கள்.|தொடங்குக.	தொடங்கு	SG	False	True	False	public	NATIVE-CHECK-HON-3|NATIVE-CHECK-HON-4|NATIVE-CHECK-HON-5
HON-HON-I-0391-C1-V	HON-HON-I-0391	HON-I-003	honorificity	HON-I	C1	3	0.3333	kinship-based	literary		Aunt, please begin before noon.	in_sentence	V	தொடங்குங்கள்.	toṭaṅkuṅkaḷ.	[6, 12]	ுங்கள்	தொடங்கு.|தொடங்குக.	தொடங்கு	SG	False	True	False	public	NATIVE-CHECK-HON-3|NATIVE-CHECK-HON-4|NATIVE-CHECK-HON-5
HON-HON-I-0391-C1-VV	HON-HON-I-0391	HON-I-003	honorificity	HON-I	C1	3	0.3333	kinship-based	literary		Esteemed Guest, please begin before noon.	in_sentence	VV	தொடங்குக.	toṭaṅkuka.	[8, 8]		தொடங்கு.|தொடங்குங்கள்.	தொடங்கு	SG	False	False	False	public	NATIVE-CHECK-CHECKER-1|NATIVE-CHECK-HON-3|NATIVE-CHECK-HON-4|NATIVE-CHECK-HON-5
HON-HON-I-0391-C2-T	HON-HON-I-0391	HON-I-003	honorificity	HON-I	C2	3	0.3333	kinship-based	literary	Her little cousin arrived just before the meal.	Please begin before noon.	prior_sentence	T	தொடங்கு.	toṭaṅku.	[7, 7]		தொடங்குங்கள்.|தொடங்குக.	தொடங்கு	SG	False	True	False	public	NATIVE-CHECK-HON-3|NATIVE-CHECK-HON-4|NATIVE-CHECK-HON-5
HON-HON-I-0391-C2-V	HON-HON-I-0391	HON-I-003	honorificity	HON-I	C2	3	0.3333	kinship-based	literary	Her elderly father arrived just before the meal.	Please begin before noon.	prior_sentence	V	தொடங்குங்கள்.	toṭaṅkuṅkaḷ.	[6, 12]	ுங்கள்	தொடங்கு.|தொடங்குக.	தொடங்கு	SG	False	True	False	public	NATIVE-CHECK-HON-3|NATIVE-CHECK-HON-4|NATIVE-CHECK-HON-5
HON-HON-I-0391-C2-VV	HON-HON-I-0391	HON-I-003	honorificity	HON-I	C2	3	0.3333	kinship-based	literary	Her family's guru arrived just before the meal.	Please begin before noon.	prior_sentence	VV	தொடங்குக.	toṭaṅkuka.	[8, 8]		தொடங்கு.|தொடங்குங்கள்.	தொடங்கு	SG	False	False	False	public	NATIVE-CHECK-CHECKER-1|NATIVE-CHECK-HON-3|NATIVE-CHECK-HON-4|NATIVE-CHECK-HON-5
HON-HON-I-0391-C3-010	HON-HON-I-0391	HON-I-003	honorificity	HON-I	C3	3	0.3333	kinship-based	literary	A slow rain started just before the evening meal.	Please begin before noon.	absent				[]		தொடங்கு.|தொடங்குங்கள்.|தொடங்குக.	தொடங்கு	SG	False	True	False	public	NATIVE-CHECK-HON-3|NATIVE-CHECK-HON-4|NATIVE-CHECK-HON-5
HON-HON-I-0391-C3-058	HON-HON-I-0391	HON-I-003	honorificity	HON-I	C3	3	0.3333	kinship-based	literary	A slow rain started just before the evening meal.	Please begin before noon.	absent				[]		தொடங்கு.|தொடங்குங்கள்.|தொடங்குக.	தொடங்கு	SG	False	True	False	public	NATIVE-CHECK-HON-3|NATIVE-CHECK-HON-4|NATIVE-CHECK-HON-5
HON-HON-I-0392-C1-T	HON-HON-I-0392	HON-I-003	honorificity	HON-I	C1	3	0.3333	kinship-based	literary		Mani, please speak before noon.	in_sentence	T	பேசு.	pēcu.	[4, 4]		பேசுங்கள்.|பேசுக.	பேசு	SG	False	True	False	public	NATIVE-CHECK-HON-3|NATIVE-CHECK-HON-4|NATIVE-CHECK-HON-5
HON-HON-I-0392-C1-V	HON-HON-I-0392	HON-I-003	honorificity	HON-I	C1	3	0.3333	kinship-based	literary		Father, please speak before noon.	in_sentence	V	பேசுங்கள்.	pēcuṅkaḷ.	[3, 9]	ுங்கள்	பேசு.|பேசுக.	பேசு	SG	False	True	False	public	NATIVE-CHECK-HON-3|NATIVE-CHECK-HON-4|NATIVE-CHECK-HON-5
HON-HON-I-0392-C1-VV	HON-HON-I-0392	HON-I-003	honorificity	HON-I	C1	3	0.3333	kinship-based	literary		Learned Judge, please speak before noon.	in_sentence	VV	பேசுக.	pēcuka.	[5, 5]		பேசு.|பேசுங்கள்.	பேசு	SG	False	False	False	public	NATIVE-CHECK-CHECKER-1|NATIVE-CHECK-HON-3|NATIVE-CHECK-HON-4|NATIVE-CHECK-HON-5
HON-HON-I-0392-C2-T	HON-HON-I-0392	HON-I-003	honorificity	HON-I	C2	3	0.3333	kinship-based	literary	A boy from the next street stopped at the gate.	Please speak before noon.	prior_sentence	T	பேசு.	pēcu.	[4, 4]		பேசுங்கள்.|பேசுக.	பேசு	SG	False	True	False	public	NATIVE-CHECK-HON-3|NATIVE-CHECK-HON-4|NATIVE-CHECK-HON-5
HON-HON-I-0392-C2-V	HON-HON-I-0392	HON-I-003	honorificity	HON-I	C2	3	0.3333	kinship-based	literary	An older neighbour from the street stopped at the gate.	Please speak before noon.	prior_sentence	V	பேசுங்கள்.	pēcuṅkaḷ.	[3, 9]	ுங்கள்	பேசு.|பேசுக.	பேசு	SG	False	True	False	public	NATIVE-CHECK-HON-3|NATIVE-CHECK-HON-4|NATIVE-CHECK-HON-5
HON-HON-I-0392-C2-VV	HON-HON-I-0392	HON-I-003	honorificity	HON-I	C2	3	0.3333	kinship-based	literary	The visiting minister from the capital stopped at the gate.	Please speak before noon.	prior_sentence	VV	பேசுக.	pēcuka.	[5, 5]		பேசு.|பேசுங்கள்.	பேசு	SG	False	False	False	public	NATIVE-CHECK-CHECKER-1|NATIVE-CHECK-HON-3|NATIVE-CHECK-HON-4|NATIVE-CHECK-HON-5
HON-HON-I-0392-C3-011	HON-HON-I-0392	HON-I-003	honorificity	HON-I	C3	3	0.3333	kinship-based	literary	A cold wind reached as far as the gate.	Please speak before noon.	absent				[]		பேசு.|பேசுங்கள்.|பேசுக.	பேசு	SG	False	True	False	public	NATIVE-CHECK-HON-3|NATIVE-CHECK-HON-4|NATIVE-CHECK-HON-5
HON-HON-I-0392-C3-059	HON-HON-I-0392	HON-I-003	honorificity	HON-I	C3	3	0.3333	kinship-based	literary	A cold wind reached as far as the gate.	Please speak before noon.	absent				[]		பேசு.|பேசுங்கள்.|பேசுக.	பேசு	SG	False	True	False	public	NATIVE-CHECK-HON-3|NATIVE-CHECK-HON-4|NATIVE-CHECK-HON-5
HON-HON-I-0393-C1-T	HON-HON-I-0393	HON-I-003	honorificity	HON-I	C1	3	0.3333	kinship-based	literary		Kumar, please climb before noon.	in_sentence	T	ஏறு.	ēṟu.	[3, 3]		ஏறுங்கள்.|ஏறுக.	ஏறு	SG	False	True	False	public	NATIVE-CHECK-HON-3|NATIVE-CHECK-HON-4|NATIVE-CHECK-HON-5
HON-HON-I-0393-C1-V	HON-HON-I-0393	HON-I-003	honorificity	HON-I	C1	3	0.3333	kinship-based	literary		Grandfather, please climb before noon.	in_sentence	V	ஏறுங்கள்.	ēṟuṅkaḷ.	[2, 8]	ுங்கள்	ஏறு.|ஏறுக.	ஏறு	SG	False	True	False	public	NATIVE-CHECK-HON-3|NATIVE-CHECK-HON-4|NATIVE-CHECK-HON-5
HON-HON-I-0393-C1-VV	HON-HON-I-0393	HON-I-003	honorificity	HON-I	C1	3	0.3333	kinship-based	literary		Your Honour, please climb before noon.	in_sentence	VV	ஏறுக.	ēṟuka.	[4, 4]		ஏறு.|ஏறுங்கள்.	ஏறு	SG	False	False	False	public	NATIVE-CHECK-CHECKER-1|NATIVE-CHECK-HON-3|NATIVE-CHECK-HON-4|NATIVE-CHECK-HON-5
HON-HON-I-0393-C2-T	HON-HON-I-0393	HON-I-003	honorificity	HON-I	C2	3	0.3333	kinship-based	literary	The child sat down opposite the counter.	Please climb before noon.	prior_sentence	T	ஏறு.	ēṟu.	[3, 3]		ஏறுங்கள்.|ஏறுக.	ஏறு	SG	False	True	False	public	NATIVE-CHECK-HON-3|NATIVE-CHECK-HON-4|NATIVE-CHECK-HON-5
HON-HON-I-0393-C2-V	HON-HON-I-0393	HON-I-003	honorificity	HON-I	C2	3	0.3333	kinship-based	literary	The old man sat down opposite the counter.	Please climb before noon.	prior_sentence	V	ஏறுங்கள்.	ēṟuṅkaḷ.	[2, 8]	ுங்கள்	ஏறு.|ஏறுக.	ஏறு	SG	False	True	False	public	NATIVE-CHECK-HON-3|NATIVE-CHECK-HON-4|NATIVE-CHECK-HON-5
HON-HON-I-0393-C2-VV	HON-HON-I-0393	HON-I-003	honorificity	HON-I	C2	3	0.3333	kinship-based	literary	The abbot sat down opposite the counter.	Please climb before noon.	prior_sentence	VV	ஏறுக.	ēṟuka.	[4, 4]		ஏறு.|ஏறுங்கள்.	ஏறு	SG	False	False	False	public	NATIVE-CHECK-CHECKER-1|NATIVE-CHECK-HON-3|NATIVE-CHECK-HON-4|NATIVE-CHECK-HON-5
HON-HON-I-0393-C3-012	HON-HON-I-0393	HON-I-003	honorificity	HON-I	C3	3	0.3333	kinship-based	literary	The lamp burned steadily beside the wooden counter.	Please climb before noon.	absent				[]		ஏறு.|ஏறுங்கள்.|ஏறுக.	ஏறு	SG	False	True	False	public	NATIVE-CHECK-HON-3|NATIVE-CHECK-HON-4|NATIVE-CHECK-HON-5
HON-HON-I-0393-C3-060	HON-HON-I-0393	HON-I-003	honorificity	HON-I	C3	3	0.3333	kinship-based	literary	The lamp burned steadily beside the wooden counter.	Please climb before noon.	absent				[]		ஏறு.|ஏறுங்கள்.|ஏறுக.	ஏறு	SG	False	True	False	public	NATIVE-CHECK-HON-3|NATIVE-CHECK-HON-4|NATIVE-CHECK-HON-5
HON-HON-I-0394-C1-T	HON-HON-I-0394	HON-I-003	honorificity	HON-I	C1	3	0.3333	kinship-based	literary		Ravi, please descend before noon.	in_sentence	T	இறங்கு.	iṟaṅku.	[6, 6]		இறங்குங்கள்.|இறங்குக.	இறங்கு	SG	False	True	False	public	NATIVE-CHECK-HON-3|NATIVE-CHECK-HON-4|NATIVE-CHECK-HON-5
HON-HON-I-0394-C1-V	HON-HON-I-0394	HON-I-003	honorificity	HON-I	C1	3	0.3333	kinship-based	literary		Teacher, please descend before noon.	in_sentence	V	இறங்குங்கள்.	iṟaṅkuṅkaḷ.	[5, 11]	ுங்கள்	இறங்கு.|இறங்குக.	இறங்கு	SG	False	True	False	public	NATIVE-CHECK-HON-3|NATIVE-CHECK-HON-4|NATIVE-CHECK-HON-5
HON-HON-I-0394-C1-VV	HON-HON-I-0394	HON-I-003	honorificity	HON-I	C1	3	0.3333	kinship-based	literary		Respected Sir, please descend before noon.	in_sentence	VV	இறங்குக.	iṟaṅkuka.	[7, 7]		இறங்கு.|இறங்குங்கள்.	இறங்கு	SG	False	False	False	public	NATIVE-CHECK-CHECKER-1|NATIVE-CHECK-HON-3|NATIVE-CHECK-HON-4|NATIVE-CHECK-HON-5
HON-HON-I-0394-C2-T	HON-HON-I-0394	HON-I-003	honorificity	HON-I	C2	3	0.3333	kinship-based	literary	My junior colleague came into the room.	Please descend before noon.	prior_sentence	T	இறங்கு.	iṟaṅku.	[6, 6]		இறங்குங்கள்.|இறங்குக.	இறங்கு	SG	False	True	False	public	NATIVE-CHECK-HON-3|NATIVE-CHECK-HON-4|NATIVE-CHECK-HON-5
HON-HON-I-0394-C2-V	HON-HON-I-0394	HON-I-003	honorificity	HON-I	C2	3	0.3333	kinship-based	literary	My senior colleague came into the room.	Please descend before noon.	prior_sentence	V	இறங்குங்கள்.	iṟaṅkuṅkaḷ.	[5, 11]	ுங்கள்	இறங்கு.|இறங்குக.	இறங்கு	SG	False	True	False	public	NATIVE-CHECK-HON-3|NATIVE-CHECK-HON-4|NATIVE-CHECK-HON-5
HON-HON-I-0394-C2-VV	HON-HON-I-0394	HON-I-003	honorificity	HON-I	C2	3	0.3333	kinship-based	literary	The vice chancellor came into the room.	Please descend before noon.	prior_sentence	VV	இறங்குக.	iṟaṅkuka.	[7, 7]		இறங்கு.|இறங்குங்கள்.	இறங்கு	SG	False	False	False	public	NATIVE-CHECK-CHECKER-1|NATIVE-CHECK-HON-3|NATIVE-CHECK-HON-4|NATIVE-CHECK-HON-5
HON-HON-I-0394-C3-013	HON-HON-I-0394	HON-I-003	honorificity	HON-I	C3	3	0.3333	kinship-based	literary	The fan turned above the empty room.	Please descend before noon.	absent				[]		இறங்கு.|இறங்குங்கள்.|இறங்குக.	இறங்கு	SG	False	True	False	public	NATIVE-CHECK-HON-3|NATIVE-CHECK-HON-4|NATIVE-CHECK-HON-5
HON-HON-I-0394-C3-061	HON-HON-I-0394	HON-I-003	honorificity	HON-I	C3	3	0.3333	kinship-based	literary	The fan turned above the empty room.	Please descend before noon.	absent				[]		இறங்கு.|இறங்குங்கள்.|இறங்குக.	இறங்கு	SG	False	True	False	public	NATIVE-CHECK-HON-3|NATIVE-CHECK-HON-4|NATIVE-CHECK-HON-5
HON-HON-I-0395-C1-T	HON-HON-I-0395	HON-I-003	honorificity	HON-I	C1	3	0.3333	kinship-based	literary		Selvan, please search before noon.	in_sentence	T	தேடு.	tēṭu.	[4, 4]		தேடுங்கள்.|தேடுக.	தேடு	SG	False	True	False	public	NATIVE-CHECK-HON-3|NATIVE-CHECK-HON-4|NATIVE-CHECK-HON-5
HON-HON-I-0395-C1-V	HON-HON-I-0395	HON-I-003	honorificity	HON-I	C1	3	0.3333	kinship-based	literary		Uncle, please search before noon.	in_sentence	V	தேடுங்கள்.	tēṭuṅkaḷ.	[3, 9]	ுங்கள்	தேடு.|தேடுக.	தேடு	SG	False	True	False	public	NATIVE-CHECK-HON-3|NATIVE-CHECK-HON-4|NATIVE-CHECK-HON-5
HON-HON-I-0395-C1-VV	HON-HON-I-0395	HON-I-003	honorificity	HON-I	C1	3	0.3333	kinship-based	literary		Honoured Elder, please search before noon.	in_sentence	VV	தேடுக.	tēṭuka.	[5, 5]		தேடு.|தேடுங்கள்.	தேடு	SG	False	False	False	public	NATIVE-CHECK-CHECKER-1|NATIVE-CHECK-HON-3|NATIVE-CHECK-HON-4|NATIVE-CHECK-HON-5
HON-HON-I-0395-C2-T	HON-HON-I-0395	HON-I-003	honorificity	HON-I	C2	3	0.3333	kinship-based	literary	The youngest nephew was standing by the door.	Please search before noon.	prior_sentence	T	தேடு.	tēṭu.	[4, 4]		தேடுங்கள்.|தேடுக.	தேடு	SG	False	True	False	public	NATIVE-CHECK-HON-3|NATIVE-CHECK-HON-4|NATIVE-CHECK-HON-5
HON-HON-I-0395-C2-V	HON-HON-I-0395	HON-I-003	honorificity	HON-I	C2	3	0.3333	kinship-based	literary	The eldest uncle was standing by the door.	Please search before noon.	prior_sentence	V	தேடுங்கள்.	tēṭuṅkaḷ.	[3, 9]	ுங்கள்	தேடு.|தேடுக.	தேடு	SG	False	True	False	public	NATIVE-CHECK-HON-3|NATIVE-CHECK-HON-4|NATIVE-CHECK-HON-5
HON-HON-I-0395-C2-VV	HON-HON-I-0395	HON-I-003	honorificity	HON-I	C2	3	0.3333	kinship-based	literary	The household head was standing by the door.	Please search before noon.	prior_sentence	VV	தேடுக.	tēṭuka.	[5, 5]		தேடு.|தேடுங்கள்.	தேடு	SG	False	False	False	public	NATIVE-CHECK-CHECKER-1|NATIVE-CHECK-HON-3|NATIVE-CHECK-HON-4|NATIVE-CHECK-HON-5
HON-HON-I-0395-C3-014	HON-HON-I-0395	HON-I-003	honorificity	HON-I	C3	3	0.3333	kinship-based	literary	Sandals had been left beside the front door.	Please search before noon.	absent				[]		தேடு.|தேடுங்கள்.|தேடுக.	தேடு	SG	False	True	False	public	NATIVE-CHECK-HON-3|NATIVE-CHECK-HON-4|NATIVE-CHECK-HON-5
HON-HON-I-0395-C3-062	HON-HON-I-0395	HON-I-003	honorificity	HON-I	C3	3	0.3333	kinship-based	literary	Sandals had been left beside the front door.	Please search before noon.	absent				[]		தேடு.|தேடுங்கள்.|தேடுக.	தேடு	SG	False	True	False	public	NATIVE-CHECK-HON-3|NATIVE-CHECK-HON-4|NATIVE-CHECK-HON-5
HON-HON-I-0406-C1-T	HON-HON-I-0406	HON-I-006	honorificity	HON-I	C1	3	0.3333	age-based	literary		Ravi, please play in the morning.	in_sentence	T	விளையாடு.	viḷaiyāṭu.	[8, 8]		விளையாடுங்கள்.|விளையாடுக.	விளையாடு	SG	False	True	False	public	NATIVE-CHECK-HON-3|NATIVE-CHECK-HON-4|NATIVE-CHECK-HON-5
HON-HON-I-0406-C1-V	HON-HON-I-0406	HON-I-006	honorificity	HON-I	C1	3	0.3333	age-based	literary		Teacher, please play in the morning.	in_sentence	V	விளையாடுங்கள்.	viḷaiyāṭuṅkaḷ.	[7, 13]	ுங்கள்	விளையாடு.|விளையாடுக.	விளையாடு	SG	False	True	False	public	NATIVE-CHECK-HON-3|NATIVE-CHECK-HON-4|NATIVE-CHECK-HON-5
HON-HON-I-0406-C1-VV	HON-HON-I-0406	HON-I-006	honorificity	HON-I	C1	3	0.3333	age-based	literary		Respected Sir, please play in the morning.	in_sentence	VV	விளையாடுக.	viḷaiyāṭuka.	[9, 9]		விளையாடு.|விளையாடுங்கள்.	விளையாடு	SG	False	False	False	public	NATIVE-CHECK-CHECKER-1|NATIVE-CHECK-HON-3|NATIVE-CHECK-HON-4|NATIVE-CHECK-HON-5
HON-HON-I-0406-C2-T	HON-HON-I-0406	HON-I-006	honorificity	HON-I	C2	3	0.3333	age-based	literary	The clerk had been waiting for the new trainee.	Please play in the morning.	prior_sentence	T	விளையாடு.	viḷaiyāṭu.	[8, 8]		விளையாடுங்கள்.|விளையாடுக.	விளையாடு	SG	False	True	False	public	NATIVE-CHECK-HON-3|NATIVE-CHECK-HON-4|NATIVE-CHECK-HON-5
HON-HON-I-0406-C2-V	HON-HON-I-0406	HON-I-006	honorificity	HON-I	C2	3	0.3333	age-based	literary	The clerk had been waiting for the head teacher.	Please play in the morning.	prior_sentence	V	விளையாடுங்கள்.	viḷaiyāṭuṅkaḷ.	[7, 13]	ுங்கள்	விளையாடு.|விளையாடுக.	விளையாடு	SG	False	True	False	public	NATIVE-CHECK-HON-3|NATIVE-CHECK-HON-4|NATIVE-CHECK-HON-5
HON-HON-I-0406-C2-VV	HON-HON-I-0406	HON-I-006	honorificity	HON-I	C2	3	0.3333	age-based	literary	The clerk had been waiting for the district judge.	Please play in the morning.	prior_sentence	VV	விளையாடுக.	viḷaiyāṭuka.	[9, 9]		விளையாடு.|விளையாடுங்கள்.	விளையாடு	SG	False	False	False	public	NATIVE-CHECK-CHECKER-1|NATIVE-CHECK-HON-3|NATIVE-CHECK-HON-4|NATIVE-CHECK-HON-5
HON-HON-I-0406-C3-025	HON-HON-I-0406	HON-I-006	honorificity	HON-I	C3	3	0.3333	age-based	literary	The office had been quiet since the early morning.	Please play in the morning.	absent				[]		விளையாடு.|விளையாடுங்கள்.|விளையாடுக.	விளையாடு	SG	False	True	False	public	NATIVE-CHECK-HON-3|NATIVE-CHECK-HON-4|NATIVE-CHECK-HON-5
HON-HON-I-0406-C3-073	HON-HON-I-0406	HON-I-006	honorificity	HON-I	C3	3	0.3333	age-based	literary	The office had been quiet since the early morning.	Please play in the morning.	absent				[]		விளையாடு.|விளையாடுங்கள்.|விளையாடுக.	விளையாடு	SG	False	True	False	public	NATIVE-CHECK-HON-3|NATIVE-CHECK-HON-4|NATIVE-CHECK-HON-5
HON-HON-I-0407-C1-T	HON-HON-I-0407	HON-I-006	honorificity	HON-I	C1	3	0.3333	age-based	literary		Selvan, please cry in the morning.	in_sentence	T	அழு.	aḻu.	[3, 3]		அழுங்கள்.|அழுக.	அழு	SG	False	True	False	public	NATIVE-CHECK-HON-3|NATIVE-CHECK-HON-4|NATIVE-CHECK-HON-5
HON-HON-I-0407-C1-V	HON-HON-I-0407	HON-I-006	honorificity	HON-I	C1	3	0.3333	age-based	literary		Uncle, please cry in the morning.	in_sentence	V	அழுங்கள்.	aḻuṅkaḷ.	[2, 8]	ுங்கள்	அழு.|அழுக.	அழு	SG	False	True	False	public	NATIVE-CHECK-HON-3|NATIVE-CHECK-HON-4|NATIVE-CHECK-HON-5
HON-HON-I-0407-C1-VV	HON-HON-I-0407	HON-I-006	honorificity	HON-I	C1	3	0.3333	age-based	literary		Honoured Elder, please cry in the morning.	in_sentence	VV	அழுக.	aḻuka.	[4, 4]		அழு.|அழுங்கள்.	அழு	SG	False	False	False	public	NATIVE-CHECK-CHECKER-1|NATIVE-CHECK-HON-3|NATIVE-CHECK-HON-4|NATIVE-CHECK-HON-5
HON-HON-I-0407-C2-T	HON-HON-I-0407	HON-I-006	honorificity	HON-I	C2	3	0.3333	age-based	literary	Her little cousin arrived just before the meal.	Please cry in the morning.	prior_sentence	T	அழு.	aḻu.	[3, 3]		அழுங்கள்.|அழுக.	அழு	SG	False	True	False	public	NATIVE-CHECK-HON-3|NATIVE-CHECK-HON-4|NATIVE-CHECK-HON-5
HON-HON-I-0407-C2-V	HON-HON-I-0407	HON-I-006	honorificity	HON-I	C2	3	0.3333	age-based	literary	Her elderly father arrived just before the meal.	Please cry in the morning.	prior_sentence	V	அழுங்கள்.	aḻuṅkaḷ.	[2, 8]	ுங்கள்	அழு.|அழுக.	அழு	SG	False	True	False	public	NATIVE-CHECK-HON-3|NATIVE-CHECK-HON-4|NATIVE-CHECK-HON-5
HON-HON-I-0407-C2-VV	HON-HON-I-0407	HON-I-006	honorificity	HON-I	C2	3	0.3333	age-based	literary	Her family's guru arrived just before the meal.	Please cry in the morning.	prior_sentence	VV	அழுக.	aḻuka.	[4, 4]		அழு.|அழுங்கள்.	அழு	SG	False	False	False	public	NATIVE-CHECK-CHECKER-1|NATIVE-CHECK-HON-3|NATIVE-CHECK-HON-4|NATIVE-CHECK-HON-5
HON-HON-I-0407-C3-026	HON-HON-I-0407	HON-I-006	honorificity	HON-I	C3	3	0.3333	age-based	literary	A slow rain started just before the evening meal.	Please cry in the morning.	absent				[]		அழு.|அழுங்கள்.|அழுக.	அழு	SG	False	True	False	public	NATIVE-CHECK-HON-3|NATIVE-CHECK-HON-4|NATIVE-CHECK-HON-5
HON-HON-I-0407-C3-074	HON-HON-I-0407	HON-I-006	honorificity	HON-I	C3	3	0.3333	age-based	literary	A slow rain started just before the evening meal.	Please cry in the morning.	absent				[]		அழு.|அழுங்கள்.|அழுக.	அழு	SG	False	True	False	public	NATIVE-CHECK-HON-3|NATIVE-CHECK-HON-4|NATIVE-CHECK-HON-5
HON-HON-I-0408-C1-T	HON-HON-I-0408	HON-I-006	honorificity	HON-I	C1	3	0.3333	age-based	literary		Arun, please build in the morning.	in_sentence	T	கட்டு.	kaṭṭu.	[5, 5]		கட்டுங்கள்.|கட்டுக.	கட்டு	SG	True	False	False	public	NATIVE-CHECK-CHECKER-1|NATIVE-CHECK-HON-3|NATIVE-CHECK-HON-4|NATIVE-CHECK-HON-5
HON-HON-I-0408-C1-V	HON-HON-I-0408	HON-I-006	honorificity	HON-I	C1	3	0.3333	age-based	literary		Doctor, please build in the morning.	in_sentence	V	கட்டுங்கள்.	kaṭṭuṅkaḷ.	[4, 10]	ுங்கள்	கட்டு.|கட்டுக.	கட்டு	SG	False	True	False	public	NATIVE-CHECK-HON-3|NATIVE-CHECK-HON-4|NATIVE-CHECK-HON-5
HON-HON-I-0408-C1-VV	HON-HON-I-0408	HON-I-006	honorificity	HON-I	C1	3	0.3333	age-based	literary		Revered Teacher, please build in the morning.	in_sentence	VV	கட்டுக.	kaṭṭuka.	[6, 6]		கட்டு.|கட்டுங்கள்.	கட்டு	SG	False	False	False	public	NATIVE-CHECK-CHECKER-1|NATIVE-CHECK-HON-3|NATIVE-CHECK-HON-4|NATIVE-CHECK-HON-5
HON-HON-I-0408-C2-T	HON-HON-I-0408	HON-I-006	honorificity	HON-I	C2	3	0.3333	age-based	literary	A boy from the next street stopped at the gate.	Please build in the morning.	prior_sentence	T	கட்டு.	kaṭṭu.	[5, 5]		கட்டுங்கள்.|கட்டுக.	கட்டு	SG	True	False	False	public	NATIVE-CHECK-CHECKER-1|NATIVE-CHECK-HON-3|NATIVE-CHECK-HON-4|NATIVE-CHECK-HON-5
HON-HON-I-0408-C2-V	HON-HON-I-0408	HON-I-006	honorificity	HON-I	C2	3	0.3333	age-based	literary	An older neighbour from the street stopped at the gate.	Please build in the morning.	prior_sentence	V	கட்டுங்கள்.	kaṭṭuṅkaḷ.	[4, 10]	ுங்கள்	கட்டு.|கட்டுக.	கட்டு	SG	False	True	False	public	NATIVE-CHECK-HON-3|NATIVE-CHECK-HON-4|NATIVE-CHECK-HON-5
HON-HON-I-0408-C2-VV	HON-HON-I-0408	HON-I-006	honorificity	HON-I	C2	3	0.3333	age-based	literary	The visiting minister from the capital stopped at the gate.	Please build in the morning.	prior_sentence	VV	கட்டுக.	kaṭṭuka.	[6, 6]		கட்டு.|கட்டுங்கள்.	கட்டு	SG	False	False	False	public	NATIVE-CHECK-CHECKER-1|NATIVE-CHECK-HON-3|NATIVE-CHECK-HON-4|NATIVE-CHECK-HON-5
HON-HON-I-0408-C3-027	HON-HON-I-0408	HON-I-006	honorificity	HON-I	C3	3	0.3333	age-based	literary	A cold wind reached as far as the gate.	Please build in the morning.	absent				[]		கட்டு.|கட்டுங்கள்.|கட்டுக.	கட்டு	SG	False	True	False	public	NATIVE-CHECK-HON-3|NATIVE-CHECK-HON-4|NATIVE-CHECK-HON-5
HON-HON-I-0408-C3-075	HON-HON-I-0408	HON-I-006	honorificity	HON-I	C3	3	0.3333	age-based	literary	A cold wind reached as far as the gate.	Please build in the morning.	absent				[]		கட்டு.|கட்டுங்கள்.|கட்டுக.	கட்டு	SG	False	True	False	public	NATIVE-CHECK-HON-3|NATIVE-CHECK-HON-4|NATIVE-CHECK-HON-5
HON-HON-I-0409-C1-T	HON-HON-I-0409	HON-I-006	honorificity	HON-I	C1	3	0.3333	age-based	literary		Vasu, please close in the morning.	in_sentence	T	மூடு.	mūṭu.	[4, 4]		மூடுங்கள்.|மூடுக.	மூடு	SG	False	True	False	public	NATIVE-CHECK-HON-3|NATIVE-CHECK-HON-4|NATIVE-CHECK-HON-5
HON-HON-I-0409-C1-V	HON-HON-I-0409	HON-I-006	honorificity	HON-I	C1	3	0.3333	age-based	literary		Aunt, please close in the morning.	in_sentence	V	மூடுங்கள்.	mūṭuṅkaḷ.	[3, 9]	ுங்கள்	மூடு.|மூடுக.	மூடு	SG	False	True	False	public	NATIVE-CHECK-HON-3|NATIVE-CHECK-HON-4|NATIVE-CHECK-HON-5
HON-HON-I-0409-C1-VV	HON-HON-I-0409	HON-I-006	honorificity	HON-I	C1	3	0.3333	age-based	literary		Esteemed Guest, please close in the morning.	in_sentence	VV	மூடுக.	mūṭuka.	[5, 5]		மூடு.|மூடுங்கள்.	மூடு	SG	False	False	False	public	NATIVE-CHECK-CHECKER-1|NATIVE-CHECK-HON-3|NATIVE-CHECK-HON-4|NATIVE-CHECK-HON-5
HON-HON-I-0409-C2-T	HON-HON-I-0409	HON-I-006	honorificity	HON-I	C2	3	0.3333	age-based	literary	The child sat down opposite the counter.	Please close in the morning.	prior_sentence	T	மூடு.	mūṭu.	[4, 4]		மூடுங்கள்.|மூடுக.	மூடு	SG	False	True	False	public	NATIVE-CHECK-HON-3|NATIVE-CHECK-HON-4|NATIVE-CHECK-HON-5
HON-HON-I-0409-C2-V	HON-HON-I-0409	HON-I-006	honorificity	HON-I	C2	3	0.3333	age-based	literary	The old man sat down opposite the counter.	Please close in the morning.	prior_sentence	V	மூடுங்கள்.	mūṭuṅkaḷ.	[3, 9]	ுங்கள்	மூடு.|மூடுக.	மூடு	SG	False	True	False	public	NATIVE-CHECK-HON-3|NATIVE-CHECK-HON-4|NATIVE-CHECK-HON-5
HON-HON-I-0409-C2-VV	HON-HON-I-0409	HON-I-006	honorificity	HON-I	C2	3	0.3333	age-based	literary	The abbot sat down opposite the counter.	Please close in the morning.	prior_sentence	VV	மூடுக.	mūṭuka.	[5, 5]		மூடு.|மூடுங்கள்.	மூடு	SG	False	False	False	public	NATIVE-CHECK-CHECKER-1|NATIVE-CHECK-HON-3|NATIVE-CHECK-HON-4|NATIVE-CHECK-HON-5
HON-HON-I-0409-C3-028	HON-HON-I-0409	HON-I-006	honorificity	HON-I	C3	3	0.3333	age-based	literary	The lamp burned steadily beside the wooden counter.	Please close in the morning.	absent				[]		மூடு.|மூடுங்கள்.|மூடுக.	மூடு	SG	False	True	False	public	NATIVE-CHECK-HON-3|NATIVE-CHECK-HON-4|NATIVE-CHECK-HON-5
HON-HON-I-0409-C3-076	HON-HON-I-0409	HON-I-006	honorificity	HON-I	C3	3	0.3333	age-based	literary	The lamp burned steadily beside the wooden counter.	Please close in the morning.	absent				[]		மூடு.|மூடுங்கள்.|மூடுக.	மூடு	SG	False	True	False	public	NATIVE-CHECK-HON-3|NATIVE-CHECK-HON-4|NATIVE-CHECK-HON-5
HON-HON-I-0410-C1-T	HON-HON-I-0410	HON-I-006	honorificity	HON-I	C1	3	0.3333	age-based	literary		Mani, please send in the morning.	in_sentence	T	அனுப்பு.	aṉuppu.	[7, 7]		அனுப்புங்கள்.|அனுப்புக.	அனுப்பு	SG	False	True	False	public	NATIVE-CHECK-HON-3|NATIVE-CHECK-HON-4|NATIVE-CHECK-HON-5
HON-HON-I-0410-C1-V	HON-HON-I-0410	HON-I-006	honorificity	HON-I	C1	3	0.3333	age-based	literary		Father, please send in the morning.	in_sentence	V	அனுப்புங்கள்.	aṉuppuṅkaḷ.	[6, 12]	ுங்கள்	அனுப்பு.|அனுப்புக.	அனுப்பு	SG	False	True	False	public	NATIVE-CHECK-HON-3|NATIVE-CHECK-HON-4|NATIVE-CHECK-HON-5
HON-HON-I-0410-C1-VV	HON-HON-I-0410	HON-I-006	honorificity	HON-I	C1	3	0.3333	age-based	literary		Learned Judge, please send in the morning.	in_sentence	VV	அனுப்புக.	aṉuppuka.	[8, 8]		அனுப்பு.|அனுப்புங்கள்.	அனுப்பு	SG	False	False	False	public	NATIVE-CHECK-CHECKER-1|NATIVE-CHECK-HON-3|NATIVE-CHECK-HON-4|NATIVE-CHECK-HON-5
HON-HON-I-0410-C2-T	HON-HON-I-0410	HON-I-006	honorificity	HON-I	C2	3	0.3333	age-based	literary	My junior colleague came into the room.	Please send in the morning.	prior_sentence	T	அனுப்பு.	aṉuppu.	[7, 7]		அனுப்புங்கள்.|அனுப்புக.	அனுப்பு	SG	False	True	False	public	NATIVE-CHECK-HON-3|NATIVE-CHECK-HON-4|NATIVE-CHECK-HON-5
HON-HON-I-0410-C2-V	HON-HON-I-0410	HON-I-006	honorificity	HON-I	C2	3	0.3333	age-based	literary	My senior colleague came into the room.	Please send in the morning.	prior_sentence	V	அனுப்புங்கள்.	aṉuppuṅkaḷ.	[6, 12]	ுங்கள்	அனுப்பு.|அனுப்புக.	அனுப்பு	SG	False	True	False	public	NATIVE-CHECK-HON-3|NATIVE-CHECK-HON-4|NATIVE-CHECK-HON-5
HON-HON-I-0410-C2-VV	HON-HON-I-0410	HON-I-006	honorificity	HON-I	C2	3	0.3333	age-based	literary	The vice chancellor came into the room.	Please send in the morning.	prior_sentence	VV	அனுப்புக.	aṉuppuka.	[8, 8]		அனுப்பு.|அனுப்புங்கள்.	அனுப்பு	SG	False	False	False	public	NATIVE-CHECK-CHECKER-1|NATIVE-CHECK-HON-3|NATIVE-CHECK-HON-4|NATIVE-CHECK-HON-5
HON-HON-I-0410-C3-029	HON-HON-I-0410	HON-I-006	honorificity	HON-I	C3	3	0.3333	age-based	literary	The fan turned above the empty room.	Please send in the morning.	absent				[]		அனுப்பு.|அனுப்புங்கள்.|அனுப்புக.	அனுப்பு	SG	False	True	False	public	NATIVE-CHECK-HON-3|NATIVE-CHECK-HON-4|NATIVE-CHECK-HON-5
HON-HON-I-0410-C3-077	HON-HON-I-0410	HON-I-006	honorificity	HON-I	C3	3	0.3333	age-based	literary	The fan turned above the empty room.	Please send in the morning.	absent				[]		அனுப்பு.|அனுப்புங்கள்.|அனுப்புக.	அனுப்பு	SG	False	True	False	public	NATIVE-CHECK-HON-3|NATIVE-CHECK-HON-4|NATIVE-CHECK-HON-5
HON-HON-I-0411-C1-T	HON-HON-I-0411	HON-I-007	honorificity	HON-I	C1	3	0.3333	kinship-based	literary		Kumar, please swim slowly.	in_sentence	T	நீந்து.	nīntu.	[6, 6]		நீந்துங்கள்.|நீந்துக.	நீந்து	SG	False	True	False	public	NATIVE-CHECK-HON-3|NATIVE-CHECK-HON-4|NATIVE-CHECK-HON-5
HON-HON-I-0411-C1-V	HON-HON-I-0411	HON-I-007	honorificity	HON-I	C1	3	0.3333	kinship-based	literary		Grandfather, please swim slowly.	in_sentence	V	நீந்துங்கள்.	nīntuṅkaḷ.	[5, 11]	ுங்கள்	நீந்து.|நீந்துக.	நீந்து	SG	False	True	False	public	NATIVE-CHECK-HON-3|NATIVE-CHECK-HON-4|NATIVE-CHECK-HON-5
HON-HON-I-0411-C1-VV	HON-HON-I-0411	HON-I-007	honorificity	HON-I	C1	3	0.3333	kinship-based	literary		Your Honour, please swim slowly.	in_sentence	VV	நீந்துக.	nīntuka.	[7, 7]		நீந்து.|நீந்துங்கள்.	நீந்து	SG	False	False	False	public	NATIVE-CHECK-CHECKER-1|NATIVE-CHECK-HON-3|NATIVE-CHECK-HON-4|NATIVE-CHECK-HON-5
HON-HON-I-0411-C2-T	HON-HON-I-0411	HON-I-007	honorificity	HON-I	C2	3	0.3333	kinship-based	literary	The youngest nephew was standing by the door.	Please swim slowly.	prior_sentence	T	நீந்து.	nīntu.	[6, 6]		நீந்துங்கள்.|நீந்துக.	நீந்து	SG	False	True	False	public	NATIVE-CHECK-HON-3|NATIVE-CHECK-HON-4|NATIVE-CHECK-HON-5
HON-HON-I-0411-C2-V	HON-HON-I-0411	HON-I-007	honorificity	HON-I	C2	3	0.3333	kinship-based	literary	The eldest uncle was standing by the door.	Please swim slowly.	prior_sentence	V	நீந்துங்கள்.	nīntuṅkaḷ.	[5, 11]	ுங்கள்	நீந்து.|நீந்துக.	நீந்து	SG	False	True	False	public	NATIVE-CHECK-HON-3|NATIVE-CHECK-HON-4|NATIVE-CHECK-HON-5
HON-HON-I-0411-C2-VV	HON-HON-I-0411	HON-I-007	honorificity	HON-I	C2	3	0.3333	kinship-based	literary	The household head was standing by the door.	Please swim slowly.	prior_sentence	VV	நீந்துக.	nīntuka.	[7, 7]		நீந்து.|நீந்துங்கள்.	நீந்து	SG	False	False	False	public	NATIVE-CHECK-CHECKER-1|NATIVE-CHECK-HON-3|NATIVE-CHECK-HON-4|NATIVE-CHECK-HON-5
HON-HON-I-0411-C3-030	HON-HON-I-0411	HON-I-007	honorificity	HON-I	C3	3	0.3333	kinship-based	literary	Sandals had been left beside the front door.	Please swim slowly.	absent				[]		நீந்து.|நீந்துங்கள்.|நீந்துக.	நீந்து	SG	False	True	False	public	NATIVE-CHECK-HON-3|NATIVE-CHECK-HON-4|NATIVE-CHECK-HON-5
HON-HON-I-0411-C3-078	HON-HON-I-0411	HON-I-007	honorificity	HON-I	C3	3	0.3333	kinship-based	literary	Sandals had been left beside the front door.	Please swim slowly.	absent				[]		நீந்து.|நீந்துங்கள்.|நீந்துக.	நீந்து	SG	False	True	False	public	NATIVE-CHECK-HON-3|NATIVE-CHECK-HON-4|NATIVE-CHECK-HON-5
HON-HON-I-0412-C1-T	HON-HON-I-0412	HON-I-007	honorificity	HON-I	C1	3	0.3333	kinship-based	literary		Ravi, please begin slowly.	in_sentence	T	தொடங்கு.	toṭaṅku.	[7, 7]		தொடங்குங்கள்.|தொடங்குக.	தொடங்கு	SG	False	True	False	public	NATIVE-CHECK-HON-3|NATIVE-CHECK-HON-4|NATIVE-CHECK-HON-5
HON-HON-I-0412-C1-V	HON-HON-I-0412	HON-I-007	honorificity	HON-I	C1	3	0.3333	kinship-based	literary		Teacher, please begin slowly.	in_sentence	V	தொடங்குங்கள்.	toṭaṅkuṅkaḷ.	[6, 12]	ுங்கள்	தொடங்கு.|தொடங்குக.	தொடங்கு	SG	False	True	False	public	NATIVE-CHECK-HON-3|NATIVE-CHECK-HON-4|NATIVE-CHECK-HON-5
HON-HON-I-0412-C1-VV	HON-HON-I-0412	HON-I-007	honorificity	HON-I	C1	3	0.3333	kinship-based	literary		Respected Sir, please begin slowly.	in_sentence	VV	தொடங்குக.	toṭaṅkuka.	[8, 8]		தொடங்கு.|தொடங்குங்கள்.	தொடங்கு	SG	False	False	False	public	NATIVE-CHECK-CHECKER-1|NATIVE-CHECK-HON-3|NATIVE-CHECK-HON-4|NATIVE-CHECK-HON-5
HON-HON-I-0412-C2-T	HON-HON-I-0412	HON-I-007	honorificity	HON-I	C2	3	0.3333	kinship-based	literary	A young apprentice knocked twice and waited.	Please begin slowly.	prior_sentence	T	தொடங்கு.	toṭaṅku.	[7, 7]		தொடங்குங்கள்.|தொடங்குக.	தொடங்கு	SG	False	True	False	public	NATIVE-CHECK-HON-3|NATIVE-CHECK-HON-4|NATIVE-CHECK-HON-5
HON-HON-I-0412-C2-V	HON-HON-I-0412	HON-I-007	honorificity	HON-I	C2	3	0.3333	kinship-based	literary	An elderly customer knocked twice and waited.	Please begin slowly.	prior_sentence	V	தொடங்குங்கள்.	toṭaṅkuṅkaḷ.	[6, 12]	ுங்கள்	தொடங்கு.|தொடங்குக.	தொடங்கு	SG	False	True	False	public	NATIVE-CHECK-HON-3|NATIVE-CHECK-HON-4|NATIVE-CHECK-HON-5
HON-HON-I-0412-C2-VV	HON-HON-I-0412	HON-I-007	honorificity	HON-I	C2	3	0.3333	kinship-based	literary	The chief magistrate knocked twice and waited.	Please begin slowly.	prior_sentence	VV	தொடங்குக.	toṭaṅkuka.	[8, 8]		தொடங்கு.|தொடங்குங்கள்.	தொடங்கு	SG	False	False	False	public	NATIVE-CHECK-CHECKER-1|NATIVE-CHECK-HON-3|NATIVE-CHECK-HON-4|NATIVE-CHECK-HON-5
HON-HON-I-0412-C3-031	HON-HON-I-0412	HON-I-007	honorificity	HON-I	C3	3	0.3333	kinship-based	literary	A shutter banged twice somewhere along the corridor.	Please begin slowly.	absent				[]		தொடங்கு.|தொடங்குங்கள்.|தொடங்குக.	தொடங்கு	SG	False	True	False	public	NATIVE-CHECK-HON-3|NATIVE-CHECK-HON-4|NATIVE-CHECK-HON-5
HON-HON-I-0412-C3-079	HON-HON-I-0412	HON-I-007	honorificity	HON-I	C3	3	0.3333	kinship-based	literary	A shutter banged twice somewhere along the corridor.	Please begin slowly.	absent				[]		தொடங்கு.|தொடங்குங்கள்.|தொடங்குக.	தொடங்கு	SG	False	True	False	public	NATIVE-CHECK-HON-3|NATIVE-CHECK-HON-4|NATIVE-CHECK-HON-5
HON-HON-I-0413-C1-T	HON-HON-I-0413	HON-I-007	honorificity	HON-I	C1	3	0.3333	kinship-based	literary		Selvan, please speak slowly.	in_sentence	T	பேசு.	pēcu.	[4, 4]		பேசுங்கள்.|பேசுக.	பேசு	SG	False	True	False	public	NATIVE-CHECK-HON-3|NATIVE-CHECK-HON-4|NATIVE-CHECK-HON-5
HON-HON-I-0413-C1-V	HON-HON-I-0413	HON-I-007	honorificity	HON-I	C1	3	0.3333	kinship-based	literary		Uncle, please speak slowly.	in_sentence	V	பேசுங்கள்.	pēcuṅkaḷ.	[3, 9]	ுங்கள்	பேசு.|பேசுக.	பேசு	SG	False	True	False	public	NATIVE-CHECK-HON-3|NATIVE-CHECK-HON-4|NATIVE-CHECK-HON-5
HON-HON-I-0413-C1-VV	HON-HON-I-0413	HON-I-007	honorificity	HON-I	C1	3	0.3333	kinship-based	literary		Honoured Elder, please speak slowly.	in_sentence	VV	பேசுக.	pēcuka.	[5, 5]		பேசு.|பேசுங்கள்.	பேசு	SG	False	False	False	public	NATIVE-CHECK-CHECKER-1|NATIVE-CHECK-HON-3|NATIVE-CHECK-HON-4|NATIVE-CHECK-HON-5
HON-HON-I-0413-C2-T	HON-HON-I-0413	HON-I-007	honorificity	HON-I	C2	3	0.3333	kinship-based	literary	Ravi greeted his younger brother in the hall.	Please speak slowly.	prior_sentence	T	பேசு.	pēcu.	[4, 4]		பேசுங்கள்.|பேசுக.	பேசு	SG	False	True	False	public	NATIVE-CHECK-HON-3|NATIVE-CHECK-HON-4|NATIVE-CHECK-HON-5
HON-HON-I-0413-C2-V	HON-HON-I-0413	HON-I-007	honorificity	HON-I	C2	3	0.3333	kinship-based	literary	Ravi greeted his grandfather in the hall.	Please speak slowly.	prior_sentence	V	பேசுங்கள்.	pēcuṅkaḷ.	[3, 9]	ுங்கள்	பேசு.|பேசுக.	பேசு	SG	False	True	False	public	NATIVE-CHECK-HON-3|NATIVE-CHECK-HON-4|NATIVE-CHECK-HON-5
HON-HON-I-0413-C2-VV	HON-HON-I-0413	HON-I-007	honorificity	HON-I	C2	3	0.3333	kinship-based	literary	Ravi greeted the temple priest in the hall.	Please speak slowly.	prior_sentence	VV	பேசுக.	pēcuka.	[5, 5]		பேசு.|பேசுங்கள்.	பேசு	SG	False	False	False	public	NATIVE-CHECK-CHECKER-1|NATIVE-CHECK-HON-3|NATIVE-CHECK-HON-4|NATIVE-CHECK-HON-5
HON-HON-I-0413-C3-032	HON-HON-I-0413	HON-I-007	honorificity	HON-I	C3	3	0.3333	kinship-based	literary	The morning light fell across the empty hall.	Please speak slowly.	absent				[]		பேசு.|பேசுங்கள்.|பேசுக.	பேசு	SG	False	True	False	public	NATIVE-CHECK-HON-3|NATIVE-CHECK-HON-4|NATIVE-CHECK-HON-5
HON-HON-I-0413-C3-080	HON-HON-I-0413	HON-I-007	honorificity	HON-I	C3	3	0.3333	kinship-based	literary	The morning light fell across the empty hall.	Please speak slowly.	absent				[]		பேசு.|பேசுங்கள்.|பேசுக.	பேசு	SG	False	True	False	public	NATIVE-CHECK-HON-3|NATIVE-CHECK-HON-4|NATIVE-CHECK-HON-5
HON-HON-I-0414-C1-T	HON-HON-I-0414	HON-I-007	honorificity	HON-I	C1	3	0.3333	kinship-based	literary		Arun, please climb slowly.	in_sentence	T	ஏறு.	ēṟu.	[3, 3]		ஏறுங்கள்.|ஏறுக.	ஏறு	SG	False	True	False	public	NATIVE-CHECK-HON-3|NATIVE-CHECK-HON-4|NATIVE-CHECK-HON-5
HON-HON-I-0414-C1-V	HON-HON-I-0414	HON-I-007	honorificity	HON-I	C1	3	0.3333	kinship-based	literary		Doctor, please climb slowly.	in_sentence	V	ஏறுங்கள்.	ēṟuṅkaḷ.	[2, 8]	ுங்கள்	ஏறு.|ஏறுக.	ஏறு	SG	False	True	False	public	NATIVE-CHECK-HON-3|NATIVE-CHECK-HON-4|NATIVE-CHECK-HON-5
HON-HON-I-0414-C1-VV	HON-HON-I-0414	HON-I-007	honorificity	HON-I	C1	3	0.3333	kinship-based	literary		Revered Teacher, please climb slowly.	in_sentence	VV	ஏறுக.	ēṟuka.	[4, 4]		ஏறு.|ஏறுங்கள்.	ஏறு	SG	False	False	False	public	NATIVE-CHECK-CHECKER-1|NATIVE-CHECK-HON-3|NATIVE-CHECK-HON-4|NATIVE-CHECK-HON-5
HON-HON-I-0414-C2-T	HON-HON-I-0414	HON-I-007	honorificity	HON-I	C2	3	0.3333	kinship-based	literary	The clerk had been waiting for the new trainee.	Please climb slowly.	prior_sentence	T	ஏறு.	ēṟu.	[3, 3]		ஏறுங்கள்.|ஏறுக.	ஏறு	SG	False	True	False	public	NATIVE-CHECK-HON-3|NATIVE-CHECK-HON-4|NATIVE-CHECK-HON-5
HON-HON-I-0414-C2-V	HON-HON-I-0414	HON-I-007	honorificity	HON-I	C2	3	0.3333	kinship-based	literary	The clerk had been waiting for the head teacher.	Please climb slowly.	prior_sentence	V	ஏறுங்கள்.	ēṟuṅkaḷ.	[2, 8]	ுங்கள்	ஏறு.|ஏறுக.	ஏறு	SG	False	True	False	public	NATIVE-CHECK-HON-3|NATIVE-CHECK-HON-4|NATIVE-CHECK-HON-5
HON-HON-I-0414-C2-VV	HON-HON-I-0414	HON-I-007	honorificity	HON-I	C2	3	0.3333	kinship-based	literary	The clerk had been waiting for the district judge.	Please climb slowly.	prior_sentence	VV	ஏறுக.	ēṟuka.	[4, 4]		ஏறு.|ஏறுங்கள்.	ஏறு	SG	False	False	False	public	NATIVE-CHECK-CHECKER-1|NATIVE-CHECK-HON-3|NATIVE-CHECK-HON-4|NATIVE-CHECK-HON-5
HON-HON-I-0414-C3-033	HON-HON-I-0414	HON-I-007	honorificity	HON-I	C3	3	0.3333	kinship-based	literary	The office had been quiet since the early morning.	Please climb slowly.	absent				[]		ஏறு.|ஏறுங்கள்.|ஏறுக.	ஏறு	SG	False	True	False	public	NATIVE-CHECK-HON-3|NATIVE-CHECK-HON-4|NATIVE-CHECK-HON-5
HON-HON-I-0414-C3-081	HON-HON-I-0414	HON-I-007	honorificity	HON-I	C3	3	0.3333	kinship-based	literary	The office had been quiet since the early morning.	Please climb slowly.	absent				[]		ஏறு.|ஏறுங்கள்.|ஏறுக.	ஏறு	SG	False	True	False	public	NATIVE-CHECK-HON-3|NATIVE-CHECK-HON-4|NATIVE-CHECK-HON-5
HON-HON-I-0415-C1-T	HON-HON-I-0415	HON-I-007	honorificity	HON-I	C1	3	0.3333	kinship-based	literary		Vasu, please descend slowly.	in_sentence	T	இறங்கு.	iṟaṅku.	[6, 6]		இறங்குங்கள்.|இறங்குக.	இறங்கு	SG	False	True	False	public	NATIVE-CHECK-HON-3|NATIVE-CHECK-HON-4|NATIVE-CHECK-HON-5
HON-HON-I-0415-C1-V	HON-HON-I-0415	HON-I-007	honorificity	HON-I	C1	3	0.3333	kinship-based	literary		Aunt, please descend slowly.	in_sentence	V	இறங்குங்கள்.	iṟaṅkuṅkaḷ.	[5, 11]	ுங்கள்	இறங்கு.|இறங்குக.	இறங்கு	SG	False	True	False	public	NATIVE-CHECK-HON-3|NATIVE-CHECK-HON-4|NATIVE-CHECK-HON-5
HON-HON-I-0415-C1-VV	HON-HON-I-0415	HON-I-007	honorificity	HON-I	C1	3	0.3333	kinship-based	literary		Esteemed Guest, please descend slowly.	in_sentence	VV	இறங்குக.	iṟaṅkuka.	[7, 7]		இறங்கு.|இறங்குங்கள்.	இறங்கு	SG	False	False	False	public	NATIVE-CHECK-CHECKER-1|NATIVE-CHECK-HON-3|NATIVE-CHECK-HON-4|NATIVE-CHECK-HON-5
HON-HON-I-0415-C2-T	HON-HON-I-0415	HON-I-007	honorificity	HON-I	C2	3	0.3333	kinship-based	literary	Her little cousin arrived just before the meal.	Please descend slowly.	prior_sentence	T	இறங்கு.	iṟaṅku.	[6, 6]		இறங்குங்கள்.|இறங்குக.	இறங்கு	SG	False	True	False	public	NATIVE-CHECK-HON-3|NATIVE-CHECK-HON-4|NATIVE-CHECK-HON-5
HON-HON-I-0415-C2-V	HON-HON-I-0415	HON-I-007	honorificity	HON-I	C2	3	0.3333	kinship-based	literary	Her elderly father arrived just before the meal.	Please descend slowly.	prior_sentence	V	இறங்குங்கள்.	iṟaṅkuṅkaḷ.	[5, 11]	ுங்கள்	இறங்கு.|இறங்குக.	இறங்கு	SG	False	True	False	public	NATIVE-CHECK-HON-3|NATIVE-CHECK-HON-4|NATIVE-CHECK-HON-5
HON-HON-I-0415-C2-VV	HON-HON-I-0415	HON-I-007	honorificity	HON-I	C2	3	0.3333	kinship-based	literary	Her family's guru arrived just before the meal.	Please descend slowly.	prior_sentence	VV	இறங்குக.	iṟaṅkuka.	[7, 7]		இறங்கு.|இறங்குங்கள்.	இறங்கு	SG	False	False	False	public	NATIVE-CHECK-CHECKER-1|NATIVE-CHECK-HON-3|NATIVE-CHECK-HON-4|NATIVE-CHECK-HON-5
HON-HON-I-0415-C3-034	HON-HON-I-0415	HON-I-007	honorificity	HON-I	C3	3	0.3333	kinship-based	literary	A slow rain started just before the evening meal.	Please descend slowly.	absent				[]		இறங்கு.|இறங்குங்கள்.|இறங்குக.	இறங்கு	SG	False	True	False	public	NATIVE-CHECK-HON-3|NATIVE-CHECK-HON-4|NATIVE-CHECK-HON-5
HON-HON-I-0415-C3-082	HON-HON-I-0415	HON-I-007	honorificity	HON-I	C3	3	0.3333	kinship-based	literary	A slow rain started just before the evening meal.	Please descend slowly.	absent				[]		இறங்கு.|இறங்குங்கள்.|இறங்குக.	இறங்கு	SG	False	True	False	public	NATIVE-CHECK-HON-3|NATIVE-CHECK-HON-4|NATIVE-CHECK-HON-5
HON-HON-I-0416-C1-T	HON-HON-I-0416	HON-I-008	honorificity	HON-I	C1	3	0.3333	stranger-deference	literary		Mani, please search again.	in_sentence	T	தேடு.	tēṭu.	[4, 4]		தேடுங்கள்.|தேடுக.	தேடு	SG	False	True	False	public	NATIVE-CHECK-HON-3|NATIVE-CHECK-HON-4|NATIVE-CHECK-HON-5
HON-HON-I-0416-C1-V	HON-HON-I-0416	HON-I-008	honorificity	HON-I	C1	3	0.3333	stranger-deference	literary		Father, please search again.	in_sentence	V	தேடுங்கள்.	tēṭuṅkaḷ.	[3, 9]	ுங்கள்	தேடு.|தேடுக.	தேடு	SG	False	True	False	public	NATIVE-CHECK-HON-3|NATIVE-CHECK-HON-4|NATIVE-CHECK-HON-5
HON-HON-I-0416-C1-VV	HON-HON-I-0416	HON-I-008	honorificity	HON-I	C1	3	0.3333	stranger-deference	literary		Learned Judge, please search again.	in_sentence	VV	தேடுக.	tēṭuka.	[5, 5]		தேடு.|தேடுங்கள்.	தேடு	SG	False	False	False	public	NATIVE-CHECK-CHECKER-1|NATIVE-CHECK-HON-3|NATIVE-CHECK-HON-4|NATIVE-CHECK-HON-5
HON-HON-I-0416-C2-T	HON-HON-I-0416	HON-I-008	honorificity	HON-I	C2	3	0.3333	stranger-deference	literary	A boy from the next street stopped at the gate.	Please search again.	prior_sentence	T	தேடு.	tēṭu.	[4, 4]		தேடுங்கள்.|தேடுக.	தேடு	SG	False	True	False	public	NATIVE-CHECK-HON-3|NATIVE-CHECK-HON-4|NATIVE-CHECK-HON-5
HON-HON-I-0416-C2-V	HON-HON-I-0416	HON-I-008	honorificity	HON-I	C2	3	0.3333	stranger-deference	literary	An older neighbour from the street stopped at the gate.	Please search again.	prior_sentence	V	தேடுங்கள்.	tēṭuṅkaḷ.	[3, 9]	ுங்கள்	தேடு.|தேடுக.	தேடு	SG	False	True	False	public	NATIVE-CHECK-HON-3|NATIVE-CHECK-HON-4|NATIVE-CHECK-HON-5
HON-HON-I-0416-C2-VV	HON-HON-I-0416	HON-I-008	honorificity	HON-I	C2	3	0.3333	stranger-deference	literary	The visiting minister from the capital stopped at the gate.	Please search again.	prior_sentence	VV	தேடுக.	tēṭuka.	[5, 5]		தேடு.|தேடுங்கள்.	தேடு	SG	False	False	False	public	NATIVE-CHECK-CHECKER-1|NATIVE-CHECK-HON-3|NATIVE-CHECK-HON-4|NATIVE-CHECK-HON-5
HON-HON-I-0416-C3-035	HON-HON-I-0416	HON-I-008	honorificity	HON-I	C3	3	0.3333	stranger-deference	literary	A cold wind reached as far as the gate.	Please search again.	absent				[]		தேடு.|தேடுங்கள்.|தேடுக.	தேடு	SG	False	True	False	public	NATIVE-CHECK-HON-3|NATIVE-CHECK-HON-4|NATIVE-CHECK-HON-5
HON-HON-I-0416-C3-083	HON-HON-I-0416	HON-I-008	honorificity	HON-I	C3	3	0.3333	stranger-deference	literary	A cold wind reached as far as the gate.	Please search again.	absent				[]		தேடு.|தேடுங்கள்.|தேடுக.	தேடு	SG	False	True	False	public	NATIVE-CHECK-HON-3|NATIVE-CHECK-HON-4|NATIVE-CHECK-HON-5
HON-HON-I-0417-C1-T	HON-HON-I-0417	HON-I-008	honorificity	HON-I	C1	3	0.3333	stranger-deference	literary		Kumar, please say again.	in_sentence	T	கூறு.	kūṟu.	[4, 4]		கூறுங்கள்.|கூறுக.	கூறு	SG	False	True	False	public	NATIVE-CHECK-HON-3|NATIVE-CHECK-HON-4|NATIVE-CHECK-HON-5
HON-HON-I-0417-C1-V	HON-HON-I-0417	HON-I-008	honorificity	HON-I	C1	3	0.3333	stranger-deference	literary		Grandfather, please say again.	in_sentence	V	கூறுங்கள்.	kūṟuṅkaḷ.	[3, 9]	ுங்கள்	கூறு.|கூறுக.	கூறு	SG	False	True	False	public	NATIVE-CHECK-HON-3|NATIVE-CHECK-HON-4|NATIVE-CHECK-HON-5
HON-HON-I-0417-C1-VV	HON-HON-I-0417	HON-I-008	honorificity	HON-I	C1	3	0.3333	stranger-deference	literary		Your Honour, please say again.	in_sentence	VV	கூறுக.	kūṟuka.	[5, 5]		கூறு.|கூறுங்கள்.	கூறு	SG	False	False	False	public	NATIVE-CHECK-CHECKER-1|NATIVE-CHECK-HON-3|NATIVE-CHECK-HON-4|NATIVE-CHECK-HON-5
HON-HON-I-0417-C2-T	HON-HON-I-0417	HON-I-008	honorificity	HON-I	C2	3	0.3333	stranger-deference	literary	The child sat down opposite the counter.	Please say again.	prior_sentence	T	கூறு.	kūṟu.	[4, 4]		கூறுங்கள்.|கூறுக.	கூறு	SG	False	True	False	public	NATIVE-CHECK-HON-3|NATIVE-CHECK-HON-4|NATIVE-CHECK-HON-5
HON-HON-I-0417-C2-V	HON-HON-I-0417	HON-I-008	honorificity	HON-I	C2	3	0.3333	stranger-deference	literary	The old man sat down opposite the counter.	Please say again.	prior_sentence	V	கூறுங்கள்.	kūṟuṅkaḷ.	[3, 9]	ுங்கள்	கூறு.|கூறுக.	கூறு	SG	False	True	False	public	NATIVE-CHECK-HON-3|NATIVE-CHECK-HON-4|NATIVE-CHECK-HON-5
HON-HON-I-0417-C2-VV	HON-HON-I-0417	HON-I-008	honorificity	HON-I	C2	3	0.3333	stranger-deference	literary	The abbot sat down opposite the counter.	Please say again.	prior_sentence	VV	கூறுக.	kūṟuka.	[5, 5]		கூறு.|கூறுங்கள்.	கூறு	SG	False	False	False	public	NATIVE-CHECK-CHECKER-1|NATIVE-CHECK-HON-3|NATIVE-CHECK-HON-4|NATIVE-CHECK-HON-5
HON-HON-I-0417-C3-036	HON-HON-I-0417	HON-I-008	honorificity	HON-I	C3	3	0.3333	stranger-deference	literary	The lamp burned steadily beside the wooden counter.	Please say again.	absent				[]		கூறு.|கூறுங்கள்.|கூறுக.	கூறு	SG	False	True	False	public	NATIVE-CHECK-HON-3|NATIVE-CHECK-HON-4|NATIVE-CHECK-HON-5
HON-HON-I-0417-C3-084	HON-HON-I-0417	HON-I-008	honorificity	HON-I	C3	3	0.3333	stranger-deference	literary	The lamp burned steadily beside the wooden counter.	Please say again.	absent				[]		கூறு.|கூறுங்கள்.|கூறுக.	கூறு	SG	False	True	False	public	NATIVE-CHECK-HON-3|NATIVE-CHECK-HON-4|NATIVE-CHECK-HON-5
HON-HON-I-0418-C1-T	HON-HON-I-0418	HON-I-008	honorificity	HON-I	C1	3	0.3333	stranger-deference	literary		Ravi, please conduct again.	in_sentence	T	நடத்து.	naṭattu.	[6, 6]		நடத்துங்கள்.|நடத்துக.	நடத்து	SG	False	True	False	public	NATIVE-CHECK-HON-3|NATIVE-CHECK-HON-4|NATIVE-CHECK-HON-5
HON-HON-I-0418-C1-V	HON-HON-I-0418	HON-I-008	honorificity	HON-I	C1	3	0.3333	stranger-deference	literary		Teacher, please conduct again.	in_sentence	V	நடத்துங்கள்.	naṭattuṅkaḷ.	[5, 11]	ுங்கள்	நடத்து.|நடத்துக.	நடத்து	SG	False	True	False	public	NATIVE-CHECK-HON-3|NATIVE-CHECK-HON-4|NATIVE-CHECK-HON-5
HON-HON-I-0418-C1-VV	HON-HON-I-0418	HON-I-008	honorificity	HON-I	C1	3	0.3333	stranger-deference	literary		Respected Sir, please conduct again.	in_sentence	VV	நடத்துக.	naṭattuka.	[7, 7]		நடத்து.|நடத்துங்கள்.	நடத்து	SG	False	False	False	public	NATIVE-CHECK-CHECKER-1|NATIVE-CHECK-HON-3|NATIVE-CHECK-HON-4|NATIVE-CHECK-HON-5
HON-HON-I-0418-C2-T	HON-HON-I-0418	HON-I-008	honorificity	HON-I	C2	3	0.3333	stranger-deference	literary	My junior colleague came into the room.	Please conduct again.	prior_sentence	T	நடத்து.	naṭattu.	[6, 6]		நடத்துங்கள்.|நடத்துக.	நடத்து	SG	False	True	False	public	NATIVE-CHECK-HON-3|NATIVE-CHECK-HON-4|NATIVE-CHECK-HON-5
HON-HON-I-0418-C2-V	HON-HON-I-0418	HON-I-008	honorificity	HON-I	C2	3	0.3333	stranger-deference	literary	My senior colleague came into the room.	Please conduct again.	prior_sentence	V	நடத்துங்கள்.	naṭattuṅkaḷ.	[5, 11]	ுங்கள்	நடத்து.|நடத்துக.	நடத்து	SG	False	True	False	public	NATIVE-CHECK-HON-3|NATIVE-CHECK-HON-4|NATIVE-CHECK-HON-5
HON-HON-I-0418-C2-VV	HON-HON-I-0418	HON-I-008	honorificity	HON-I	C2	3	0.3333	stranger-deference	literary	The vice chancellor came into the room.	Please conduct again.	prior_sentence	VV	நடத்துக.	naṭattuka.	[7, 7]		நடத்து.|நடத்துங்கள்.	நடத்து	SG	False	False	False	public	NATIVE-CHECK-CHECKER-1|NATIVE-CHECK-HON-3|NATIVE-CHECK-HON-4|NATIVE-CHECK-HON-5
HON-HON-I-0418-C3-037	HON-HON-I-0418	HON-I-008	honorificity	HON-I	C3	3	0.3333	stranger-deference	literary	The fan turned above the empty room.	Please conduct again.	absent				[]		நடத்து.|நடத்துங்கள்.|நடத்துக.	நடத்து	SG	False	True	False	public	NATIVE-CHECK-HON-3|NATIVE-CHECK-HON-4|NATIVE-CHECK-HON-5
HON-HON-I-0418-C3-085	HON-HON-I-0418	HON-I-008	honorificity	HON-I	C3	3	0.3333	stranger-deference	literary	The fan turned above the empty room.	Please conduct again.	absent				[]		நடத்து.|நடத்துங்கள்.|நடத்துக.	நடத்து	SG	False	True	False	public	NATIVE-CHECK-HON-3|NATIVE-CHECK-HON-4|NATIVE-CHECK-HON-5
HON-HON-I-0419-C1-T	HON-HON-I-0419	HON-I-008	honorificity	HON-I	C1	3	0.3333	stranger-deference	literary		Selvan, please wash again.	in_sentence	T	கழுவு.	kaḻuvu.	[5, 5]		கழுவுங்கள்.|கழுவுக.	கழுவு	SG	False	True	False	public	NATIVE-CHECK-HON-3|NATIVE-CHECK-HON-4|NATIVE-CHECK-HON-5
HON-HON-I-0419-C1-V	HON-HON-I-0419	HON-I-008	honorificity	HON-I	C1	3	0.3333	stranger-deference	literary		Uncle, please wash again.	in_sentence	V	கழுவுங்கள்.	kaḻuvuṅkaḷ.	[4, 10]	ுங்கள்	கழுவு.|கழுவுக.	கழுவு	SG	False	True	False	public	NATIVE-CHECK-HON-3|NATIVE-CHECK-HON-4|NATIVE-CHECK-HON-5
HON-HON-I-0419-C1-VV	HON-HON-I-0419	HON-I-008	honorificity	HON-I	C1	3	0.3333	stranger-deference	literary		Honoured Elder, please wash again.	in_sentence	VV	கழுவுக.	kaḻuvuka.	[6, 6]		கழுவு.|கழுவுங்கள்.	கழுவு	SG	False	False	False	public	NATIVE-CHECK-CHECKER-1|NATIVE-CHECK-HON-3|NATIVE-CHECK-HON-4|NATIVE-CHECK-HON-5
HON-HON-I-0419-C2-T	HON-HON-I-0419	HON-I-008	honorificity	HON-I	C2	3	0.3333	stranger-deference	literary	The youngest nephew was standing by the door.	Please wash again.	prior_sentence	T	கழுவு.	kaḻuvu.	[5, 5]		கழுவுங்கள்.|கழுவுக.	கழுவு	SG	False	True	False	public	NATIVE-CHECK-HON-3|NATIVE-CHECK-HON-4|NATIVE-CHECK-HON-5
HON-HON-I-0419-C2-V	HON-HON-I-0419	HON-I-008	honorificity	HON-I	C2	3	0.3333	stranger-deference	literary	The eldest uncle was standing by the door.	Please wash again.	prior_sentence	V	கழுவுங்கள்.	kaḻuvuṅkaḷ.	[4, 10]	ுங்கள்	கழுவு.|கழுவுக.	கழுவு	SG	False	True	False	public	NATIVE-CHECK-HON-3|NATIVE-CHECK-HON-4|NATIVE-CHECK-HON-5
HON-HON-I-0419-C2-VV	HON-HON-I-0419	HON-I-008	honorificity	HON-I	C2	3	0.3333	stranger-deference	literary	The household head was standing by the door.	Please wash again.	prior_sentence	VV	கழுவுக.	kaḻuvuka.	[6, 6]		கழுவு.|கழுவுங்கள்.	கழுவு	SG	False	False	False	public	NATIVE-CHECK-CHECKER-1|NATIVE-CHECK-HON-3|NATIVE-CHECK-HON-4|NATIVE-CHECK-HON-5
HON-HON-I-0419-C3-038	HON-HON-I-0419	HON-I-008	honorificity	HON-I	C3	3	0.3333	stranger-deference	literary	Sandals had been left beside the front door.	Please wash again.	absent				[]		கழுவு.|கழுவுங்கள்.|கழுவுக.	கழுவு	SG	False	True	False	public	NATIVE-CHECK-HON-3|NATIVE-CHECK-HON-4|NATIVE-CHECK-HON-5
HON-HON-I-0419-C3-086	HON-HON-I-0419	HON-I-008	honorificity	HON-I	C3	3	0.3333	stranger-deference	literary	Sandals had been left beside the front door.	Please wash again.	absent				[]		கழுவு.|கழுவுங்கள்.|கழுவுக.	கழுவு	SG	False	True	False	public	NATIVE-CHECK-HON-3|NATIVE-CHECK-HON-4|NATIVE-CHECK-HON-5
HON-HON-I-0420-C1-T	HON-HON-I-0420	HON-I-008	honorificity	HON-I	C1	3	0.3333	stranger-deference	literary		Arun, please trust again.	in_sentence	T	நம்பு.	nampu.	[5, 5]		நம்புங்கள்.|நம்புக.	நம்பு	SG	False	True	False	public	NATIVE-CHECK-HON-3|NATIVE-CHECK-HON-4|NATIVE-CHECK-HON-5
HON-HON-I-0420-C1-V	HON-HON-I-0420	HON-I-008	honorificity	HON-I	C1	3	0.3333	stranger-deference	literary		Doctor, please trust again.	in_sentence	V	நம்புங்கள்.	nampuṅkaḷ.	[4, 10]	ுங்கள்	நம்பு.|நம்புக.	நம்பு	SG	False	True	False	public	NATIVE-CHECK-HON-3|NATIVE-CHECK-HON-4|NATIVE-CHECK-HON-5
HON-HON-I-0420-C1-VV	HON-HON-I-0420	HON-I-008	honorificity	HON-I	C1	3	0.3333	stranger-deference	literary		Revered Teacher, please trust again.	in_sentence	VV	நம்புக.	nampuka.	[6, 6]		நம்பு.|நம்புங்கள்.	நம்பு	SG	False	False	False	public	NATIVE-CHECK-CHECKER-1|NATIVE-CHECK-HON-3|NATIVE-CHECK-HON-4|NATIVE-CHECK-HON-5
HON-HON-I-0420-C2-T	HON-HON-I-0420	HON-I-008	honorificity	HON-I	C2	3	0.3333	stranger-deference	literary	A young apprentice knocked twice and waited.	Please trust again.	prior_sentence	T	நம்பு.	nampu.	[5, 5]		நம்புங்கள்.|நம்புக.	நம்பு	SG	False	True	False	public	NATIVE-CHECK-HON-3|NATIVE-CHECK-HON-4|NATIVE-CHECK-HON-5
HON-HON-I-0420-C2-V	HON-HON-I-0420	HON-I-008	honorificity	HON-I	C2	3	0.3333	stranger-deference	literary	An elderly customer knocked twice and waited.	Please trust again.	prior_sentence	V	நம்புங்கள்.	nampuṅkaḷ.	[4, 10]	ுங்கள்	நம்பு.|நம்புக.	நம்பு	SG	False	True	False	public	NATIVE-CHECK-HON-3|NATIVE-CHECK-HON-4|NATIVE-CHECK-HON-5
HON-HON-I-0420-C2-VV	HON-HON-I-0420	HON-I-008	honorificity	HON-I	C2	3	0.3333	stranger-deference	literary	The chief magistrate knocked twice and waited.	Please trust again.	prior_sentence	VV	நம்புக.	nampuka.	[6, 6]		நம்பு.|நம்புங்கள்.	நம்பு	SG	False	False	False	public	NATIVE-CHECK-CHECKER-1|NATIVE-CHECK-HON-3|NATIVE-CHECK-HON-4|NATIVE-CHECK-HON-5
HON-HON-I-0420-C3-039	HON-HON-I-0420	HON-I-008	honorificity	HON-I	C3	3	0.3333	stranger-deference	literary	A shutter banged twice somewhere along the corridor.	Please trust again.	absent				[]		நம்பு.|நம்புங்கள்.|நம்புக.	நம்பு	SG	False	True	False	public	NATIVE-CHECK-HON-3|NATIVE-CHECK-HON-4|NATIVE-CHECK-HON-5
HON-HON-I-0420-C3-087	HON-HON-I-0420	HON-I-008	honorificity	HON-I	C3	3	0.3333	stranger-deference	literary	A shutter banged twice somewhere along the corridor.	Please trust again.	absent				[]		நம்பு.|நம்புங்கள்.|நம்புக.	நம்பு	SG	False	True	False	public	NATIVE-CHECK-HON-3|NATIVE-CHECK-HON-4|NATIVE-CHECK-HON-5
HON-HON-I-0425-C1-T	HON-HON-I-0425	HON-I-010	honorificity	HON-I	C1	3	0.3333	age-based	literary		Selvan, please sing after the meal.	in_sentence	T	பாடு.	pāṭu.	[4, 4]		பாடுங்கள்.|பாடுக.	பாடு	SG	False	True	False	public	NATIVE-CHECK-HON-3|NATIVE-CHECK-HON-4|NATIVE-CHECK-HON-5
HON-HON-I-0425-C1-V	HON-HON-I-0425	HON-I-010	honorificity	HON-I	C1	3	0.3333	age-based	literary		Uncle, please sing after the meal.	in_sentence	V	பாடுங்கள்.	pāṭuṅkaḷ.	[3, 9]	ுங்கள்	பாடு.|பாடுக.	பாடு	SG	False	True	False	public	NATIVE-CHECK-HON-3|NATIVE-CHECK-HON-4|NATIVE-CHECK-HON-5
HON-HON-I-0425-C1-VV	HON-HON-I-0425	HON-I-010	honorificity	HON-I	C1	3	0.3333	age-based	literary		Honoured Elder, please sing after the meal.	in_sentence	VV	பாடுக.	pāṭuka.	[5, 5]		பாடு.|பாடுங்கள்.	பாடு	SG	False	False	False	public	NATIVE-CHECK-CHECKER-1|NATIVE-CHECK-HON-3|NATIVE-CHECK-HON-4|NATIVE-CHECK-HON-5
HON-HON-I-0425-C2-T	HON-HON-I-0425	HON-I-010	honorificity	HON-I	C2	3	0.3333	age-based	literary	The child sat down opposite the counter.	Please sing after the meal.	prior_sentence	T	பாடு.	pāṭu.	[4, 4]		பாடுங்கள்.|பாடுக.	பாடு	SG	False	True	False	public	NATIVE-CHECK-HON-3|NATIVE-CHECK-HON-4|NATIVE-CHECK-HON-5
HON-HON-I-0425-C2-V	HON-HON-I-0425	HON-I-010	honorificity	HON-I	C2	3	0.3333	age-based	literary	The old man sat down opposite the counter.	Please sing after the meal.	prior_sentence	V	பாடுங்கள்.	pāṭuṅkaḷ.	[3, 9]	ுங்கள்	பாடு.|பாடுக.	பாடு	SG	False	True	False	public	NATIVE-CHECK-HON-3|NATIVE-CHECK-HON-4|NATIVE-CHECK-HON-5
HON-HON-I-0425-C2-VV	HON-HON-I-0425	HON-I-010	honorificity	HON-I	C2	3	0.3333	age-based	literary	The abbot sat down opposite the counter.	Please sing after the meal.	prior_sentence	VV	பாடுக.	pāṭuka.	[5, 5]		பாடு.|பாடுங்கள்.	பாடு	SG	False	False	False	public	NATIVE-CHECK-CHECKER-1|NATIVE-CHECK-HON-3|NATIVE-CHECK-HON-4|NATIVE-CHECK-HON-5
HON-HON-I-0425-C3-044	HON-HON-I-0425	HON-I-010	honorificity	HON-I	C3	3	0.3333	age-based	literary	The lamp burned steadily beside the wooden counter.	Please sing after the meal.	absent				[]		பாடு.|பாடுங்கள்.|பாடுக.	பாடு	SG	False	True	False	public	NATIVE-CHECK-HON-3|NATIVE-CHECK-HON-4|NATIVE-CHECK-HON-5
HON-HON-I-0425-C3-092	HON-HON-I-0425	HON-I-010	honorificity	HON-I	C3	3	0.3333	age-based	literary	The lamp burned steadily beside the wooden counter.	Please sing after the meal.	absent				[]		பாடு.|பாடுங்கள்.|பாடுக.	பாடு	SG	False	True	False	public	NATIVE-CHECK-HON-3|NATIVE-CHECK-HON-4|NATIVE-CHECK-HON-5
HON-HON-I-0426-C1-T	HON-HON-I-0426	HON-I-010	honorificity	HON-I	C1	3	0.3333	age-based	literary		Arun, please buy after the meal.	in_sentence	T	வாங்கு.	vāṅku.	[6, 6]		வாங்குங்கள்.|வாங்குக.	வாங்கு	SG	False	True	False	public	NATIVE-CHECK-HON-3|NATIVE-CHECK-HON-4|NATIVE-CHECK-HON-5
HON-HON-I-0426-C1-V	HON-HON-I-0426	HON-I-010	honorificity	HON-I	C1	3	0.3333	age-based	literary		Doctor, please buy after the meal.	in_sentence	V	வாங்குங்கள்.	vāṅkuṅkaḷ.	[5, 11]	ுங்கள்	வாங்கு.|வாங்குக.	வாங்கு	SG	False	True	False	public	NATIVE-CHECK-HON-3|NATIVE-CHECK-HON-4|NATIVE-CHECK-HON-5
HON-HON-I-0426-C1-VV	HON-HON-I-0426	HON-I-010	honorificity	HON-I	C1	3	0.3333	age-based	literary		Revered Teacher, please buy after the meal.	in_sentence	VV	வாங்குக.	vāṅkuka.	[7, 7]		வாங்கு.|வாங்குங்கள்.	வாங்கு	SG	False	False	False	public	NATIVE-CHECK-CHECKER-1|NATIVE-CHECK-HON-3|NATIVE-CHECK-HON-4|NATIVE-CHECK-HON-5
HON-HON-I-0426-C2-T	HON-HON-I-0426	HON-I-010	honorificity	HON-I	C2	3	0.3333	age-based	literary	My junior colleague came into the room.	Please buy after the meal.	prior_sentence	T	வாங்கு.	vāṅku.	[6, 6]		வாங்குங்கள்.|வாங்குக.	வாங்கு	SG	False	True	False	public	NATIVE-CHECK-HON-3|NATIVE-CHECK-HON-4|NATIVE-CHECK-HON-5
HON-HON-I-0426-C2-V	HON-HON-I-0426	HON-I-010	honorificity	HON-I	C2	3	0.3333	age-based	literary	My senior colleague came into the room.	Please buy after the meal.	prior_sentence	V	வாங்குங்கள்.	vāṅkuṅkaḷ.	[5, 11]	ுங்கள்	வாங்கு.|வாங்குக.	வாங்கு	SG	False	True	False	public	NATIVE-CHECK-HON-3|NATIVE-CHECK-HON-4|NATIVE-CHECK-HON-5
HON-HON-I-0426-C2-VV	HON-HON-I-0426	HON-I-010	honorificity	HON-I	C2	3	0.3333	age-based	literary	The vice chancellor came into the room.	Please buy after the meal.	prior_sentence	VV	வாங்குக.	vāṅkuka.	[7, 7]		வாங்கு.|வாங்குங்கள்.	வாங்கு	SG	False	False	False	public	NATIVE-CHECK-CHECKER-1|NATIVE-CHECK-HON-3|NATIVE-CHECK-HON-4|NATIVE-CHECK-HON-5
HON-HON-I-0426-C3-045	HON-HON-I-0426	HON-I-010	honorificity	HON-I	C3	3	0.3333	age-based	literary	The fan turned above the empty room.	Please buy after the meal.	absent				[]		வாங்கு.|வாங்குங்கள்.|வாங்குக.	வாங்கு	SG	False	True	False	public	NATIVE-CHECK-HON-3|NATIVE-CHECK-HON-4|NATIVE-CHECK-HON-5
HON-HON-I-0426-C3-093	HON-HON-I-0426	HON-I-010	honorificity	HON-I	C3	3	0.3333	age-based	literary	The fan turned above the empty room.	Please buy after the meal.	absent				[]		வாங்கு.|வாங்குங்கள்.|வாங்குக.	வாங்கு	SG	False	True	False	public	NATIVE-CHECK-HON-3|NATIVE-CHECK-HON-4|NATIVE-CHECK-HON-5
HON-HON-I-0427-C1-T	HON-HON-I-0427	HON-I-010	honorificity	HON-I	C1	3	0.3333	age-based	literary		Vasu, please play after the meal.	in_sentence	T	விளையாடு.	viḷaiyāṭu.	[8, 8]		விளையாடுங்கள்.|விளையாடுக.	விளையாடு	SG	False	True	False	public	NATIVE-CHECK-HON-3|NATIVE-CHECK-HON-4|NATIVE-CHECK-HON-5
HON-HON-I-0427-C1-V	HON-HON-I-0427	HON-I-010	honorificity	HON-I	C1	3	0.3333	age-based	literary		Aunt, please play after the meal.	in_sentence	V	விளையாடுங்கள்.	viḷaiyāṭuṅkaḷ.	[7, 13]	ுங்கள்	விளையாடு.|விளையாடுக.	விளையாடு	SG	False	True	False	public	NATIVE-CHECK-HON-3|NATIVE-CHECK-HON-4|NATIVE-CHECK-HON-5
HON-HON-I-0427-C1-VV	HON-HON-I-0427	HON-I-010	honorificity	HON-I	C1	3	0.3333	age-based	literary		Esteemed Guest, please play after the meal.	in_sentence	VV	விளையாடுக.	viḷaiyāṭuka.	[9, 9]		விளையாடு.|விளையாடுங்கள்.	விளையாடு	SG	False	False	False	public	NATIVE-CHECK-CHECKER-1|NATIVE-CHECK-HON-3|NATIVE-CHECK-HON-4|NATIVE-CHECK-HON-5
HON-HON-I-0427-C2-T	HON-HON-I-0427	HON-I-010	honorificity	HON-I	C2	3	0.3333	age-based	literary	The youngest nephew was standing by the door.	Please play after the meal.	prior_sentence	T	விளையாடு.	viḷaiyāṭu.	[8, 8]		விளையாடுங்கள்.|விளையாடுக.	விளையாடு	SG	False	True	False	public	NATIVE-CHECK-HON-3|NATIVE-CHECK-HON-4|NATIVE-CHECK-HON-5
HON-HON-I-0427-C2-V	HON-HON-I-0427	HON-I-010	honorificity	HON-I	C2	3	0.3333	age-based	literary	The eldest uncle was standing by the door.	Please play after the meal.	prior_sentence	V	விளையாடுங்கள்.	viḷaiyāṭuṅkaḷ.	[7, 13]	ுங்கள்	விளையாடு.|விளையாடுக.	விளையாடு	SG	False	True	False	public	NATIVE-CHECK-HON-3|NATIVE-CHECK-HON-4|NATIVE-CHECK-HON-5
HON-HON-I-0427-C2-VV	HON-HON-I-0427	HON-I-010	honorificity	HON-I	C2	3	0.3333	age-based	literary	The household head was standing by the door.	Please play after the meal.	prior_sentence	VV	விளையாடுக.	viḷaiyāṭuka.	[9, 9]		விளையாடு.|விளையாடுங்கள்.	விளையாடு	SG	False	False	False	public	NATIVE-CHECK-CHECKER-1|NATIVE-CHECK-HON-3|NATIVE-CHECK-HON-4|NATIVE-CHECK-HON-5
HON-HON-I-0427-C3-046	HON-HON-I-0427	HON-I-010	honorificity	HON-I	C3	3	0.3333	age-based	literary	Sandals had been left beside the front door.	Please play after the meal.	absent				[]		விளையாடு.|விளையாடுங்கள்.|விளையாடுக.	விளையாடு	SG	False	True	False	public	NATIVE-CHECK-HON-3|NATIVE-CHECK-HON-4|NATIVE-CHECK-HON-5
HON-HON-I-0427-C3-094	HON-HON-I-0427	HON-I-010	honorificity	HON-I	C3	3	0.3333	age-based	literary	Sandals had been left beside the front door.	Please play after the meal.	absent				[]		விளையாடு.|விளையாடுங்கள்.|விளையாடுக.	விளையாடு	SG	False	True	False	public	NATIVE-CHECK-HON-3|NATIVE-CHECK-HON-4|NATIVE-CHECK-HON-5
HON-HON-I-0428-C1-T	HON-HON-I-0428	HON-I-010	honorificity	HON-I	C1	3	0.3333	age-based	literary		Mani, please cry after the meal.	in_sentence	T	அழு.	aḻu.	[3, 3]		அழுங்கள்.|அழுக.	அழு	SG	False	True	False	public	NATIVE-CHECK-HON-3|NATIVE-CHECK-HON-4|NATIVE-CHECK-HON-5
HON-HON-I-0428-C1-V	HON-HON-I-0428	HON-I-010	honorificity	HON-I	C1	3	0.3333	age-based	literary		Father, please cry after the meal.	in_sentence	V	அழுங்கள்.	aḻuṅkaḷ.	[2, 8]	ுங்கள்	அழு.|அழுக.	அழு	SG	False	True	False	public	NATIVE-CHECK-HON-3|NATIVE-CHECK-HON-4|NATIVE-CHECK-HON-5
HON-HON-I-0428-C1-VV	HON-HON-I-0428	HON-I-010	honorificity	HON-I	C1	3	0.3333	age-based	literary		Learned Judge, please cry after the meal.	in_sentence	VV	அழுக.	aḻuka.	[4, 4]		அழு.|அழுங்கள்.	அழு	SG	False	False	False	public	NATIVE-CHECK-CHECKER-1|NATIVE-CHECK-HON-3|NATIVE-CHECK-HON-4|NATIVE-CHECK-HON-5
HON-HON-I-0428-C2-T	HON-HON-I-0428	HON-I-010	honorificity	HON-I	C2	3	0.3333	age-based	literary	A young apprentice knocked twice and waited.	Please cry after the meal.	prior_sentence	T	அழு.	aḻu.	[3, 3]		அழுங்கள்.|அழுக.	அழு	SG	False	True	False	public	NATIVE-CHECK-HON-3|NATIVE-CHECK-HON-4|NATIVE-CHECK-HON-5
HON-HON-I-0428-C2-V	HON-HON-I-0428	HON-I-010	honorificity	HON-I	C2	3	0.3333	age-based	literary	An elderly customer knocked twice and waited.	Please cry after the meal.	prior_sentence	V	அழுங்கள்.	aḻuṅkaḷ.	[2, 8]	ுங்கள்	அழு.|அழுக.	அழு	SG	False	True	False	public	NATIVE-CHECK-HON-3|NATIVE-CHECK-HON-4|NATIVE-CHECK-HON-5
HON-HON-I-0428-C2-VV	HON-HON-I-0428	HON-I-010	honorificity	HON-I	C2	3	0.3333	age-based	literary	The chief magistrate knocked twice and waited.	Please cry after the meal.	prior_sentence	VV	அழுக.	aḻuka.	[4, 4]		அழு.|அழுங்கள்.	அழு	SG	False	False	False	public	NATIVE-CHECK-CHECKER-1|NATIVE-CHECK-HON-3|NATIVE-CHECK-HON-4|NATIVE-CHECK-HON-5
HON-HON-I-0428-C3-047	HON-HON-I-0428	HON-I-010	honorificity	HON-I	C3	3	0.3333	age-based	literary	A shutter banged twice somewhere along the corridor.	Please cry after the meal.	absent				[]		அழு.|அழுங்கள்.|அழுக.	அழு	SG	False	True	False	public	NATIVE-CHECK-HON-3|NATIVE-CHECK-HON-4|NATIVE-CHECK-HON-5
HON-HON-I-0428-C3-095	HON-HON-I-0428	HON-I-010	honorificity	HON-I	C3	3	0.3333	age-based	literary	A shutter banged twice somewhere along the corridor.	Please cry after the meal.	absent				[]		அழு.|அழுங்கள்.|அழுக.	அழு	SG	False	True	False	public	NATIVE-CHECK-HON-3|NATIVE-CHECK-HON-4|NATIVE-CHECK-HON-5
HON-HON-P-0429-C1-T	HON-HON-P-0429	HON-P-001	honorificity	HON-P	C1	3	0.3333	rank-based	literary		Kumar, your chair arrived this morning.	in_sentence	T	உனது நாற்காலி இறங்கினது.	uṉatu nāṟkāli iṟaṅkiṉatu.	[0, 4]	உனது	உங்களது நாற்காலி இறங்கினது.|தங்களது நாற்காலி இறங்கினது.	இறங்கு	SG	False	True	False	public	NATIVE-CHECK-HON-1|NATIVE-CHECK-HON-5
HON-HON-P-0429-C1-V	HON-HON-P-0429	HON-P-001	honorificity	HON-P	C1	3	0.3333	rank-based	literary		Grandfather, your chair arrived this morning.	in_sentence	V	உங்களது நாற்காலி இறங்கினது.	uṅkaḷatu nāṟkāli iṟaṅkiṉatu.	[0, 7]	உங்களது	உனது நாற்காலி இறங்கினது.|தங்களது நாற்காலி இறங்கினது.	இறங்கு	SG	False	True	False	public	NATIVE-CHECK-HON-1|NATIVE-CHECK-HON-5
HON-HON-P-0429-C1-VV	HON-HON-P-0429	HON-P-001	honorificity	HON-P	C1	3	0.3333	rank-based	literary		Your Honour, your chair arrived this morning.	in_sentence	VV	தங்களது நாற்காலி இறங்கினது.	taṅkaḷatu nāṟkāli iṟaṅkiṉatu.	[0, 7]	தங்களது	உனது நாற்காலி இறங்கினது.|உங்களது நாற்காலி இறங்கினது.	இறங்கு	SG	False	False	False	public	NATIVE-CHECK-CHECKER-1|NATIVE-CHECK-HON-1|NATIVE-CHECK-HON-5
HON-HON-P-0429-C2-T	HON-HON-P-0429	HON-P-001	honorificity	HON-P	C2	3	0.3333	rank-based	literary	Ravi greeted his younger brother in the hall.	Your chair arrived this morning.	prior_sentence	T	உனது நாற்காலி இறங்கினது.	uṉatu nāṟkāli iṟaṅkiṉatu.	[0, 4]	உனது	உங்களது நாற்காலி இறங்கினது.|தங்களது நாற்காலி இறங்கினது.	இறங்கு	SG	False	True	False	public	NATIVE-CHECK-HON-1|NATIVE-CHECK-HON-5
HON-HON-P-0429-C2-V	HON-HON-P-0429	HON-P-001	honorificity	HON-P	C2	3	0.3333	rank-based	literary	Ravi greeted his grandfather in the hall.	Your chair arrived this morning.	prior_sentence	V	உங்களது நாற்காலி இறங்கினது.	uṅkaḷatu nāṟkāli iṟaṅkiṉatu.	[0, 7]	உங்களது	உனது நாற்காலி இறங்கினது.|தங்களது நாற்காலி இறங்கினது.	இறங்கு	SG	False	True	False	public	NATIVE-CHECK-HON-1|NATIVE-CHECK-HON-5
HON-HON-P-0429-C2-VV	HON-HON-P-0429	HON-P-001	honorificity	HON-P	C2	3	0.3333	rank-based	literary	Ravi greeted the temple priest in the hall.	Your chair arrived this morning.	prior_sentence	VV	தங்களது நாற்காலி இறங்கினது.	taṅkaḷatu nāṟkāli iṟaṅkiṉatu.	[0, 7]	தங்களது	உனது நாற்காலி இறங்கினது.|உங்களது நாற்காலி இறங்கினது.	இறங்கு	SG	False	False	False	public	NATIVE-CHECK-CHECKER-1|NATIVE-CHECK-HON-1|NATIVE-CHECK-HON-5
HON-HON-P-0429-C3-000	HON-HON-P-0429	HON-P-001	honorificity	HON-P	C3	3	0.3333	rank-based	literary	The morning light fell across the empty hall.	Your chair arrived this morning.	absent				[]		உனது நாற்காலி இறங்கினது.|உங்களது நாற்காலி இறங்கினது.|தங்களது நாற்காலி இறங்கினது.	இறங்கு	SG	False	True	False	public	NATIVE-CHECK-HON-1|NATIVE-CHECK-HON-5
HON-HON-P-0429-C3-028	HON-HON-P-0429	HON-P-001	honorificity	HON-P	C3	3	0.3333	rank-based	literary	The morning light fell across the empty hall.	Your chair arrived this morning.	absent				[]		உனது நாற்காலி இறங்கினது.|உங்களது நாற்காலி இறங்கினது.|தங்களது நாற்காலி இறங்கினது.	இறங்கு	SG	False	True	False	public	NATIVE-CHECK-HON-1|NATIVE-CHECK-HON-5
HON-HON-P-0430-C1-T	HON-HON-P-0430	HON-P-001	honorificity	HON-P	C1	3	0.3333	rank-based	literary		Ravi, your chair arrived this morning.	in_sentence	T	உனது நாற்காலி சென்றது.	uṉatu nāṟkāli ceṉṟatu.	[0, 4]	உனது	உங்களது நாற்காலி சென்றது.|தங்களது நாற்காலி சென்றது.	செல்	SG	False	True	False	public	NATIVE-CHECK-HON-1|NATIVE-CHECK-HON-5
HON-HON-P-0430-C1-V	HON-HON-P-0430	HON-P-001	honorificity	HON-P	C1	3	0.3333	rank-based	literary		Teacher, your chair arrived this morning.	in_sentence	V	உங்களது நாற்காலி சென்றது.	uṅkaḷatu nāṟkāli ceṉṟatu.	[0, 7]	உங்களது	உனது நாற்காலி சென்றது.|தங்களது நாற்காலி சென்றது.	செல்	SG	False	True	False	public	NATIVE-CHECK-HON-1|NATIVE-CHECK-HON-5
HON-HON-P-0430-C1-VV	HON-HON-P-0430	HON-P-001	honorificity	HON-P	C1	3	0.3333	rank-based	literary		Respected Sir, your chair arrived this morning.	in_sentence	VV	தங்களது நாற்காலி சென்றது.	taṅkaḷatu nāṟkāli ceṉṟatu.	[0, 7]	தங்களது	உனது நாற்காலி சென்றது.|உங்களது நாற்காலி சென்றது.	செல்	SG	False	False	False	public	NATIVE-CHECK-CHECKER-1|NATIVE-CHECK-HON-1|NATIVE-CHECK-HON-5
HON-HON-P-0430-C2-T	HON-HON-P-0430	HON-P-001	honorificity	HON-P	C2	3	0.3333	rank-based	literary	The clerk had been waiting for the new trainee.	Your chair arrived this morning.	prior_sentence	T	உனது நாற்காலி சென்றது.	uṉatu nāṟkāli ceṉṟatu.	[0, 4]	உனது	உங்களது நாற்காலி சென்றது.|தங்களது நாற்காலி சென்றது.	செல்	SG	False	True	False	public	NATIVE-CHECK-HON-1|NATIVE-CHECK-HON-5
HON-HON-P-0430-C2-V	HON-HON-P-0430	HON-P-001	honorificity	HON-P	C2	3	0.3333	rank-based	literary	The clerk had been waiting for the head teacher.	Your chair arrived this morning.	prior_sentence	V	உங்களது நாற்காலி சென்றது.	uṅkaḷatu nāṟkāli ceṉṟatu.	[0, 7]	உங்களது	உனது நாற்காலி சென்றது.|தங்களது நாற்காலி சென்றது.	செல்	SG	False	True	False	public	NATIVE-CHECK-HON-1|NATIVE-CHECK-HON-5
HON-HON-P-0430-C2-VV	HON-HON-P-0430	HON-P-001	honorificity	HON-P	C2	3	0.3333	rank-based	literary	The clerk had been waiting for the district judge.	Your chair arrived this morning.	prior_sentence	VV	தங்களது நாற்காலி சென்றது.	taṅkaḷatu nāṟkāli ceṉṟatu.	[0, 7]	தங்களது	உனது நாற்காலி சென்றது.|உங்களது நாற்காலி சென்றது.	செல்	SG	False	False	False	public	NATIVE-CHECK-CHECKER-1|NATIVE-CHECK-HON-1|NATIVE-CHECK-HON-5
HON-HON-P-0430-C3-001	HON-HON-P-0430	HON-P-001	honorificity	HON-P	C3	3	0.3333	rank-based	literary	The office had been quiet since the early morning.	Your chair arrived this morning.	absent				[]		உனது நாற்காலி சென்றது.|உங்களது நாற்காலி சென்றது.|தங்களது நாற்காலி சென்றது.	செல்	SG	False	True	False	public	NATIVE-CHECK-HON-1|NATIVE-CHECK-HON-5
HON-HON-P-0430-C3-029	HON-HON-P-0430	HON-P-001	honorificity	HON-P	C3	3	0.3333	rank-based	literary	The office had been quiet since the early morning.	Your chair arrived this morning.	absent				[]		உனது நாற்காலி சென்றது.|உங்களது நாற்காலி சென்றது.|தங்களது நாற்காலி சென்றது.	செல்	SG	False	True	False	public	NATIVE-CHECK-HON-1|NATIVE-CHECK-HON-5
HON-HON-P-0431-C1-T	HON-HON-P-0431	HON-P-001	honorificity	HON-P	C1	3	0.3333	rank-based	literary		Selvan, your chair arrived this morning.	in_sentence	T	உனது நாற்காலி நகர்ந்தது.	uṉatu nāṟkāli nakarntatu.	[0, 4]	உனது	உங்களது நாற்காலி நகர்ந்தது.|தங்களது நாற்காலி நகர்ந்தது.	நகர்	SG	False	True	False	public	NATIVE-CHECK-HON-1|NATIVE-CHECK-HON-5
HON-HON-P-0431-C1-V	HON-HON-P-0431	HON-P-001	honorificity	HON-P	C1	3	0.3333	rank-based	literary		Uncle, your chair arrived this morning.	in_sentence	V	உங்களது நாற்காலி நகர்ந்தது.	uṅkaḷatu nāṟkāli nakarntatu.	[0, 7]	உங்களது	உனது நாற்காலி நகர்ந்தது.|தங்களது நாற்காலி நகர்ந்தது.	நகர்	SG	False	True	False	public	NATIVE-CHECK-HON-1|NATIVE-CHECK-HON-5
HON-HON-P-0431-C1-VV	HON-HON-P-0431	HON-P-001	honorificity	HON-P	C1	3	0.3333	rank-based	literary		Honoured Elder, your chair arrived this morning.	in_sentence	VV	தங்களது நாற்காலி நகர்ந்தது.	taṅkaḷatu nāṟkāli nakarntatu.	[0, 7]	தங்களது	உனது நாற்காலி நகர்ந்தது.|உங்களது நாற்காலி நகர்ந்தது.	நகர்	SG	False	False	False	public	NATIVE-CHECK-CHECKER-1|NATIVE-CHECK-HON-1|NATIVE-CHECK-HON-5
HON-HON-P-0431-C2-T	HON-HON-P-0431	HON-P-001	honorificity	HON-P	C2	3	0.3333	rank-based	literary	Her little cousin arrived just before the meal.	Your chair arrived this morning.	prior_sentence	T	உனது நாற்காலி நகர்ந்தது.	uṉatu nāṟkāli nakarntatu.	[0, 4]	உனது	உங்களது நாற்காலி நகர்ந்தது.|தங்களது நாற்காலி நகர்ந்தது.	நகர்	SG	False	True	False	public	NATIVE-CHECK-HON-1|NATIVE-CHECK-HON-5
HON-HON-P-0431-C2-V	HON-HON-P-0431	HON-P-001	honorificity	HON-P	C2	3	0.3333	rank-based	literary	Her elderly father arrived just before the meal.	Your chair arrived this morning.	prior_sentence	V	உங்களது நாற்காலி நகர்ந்தது.	uṅkaḷatu nāṟkāli nakarntatu.	[0, 7]	உங்களது	உனது நாற்காலி நகர்ந்தது.|தங்களது நாற்காலி நகர்ந்தது.	நகர்	SG	False	True	False	public	NATIVE-CHECK-HON-1|NATIVE-CHECK-HON-5
HON-HON-P-0431-C2-VV	HON-HON-P-0431	HON-P-001	honorificity	HON-P	C2	3	0.3333	rank-based	literary	Her family's guru arrived just before the meal.	Your chair arrived this morning.	prior_sentence	VV	தங்களது நாற்காலி நகர்ந்தது.	taṅkaḷatu nāṟkāli nakarntatu.	[0, 7]	தங்களது	உனது நாற்காலி நகர்ந்தது.|உங்களது நாற்காலி நகர்ந்தது.	நகர்	SG	False	False	False	public	NATIVE-CHECK-CHECKER-1|NATIVE-CHECK-HON-1|NATIVE-CHECK-HON-5
HON-HON-P-0431-C3-002	HON-HON-P-0431	HON-P-001	honorificity	HON-P	C3	3	0.3333	rank-based	literary	A slow rain started just before the evening meal.	Your chair arrived this morning.	absent				[]		உனது நாற்காலி நகர்ந்தது.|உங்களது நாற்காலி நகர்ந்தது.|தங்களது நாற்காலி நகர்ந்தது.	நகர்	SG	False	True	False	public	NATIVE-CHECK-HON-1|NATIVE-CHECK-HON-5
HON-HON-P-0431-C3-030	HON-HON-P-0431	HON-P-001	honorificity	HON-P	C3	3	0.3333	rank-based	literary	A slow rain started just before the evening meal.	Your chair arrived this morning.	absent				[]		உனது நாற்காலி நகர்ந்தது.|உங்களது நாற்காலி நகர்ந்தது.|தங்களது நாற்காலி நகர்ந்தது.	நகர்	SG	False	True	False	public	NATIVE-CHECK-HON-1|NATIVE-CHECK-HON-5
HON-HON-P-0432-C1-T	HON-HON-P-0432	HON-P-001	honorificity	HON-P	C1	3	0.3333	rank-based	literary		Arun, your chair arrived this morning.	in_sentence	T	உனது நாற்காலி குதித்தது.	uṉatu nāṟkāli kutittatu.	[0, 4]	உனது	உங்களது நாற்காலி குதித்தது.|தங்களது நாற்காலி குதித்தது.	குதி	SG	False	True	False	public	NATIVE-CHECK-HON-1|NATIVE-CHECK-HON-5
HON-HON-P-0432-C1-V	HON-HON-P-0432	HON-P-001	honorificity	HON-P	C1	3	0.3333	rank-based	literary		Doctor, your chair arrived this morning.	in_sentence	V	உங்களது நாற்காலி குதித்தது.	uṅkaḷatu nāṟkāli kutittatu.	[0, 7]	உங்களது	உனது நாற்காலி குதித்தது.|தங்களது நாற்காலி குதித்தது.	குதி	SG	False	True	False	public	NATIVE-CHECK-HON-1|NATIVE-CHECK-HON-5
HON-HON-P-0432-C1-VV	HON-HON-P-0432	HON-P-001	honorificity	HON-P	C1	3	0.3333	rank-based	literary		Revered Teacher, your chair arrived this morning.	in_sentence	VV	தங்களது நாற்காலி குதித்தது.	taṅkaḷatu nāṟkāli kutittatu.	[0, 7]	தங்களது	உனது நாற்காலி குதித்தது.|உங்களது நாற்காலி குதித்தது.	குதி	SG	False	False	False	public	NATIVE-CHECK-CHECKER-1|NATIVE-CHECK-HON-1|NATIVE-CHECK-HON-5
HON-HON-P-0432-C2-T	HON-HON-P-0432	HON-P-001	honorificity	HON-P	C2	3	0.3333	rank-based	literary	A boy from the next street stopped at the gate.	Your chair arrived this morning.	prior_sentence	T	உனது நாற்காலி குதித்தது.	uṉatu nāṟkāli kutittatu.	[0, 4]	உனது	உங்களது நாற்காலி குதித்தது.|தங்களது நாற்காலி குதித்தது.	குதி	SG	False	True	False	public	NATIVE-CHECK-HON-1|NATIVE-CHECK-HON-5
HON-HON-P-0432-C2-V	HON-HON-P-0432	HON-P-001	honorificity	HON-P	C2	3	0.3333	rank-based	literary	An older neighbour from the street stopped at the gate.	Your chair arrived this morning.	prior_sentence	V	உங்களது நாற்காலி குதித்தது.	uṅkaḷatu nāṟkāli kutittatu.	[0, 7]	உங்களது	உனது நாற்காலி குதித்தது.|தங்களது நாற்காலி குதித்தது.	குதி	SG	False	True	False	public	NATIVE-CHECK-HON-1|NATIVE-CHECK-HON-5
HON-HON-P-0432-C2-VV	HON-HON-P-0432	HON-P-001	honorificity	HON-P	C2	3	0.3333	rank-based	literary	The visiting minister from the capital stopped at the gate.	Your chair arrived this morning.	prior_sentence	VV	தங்களது நாற்காலி குதித்தது.	taṅkaḷatu nāṟkāli kutittatu.	[0, 7]	தங்களது	உனது நாற்காலி குதித்தது.|உங்களது நாற்காலி குதித்தது.	குதி	SG	False	False	False	public	NATIVE-CHECK-CHECKER-1|NATIVE-CHECK-HON-1|NATIVE-CHECK-HON-5
HON-HON-P-0432-C3-003	HON-HON-P-0432	HON-P-001	honorificity	HON-P	C3	3	0.3333	rank-based	literary	A cold wind reached as far as the gate.	Your chair arrived this morning.	absent				[]		உனது நாற்காலி குதித்தது.|உங்களது நாற்காலி குதித்தது.|தங்களது நாற்காலி குதித்தது.	குதி	SG	False	True	False	public	NATIVE-CHECK-HON-1|NATIVE-CHECK-HON-5
HON-HON-P-0432-C3-031	HON-HON-P-0432	HON-P-001	honorificity	HON-P	C3	3	0.3333	rank-based	literary	A cold wind reached as far as the gate.	Your chair arrived this morning.	absent				[]		உனது நாற்காலி குதித்தது.|உங்களது நாற்காலி குதித்தது.|தங்களது நாற்காலி குதித்தது.	குதி	SG	False	True	False	public	NATIVE-CHECK-HON-1|NATIVE-CHECK-HON-5
HON-HON-P-0433-C1-T	HON-HON-P-0433	HON-P-001	honorificity	HON-P	C1	3	0.3333	rank-based	literary		Vasu, your chair arrived this morning.	in_sentence	T	உனது நாற்காலி நகைத்தது.	uṉatu nāṟkāli nakaittatu.	[0, 4]	உனது	உங்களது நாற்காலி நகைத்தது.|தங்களது நாற்காலி நகைத்தது.	நகை	SG	False	True	False	public	NATIVE-CHECK-HON-1|NATIVE-CHECK-HON-5
HON-HON-P-0433-C1-V	HON-HON-P-0433	HON-P-001	honorificity	HON-P	C1	3	0.3333	rank-based	literary		Aunt, your chair arrived this morning.	in_sentence	V	உங்களது நாற்காலி நகைத்தது.	uṅkaḷatu nāṟkāli nakaittatu.	[0, 7]	உங்களது	உனது நாற்காலி நகைத்தது.|தங்களது நாற்காலி நகைத்தது.	நகை	SG	False	True	False	public	NATIVE-CHECK-HON-1|NATIVE-CHECK-HON-5
HON-HON-P-0433-C1-VV	HON-HON-P-0433	HON-P-001	honorificity	HON-P	C1	3	0.3333	rank-based	literary		Esteemed Guest, your chair arrived this morning.	in_sentence	VV	தங்களது நாற்காலி நகைத்தது.	taṅkaḷatu nāṟkāli nakaittatu.	[0, 7]	தங்களது	உனது நாற்காலி நகைத்தது.|உங்களது நாற்காலி நகைத்தது.	நகை	SG	False	False	False	public	NATIVE-CHECK-CHECKER-1|NATIVE-CHECK-HON-1|NATIVE-CHECK-HON-5
HON-HON-P-0433-C2-T	HON-HON-P-0433	HON-P-001	honorificity	HON-P	C2	3	0.3333	rank-based	literary	The child sat down opposite the counter.	Your chair arrived this morning.	prior_sentence	T	உனது நாற்காலி நகைத்தது.	uṉatu nāṟkāli nakaittatu.	[0, 4]	உனது	உங்களது நாற்காலி நகைத்தது.|தங்களது நாற்காலி நகைத்தது.	நகை	SG	False	True	False	public	NATIVE-CHECK-HON-1|NATIVE-CHECK-HON-5
HON-HON-P-0433-C2-V	HON-HON-P-0433	HON-P-001	honorificity	HON-P	C2	3	0.3333	rank-based	literary	The old man sat down opposite the counter.	Your chair arrived this morning.	prior_sentence	V	உங்களது நாற்காலி நகைத்தது.	uṅkaḷatu nāṟkāli nakaittatu.	[0, 7]	உங்களது	உனது நாற்காலி நகைத்தது.|தங்களது நாற்காலி நகைத்தது.	நகை	SG	False	True	False	public	NATIVE-CHECK-HON-1|NATIVE-CHECK-HON-5
HON-HON-P-0433-C2-VV	HON-HON-P-0433	HON-P-001	honorificity	HON-P	C2	3	0.3333	rank-based	literary	The abbot sat down opposite the counter.	Your chair arrived this morning.	prior_sentence	VV	தங்களது நாற்காலி நகைத்தது.	taṅkaḷatu nāṟkāli nakaittatu.	[0, 7]	தங்களது	உனது நாற்காலி நகைத்தது.|உங்களது நாற்காலி நகைத்தது.	நகை	SG	False	False	False	public	NATIVE-CHECK-CHECKER-1|NATIVE-CHECK-HON-1|NATIVE-CHECK-HON-5
HON-HON-P-0433-C3-004	HON-HON-P-0433	HON-P-001	honorificity	HON-P	C3	3	0.3333	rank-based	literary	The lamp burned steadily beside the wooden counter.	Your chair arrived this morning.	absent				[]		உனது நாற்காலி நகைத்தது.|உங்களது நாற்காலி நகைத்தது.|தங்களது நாற்காலி நகைத்தது.	நகை	SG	False	True	False	public	NATIVE-CHECK-HON-1|NATIVE-CHECK-HON-5
HON-HON-P-0433-C3-032	HON-HON-P-0433	HON-P-001	honorificity	HON-P	C3	3	0.3333	rank-based	literary	The lamp burned steadily beside the wooden counter.	Your chair arrived this morning.	absent				[]		உனது நாற்காலி நகைத்தது.|உங்களது நாற்காலி நகைத்தது.|தங்களது நாற்காலி நகைத்தது.	நகை	SG	False	True	False	public	NATIVE-CHECK-HON-1|NATIVE-CHECK-HON-5
HON-HON-P-0434-C1-T	HON-HON-P-0434	HON-P-002	honorificity	HON-P	C1	3	0.3333	kinship-based	literary		Mani, your chair was left at the desk.	in_sentence	T	உனது நாற்காலி அஞ்சினது.	uṉatu nāṟkāli añciṉatu.	[0, 4]	உனது	உங்களது நாற்காலி அஞ்சினது.|தங்களது நாற்காலி அஞ்சினது.	அஞ்சு	SG	False	True	False	public	NATIVE-CHECK-HON-1|NATIVE-CHECK-HON-5
HON-HON-P-0434-C1-V	HON-HON-P-0434	HON-P-002	honorificity	HON-P	C1	3	0.3333	kinship-based	literary		Father, your chair was left at the desk.	in_sentence	V	உங்களது நாற்காலி அஞ்சினது.	uṅkaḷatu nāṟkāli añciṉatu.	[0, 7]	உங்களது	உனது நாற்காலி அஞ்சினது.|தங்களது நாற்காலி அஞ்சினது.	அஞ்சு	SG	False	True	False	public	NATIVE-CHECK-HON-1|NATIVE-CHECK-HON-5
HON-HON-P-0434-C1-VV	HON-HON-P-0434	HON-P-002	honorificity	HON-P	C1	3	0.3333	kinship-based	literary		Learned Judge, your chair was left at the desk.	in_sentence	VV	தங்களது நாற்காலி அஞ்சினது.	taṅkaḷatu nāṟkāli añciṉatu.	[0, 7]	தங்களது	உனது நாற்காலி அஞ்சினது.|உங்களது நாற்காலி அஞ்சினது.	அஞ்சு	SG	False	False	False	public	NATIVE-CHECK-CHECKER-1|NATIVE-CHECK-HON-1|NATIVE-CHECK-HON-5
HON-HON-P-0434-C2-T	HON-HON-P-0434	HON-P-002	honorificity	HON-P	C2	3	0.3333	kinship-based	literary	My junior colleague came into the room.	Your chair was left at the desk.	prior_sentence	T	உனது நாற்காலி அஞ்சினது.	uṉatu nāṟkāli añciṉatu.	[0, 4]	உனது	உங்களது நாற்காலி அஞ்சினது.|தங்களது நாற்காலி அஞ்சினது.	அஞ்சு	SG	False	True	False	public	NATIVE-CHECK-HON-1|NATIVE-CHECK-HON-5
HON-HON-P-0434-C2-V	HON-HON-P-0434	HON-P-002	honorificity	HON-P	C2	3	0.3333	kinship-based	literary	My senior colleague came into the room.	Your chair was left at the desk.	prior_sentence	V	உங்களது நாற்காலி அஞ்சினது.	uṅkaḷatu nāṟkāli añciṉatu.	[0, 7]	உங்களது	உனது நாற்காலி அஞ்சினது.|தங்களது நாற்காலி அஞ்சினது.	அஞ்சு	SG	False	True	False	public	NATIVE-CHECK-HON-1|NATIVE-CHECK-HON-5
HON-HON-P-0434-C2-VV	HON-HON-P-0434	HON-P-002	honorificity	HON-P	C2	3	0.3333	kinship-based	literary	The vice chancellor came into the room.	Your chair was left at the desk.	prior_sentence	VV	தங்களது நாற்காலி அஞ்சினது.	taṅkaḷatu nāṟkāli añciṉatu.	[0, 7]	தங்களது	உனது நாற்காலி அஞ்சினது.|உங்களது நாற்காலி அஞ்சினது.	அஞ்சு	SG	False	False	False	public	NATIVE-CHECK-CHECKER-1|NATIVE-CHECK-HON-1|NATIVE-CHECK-HON-5
HON-HON-P-0434-C3-005	HON-HON-P-0434	HON-P-002	honorificity	HON-P	C3	3	0.3333	kinship-based	literary	The fan turned above the empty room.	Your chair was left at the desk.	absent				[]		உனது நாற்காலி அஞ்சினது.|உங்களது நாற்காலி அஞ்சினது.|தங்களது நாற்காலி அஞ்சினது.	அஞ்சு	SG	False	True	False	public	NATIVE-CHECK-HON-1|NATIVE-CHECK-HON-5
HON-HON-P-0434-C3-033	HON-HON-P-0434	HON-P-002	honorificity	HON-P	C3	3	0.3333	kinship-based	literary	The fan turned above the empty room.	Your chair was left at the desk.	absent				[]		உனது நாற்காலி அஞ்சினது.|உங்களது நாற்காலி அஞ்சினது.|தங்களது நாற்காலி அஞ்சினது.	அஞ்சு	SG	False	True	False	public	NATIVE-CHECK-HON-1|NATIVE-CHECK-HON-5
HON-HON-P-0435-C1-T	HON-HON-P-0435	HON-P-002	honorificity	HON-P	C1	3	0.3333	kinship-based	literary		Kumar, your book was left at the desk.	in_sentence	T	உனது புத்தகம் வந்தது.	uṉatu puttakam vantatu.	[0, 4]	உனது	உங்களது புத்தகம் வந்தது.|தங்களது புத்தகம் வந்தது.	வா	SG	False	True	False	public	NATIVE-CHECK-HON-1|NATIVE-CHECK-HON-5
HON-HON-P-0435-C1-V	HON-HON-P-0435	HON-P-002	honorificity	HON-P	C1	3	0.3333	kinship-based	literary		Grandfather, your book was left at the desk.	in_sentence	V	உங்களது புத்தகம் வந்தது.	uṅkaḷatu puttakam vantatu.	[0, 7]	உங்களது	உனது புத்தகம் வந்தது.|தங்களது புத்தகம் வந்தது.	வா	SG	False	True	False	public	NATIVE-CHECK-HON-1|NATIVE-CHECK-HON-5
HON-HON-P-0435-C1-VV	HON-HON-P-0435	HON-P-002	honorificity	HON-P	C1	3	0.3333	kinship-based	literary		Your Honour, your book was left at the desk.	in_sentence	VV	தங்களது புத்தகம் வந்தது.	taṅkaḷatu puttakam vantatu.	[0, 7]	தங்களது	உனது புத்தகம் வந்தது.|உங்களது புத்தகம் வந்தது.	வா	SG	False	False	False	public	NATIVE-CHECK-CHECKER-1|NATIVE-CHECK-HON-1|NATIVE-CHECK-HON-5
HON-HON-P-0435-C2-T	HON-HON-P-0435	HON-P-002	honorificity	HON-P	C2	3	0.3333	kinship-based	literary	The youngest nephew was standing by the door.	Your book was left at the desk.	prior_sentence	T	உனது புத்தகம் வந்தது.	uṉatu puttakam vantatu.	[0, 4]	உனது	உங்களது புத்தகம் வந்தது.|தங்களது புத்தகம் வந்தது.	வா	SG	False	True	False	public	NATIVE-CHECK-HON-1|NATIVE-CHECK-HON-5
HON-HON-P-0435-C2-V	HON-HON-P-0435	HON-P-002	honorificity	HON-P	C2	3	0.3333	kinship-based	literary	The eldest uncle was standing by the door.	Your book was left at the desk.	prior_sentence	V	உங்களது புத்தகம் வந்தது.	uṅkaḷatu puttakam vantatu.	[0, 7]	உங்களது	உனது புத்தகம் வந்தது.|தங்களது புத்தகம் வந்தது.	வா	SG	False	True	False	public	NATIVE-CHECK-HON-1|NATIVE-CHECK-HON-5
HON-HON-P-0435-C2-VV	HON-HON-P-0435	HON-P-002	honorificity	HON-P	C2	3	0.3333	kinship-based	literary	The household head was standing by the door.	Your book was left at the desk.	prior_sentence	VV	தங்களது புத்தகம் வந்தது.	taṅkaḷatu puttakam vantatu.	[0, 7]	தங்களது	உனது புத்தகம் வந்தது.|உங்களது புத்தகம் வந்தது.	வா	SG	False	False	False	public	NATIVE-CHECK-CHECKER-1|NATIVE-CHECK-HON-1|NATIVE-CHECK-HON-5
HON-HON-P-0435-C3-006	HON-HON-P-0435	HON-P-002	honorificity	HON-P	C3	3	0.3333	kinship-based	literary	Sandals had been left beside the front door.	Your book was left at the desk.	absent				[]		உனது புத்தகம் வந்தது.|உங்களது புத்தகம் வந்தது.|தங்களது புத்தகம் வந்தது.	வா	SG	False	True	False	public	NATIVE-CHECK-HON-1|NATIVE-CHECK-HON-5
HON-HON-P-0435-C3-034	HON-HON-P-0435	HON-P-002	honorificity	HON-P	C3	3	0.3333	kinship-based	literary	Sandals had been left beside the front door.	Your book was left at the desk.	absent				[]		உனது புத்தகம் வந்தது.|உங்களது புத்தகம் வந்தது.|தங்களது புத்தகம் வந்தது.	வா	SG	False	True	False	public	NATIVE-CHECK-HON-1|NATIVE-CHECK-HON-5
HON-HON-P-0436-C1-T	HON-HON-P-0436	HON-P-002	honorificity	HON-P	C1	3	0.3333	kinship-based	literary		Ravi, your book was left at the desk.	in_sentence	T	உனது புத்தகம் ஓடினது.	uṉatu puttakam ōṭiṉatu.	[0, 4]	உனது	உங்களது புத்தகம் ஓடினது.|தங்களது புத்தகம் ஓடினது.	ஓடு	SG	False	True	False	public	NATIVE-CHECK-HON-1|NATIVE-CHECK-HON-5
HON-HON-P-0436-C1-V	HON-HON-P-0436	HON-P-002	honorificity	HON-P	C1	3	0.3333	kinship-based	literary		Teacher, your book was left at the desk.	in_sentence	V	உங்களது புத்தகம் ஓடினது.	uṅkaḷatu puttakam ōṭiṉatu.	[0, 7]	உங்களது	உனது புத்தகம் ஓடினது.|தங்களது புத்தகம் ஓடினது.	ஓடு	SG	False	True	False	public	NATIVE-CHECK-HON-1|NATIVE-CHECK-HON-5
HON-HON-P-0436-C1-VV	HON-HON-P-0436	HON-P-002	honorificity	HON-P	C1	3	0.3333	kinship-based	literary		Respected Sir, your book was left at the desk.	in_sentence	VV	தங்களது புத்தகம் ஓடினது.	taṅkaḷatu puttakam ōṭiṉatu.	[0, 7]	தங்களது	உனது புத்தகம் ஓடினது.|உங்களது புத்தகம் ஓடினது.	ஓடு	SG	False	False	False	public	NATIVE-CHECK-CHECKER-1|NATIVE-CHECK-HON-1|NATIVE-CHECK-HON-5
HON-HON-P-0436-C2-T	HON-HON-P-0436	HON-P-002	honorificity	HON-P	C2	3	0.3333	kinship-based	literary	A young apprentice knocked twice and waited.	Your book was left at the desk.	prior_sentence	T	உனது புத்தகம் ஓடினது.	uṉatu puttakam ōṭiṉatu.	[0, 4]	உனது	உங்களது புத்தகம் ஓடினது.|தங்களது புத்தகம் ஓடினது.	ஓடு	SG	False	True	False	public	NATIVE-CHECK-HON-1|NATIVE-CHECK-HON-5
HON-HON-P-0436-C2-V	HON-HON-P-0436	HON-P-002	honorificity	HON-P	C2	3	0.3333	kinship-based	literary	An elderly customer knocked twice and waited.	Your book was left at the desk.	prior_sentence	V	உங்களது புத்தகம் ஓடினது.	uṅkaḷatu puttakam ōṭiṉatu.	[0, 7]	உங்களது	உனது புத்தகம் ஓடினது.|தங்களது புத்தகம் ஓடினது.	ஓடு	SG	False	True	False	public	NATIVE-CHECK-HON-1|NATIVE-CHECK-HON-5
HON-HON-P-0436-C2-VV	HON-HON-P-0436	HON-P-002	honorificity	HON-P	C2	3	0.3333	kinship-based	literary	The chief magistrate knocked twice and waited.	Your book was left at the desk.	prior_sentence	VV	தங்களது புத்தகம் ஓடினது.	taṅkaḷatu puttakam ōṭiṉatu.	[0, 7]	தங்களது	உனது புத்தகம் ஓடினது.|உங்களது புத்தகம் ஓடினது.	ஓடு	SG	False	False	False	public	NATIVE-CHECK-CHECKER-1|NATIVE-CHECK-HON-1|NATIVE-CHECK-HON-5
HON-HON-P-0436-C3-007	HON-HON-P-0436	HON-P-002	honorificity	HON-P	C3	3	0.3333	kinship-based	literary	A shutter banged twice somewhere along the corridor.	Your book was left at the desk.	absent				[]		உனது புத்தகம் ஓடினது.|உங்களது புத்தகம் ஓடினது.|தங்களது புத்தகம் ஓடினது.	ஓடு	SG	False	True	False	public	NATIVE-CHECK-HON-1|NATIVE-CHECK-HON-5
HON-HON-P-0436-C3-035	HON-HON-P-0436	HON-P-002	honorificity	HON-P	C3	3	0.3333	kinship-based	literary	A shutter banged twice somewhere along the corridor.	Your book was left at the desk.	absent				[]		உனது புத்தகம் ஓடினது.|உங்களது புத்தகம் ஓடினது.|தங்களது புத்தகம் ஓடினது.	ஓடு	SG	False	True	False	public	NATIVE-CHECK-HON-1|NATIVE-CHECK-HON-5
HON-HON-P-0437-C1-T	HON-HON-P-0437	HON-P-002	honorificity	HON-P	C1	3	0.3333	kinship-based	literary		Selvan, your book was left at the desk.	in_sentence	T	உனது புத்தகம் நடந்தது.	uṉatu puttakam naṭantatu.	[0, 4]	உனது	உங்களது புத்தகம் நடந்தது.|தங்களது புத்தகம் நடந்தது.	நட	SG	False	True	False	public	NATIVE-CHECK-HON-1|NATIVE-CHECK-HON-5
HON-HON-P-0437-C1-V	HON-HON-P-0437	HON-P-002	honorificity	HON-P	C1	3	0.3333	kinship-based	literary		Uncle, your book was left at the desk.	in_sentence	V	உங்களது புத்தகம் நடந்தது.	uṅkaḷatu puttakam naṭantatu.	[0, 7]	உங்களது	உனது புத்தகம் நடந்தது.|தங்களது புத்தகம் நடந்தது.	நட	SG	False	True	False	public	NATIVE-CHECK-HON-1|NATIVE-CHECK-HON-5
HON-HON-P-0437-C1-VV	HON-HON-P-0437	HON-P-002	honorificity	HON-P	C1	3	0.3333	kinship-based	literary		Honoured Elder, your book was left at the desk.	in_sentence	VV	தங்களது புத்தகம் நடந்தது.	taṅkaḷatu puttakam naṭantatu.	[0, 7]	தங்களது	உனது புத்தகம் நடந்தது.|உங்களது புத்தகம் நடந்தது.	நட	SG	False	False	False	public	NATIVE-CHECK-CHECKER-1|NATIVE-CHECK-HON-1|NATIVE-CHECK-HON-5
HON-HON-P-0437-C2-T	HON-HON-P-0437	HON-P-002	honorificity	HON-P	C2	3	0.3333	kinship-based	literary	Ravi greeted his younger brother in the hall.	Your book was left at the desk.	prior_sentence	T	உனது புத்தகம் நடந்தது.	uṉatu puttakam naṭantatu.	[0, 4]	உனது	உங்களது புத்தகம் நடந்தது.|தங்களது புத்தகம் நடந்தது.	நட	SG	False	True	False	public	NATIVE-CHECK-HON-1|NATIVE-CHECK-HON-5
HON-HON-P-0437-C2-V	HON-HON-P-0437	HON-P-002	honorificity	HON-P	C2	3	0.3333	kinship-based	literary	Ravi greeted his grandfather in the hall.	Your book was left at the desk.	prior_sentence	V	உங்களது புத்தகம் நடந்தது.	uṅkaḷatu puttakam naṭantatu.	[0, 7]	உங்களது	உனது புத்தகம் நடந்தது.|தங்களது புத்தகம் நடந்தது.	நட	SG	False	True	False	public	NATIVE-CHECK-HON-1|NATIVE-CHECK-HON-5
HON-HON-P-0437-C2-VV	HON-HON-P-0437	HON-P-002	honorificity	HON-P	C2	3	0.3333	kinship-based	literary	Ravi greeted the temple priest in the hall.	Your book was left at the desk.	prior_sentence	VV	தங்களது புத்தகம் நடந்தது.	taṅkaḷatu puttakam naṭantatu.	[0, 7]	தங்களது	உனது புத்தகம் நடந்தது.|உங்களது புத்தகம் நடந்தது.	நட	SG	False	False	False	public	NATIVE-CHECK-CHECKER-1|NATIVE-CHECK-HON-1|NATIVE-CHECK-HON-5
HON-HON-P-0437-C3-008	HON-HON-P-0437	HON-P-002	honorificity	HON-P	C3	3	0.3333	kinship-based	literary	The morning light fell across the empty hall.	Your book was left at the desk.	absent				[]		உனது புத்தகம் நடந்தது.|உங்களது புத்தகம் நடந்தது.|தங்களது புத்தகம் நடந்தது.	நட	SG	False	True	False	public	NATIVE-CHECK-HON-1|NATIVE-CHECK-HON-5
HON-HON-P-0437-C3-036	HON-HON-P-0437	HON-P-002	honorificity	HON-P	C3	3	0.3333	kinship-based	literary	The morning light fell across the empty hall.	Your book was left at the desk.	absent				[]		உனது புத்தகம் நடந்தது.|உங்களது புத்தகம் நடந்தது.|தங்களது புத்தகம் நடந்தது.	நட	SG	False	True	False	public	NATIVE-CHECK-HON-1|NATIVE-CHECK-HON-5
HON-HON-P-0438-C1-T	HON-HON-P-0438	HON-P-002	honorificity	HON-P	C1	3	0.3333	kinship-based	literary		Arun, your book was left at the desk.	in_sentence	T	உனது புத்தகம் விளையாடினது.	uṉatu puttakam viḷaiyāṭiṉatu.	[0, 4]	உனது	உங்களது புத்தகம் விளையாடினது.|தங்களது புத்தகம் விளையாடினது.	விளையாடு	SG	False	True	False	public	NATIVE-CHECK-HON-1|NATIVE-CHECK-HON-5
HON-HON-P-0438-C1-V	HON-HON-P-0438	HON-P-002	honorificity	HON-P	C1	3	0.3333	kinship-based	literary		Doctor, your book was left at the desk.	in_sentence	V	உங்களது புத்தகம் விளையாடினது.	uṅkaḷatu puttakam viḷaiyāṭiṉatu.	[0, 7]	உங்களது	உனது புத்தகம் விளையாடினது.|தங்களது புத்தகம் விளையாடினது.	விளையாடு	SG	False	True	False	public	NATIVE-CHECK-HON-1|NATIVE-CHECK-HON-5
HON-HON-P-0438-C1-VV	HON-HON-P-0438	HON-P-002	honorificity	HON-P	C1	3	0.3333	kinship-based	literary		Revered Teacher, your book was left at the desk.	in_sentence	VV	தங்களது புத்தகம் விளையாடினது.	taṅkaḷatu puttakam viḷaiyāṭiṉatu.	[0, 7]	தங்களது	உனது புத்தகம் விளையாடினது.|உங்களது புத்தகம் விளையாடினது.	விளையாடு	SG	False	False	False	public	NATIVE-CHECK-CHECKER-1|NATIVE-CHECK-HON-1|NATIVE-CHECK-HON-5
HON-HON-P-0438-C2-T	HON-HON-P-0438	HON-P-002	honorificity	HON-P	C2	3	0.3333	kinship-based	literary	The clerk had been waiting for the new trainee.	Your book was left at the desk.	prior_sentence	T	உனது புத்தகம் விளையாடினது.	uṉatu puttakam viḷaiyāṭiṉatu.	[0, 4]	உனது	உங்களது புத்தகம் விளையாடினது.|தங்களது புத்தகம் விளையாடினது.	விளையாடு	SG	False	True	False	public	NATIVE-CHECK-HON-1|NATIVE-CHECK-HON-5
HON-HON-P-0438-C2-V	HON-HON-P-0438	HON-P-002	honorificity	HON-P	C2	3	0.3333	kinship-based	literary	The clerk had been waiting for the head teacher.	Your book was left at the desk.	prior_sentence	V	உங்களது புத்தகம் விளையாடினது.	uṅkaḷatu puttakam viḷaiyāṭiṉatu.	[0, 7]	உங்களது	உனது புத்தகம் விளையாடினது.|தங்களது புத்தகம் விளையாடினது.	விளையாடு	SG	False	True	False	public	NATIVE-CHECK-HON-1|NATIVE-CHECK-HON-5
HON-HON-P-0438-C2-VV	HON-HON-P-0438	HON-P-002	honorificity	HON-P	C2	3	0.3333	kinship-based	literary	The clerk had been waiting for the district judge.	Your book was left at the desk.	prior_sentence	VV	தங்களது புத்தகம் விளையாடினது.	taṅkaḷatu puttakam viḷaiyāṭiṉatu.	[0, 7]	தங்களது	உனது புத்தகம் விளையாடினது.|உங்களது புத்தகம் விளையாடினது.	விளையாடு	SG	False	False	False	public	NATIVE-CHECK-CHECKER-1|NATIVE-CHECK-HON-1|NATIVE-CHECK-HON-5
HON-HON-P-0438-C3-009	HON-HON-P-0438	HON-P-002	honorificity	HON-P	C3	3	0.3333	kinship-based	literary	The office had been quiet since the early morning.	Your book was left at the desk.	absent				[]		உனது புத்தகம் விளையாடினது.|உங்களது புத்தகம் விளையாடினது.|தங்களது புத்தகம் விளையாடினது.	விளையாடு	SG	False	True	False	public	NATIVE-CHECK-HON-1|NATIVE-CHECK-HON-5
HON-HON-P-0438-C3-037	HON-HON-P-0438	HON-P-002	honorificity	HON-P	C3	3	0.3333	kinship-based	literary	The office had been quiet since the early morning.	Your book was left at the desk.	absent				[]		உனது புத்தகம் விளையாடினது.|உங்களது புத்தகம் விளையாடினது.|தங்களது புத்தகம் விளையாடினது.	விளையாடு	SG	False	True	False	public	NATIVE-CHECK-HON-1|NATIVE-CHECK-HON-5
HON-HON-P-0439-C1-T	HON-HON-P-0439	HON-P-003	honorificity	HON-P	C1	3	0.3333	age-based	literary		Vasu, your book came back yesterday.	in_sentence	T	உனது புத்தகம் அழுதது.	uṉatu puttakam aḻutatu.	[0, 4]	உனது	உங்களது புத்தகம் அழுதது.|தங்களது புத்தகம் அழுதது.	அழு	SG	False	True	False	public	NATIVE-CHECK-HON-1|NATIVE-CHECK-HON-5
HON-HON-P-0439-C1-V	HON-HON-P-0439	HON-P-003	honorificity	HON-P	C1	3	0.3333	age-based	literary		Aunt, your book came back yesterday.	in_sentence	V	உங்களது புத்தகம் அழுதது.	uṅkaḷatu puttakam aḻutatu.	[0, 7]	உங்களது	உனது புத்தகம் அழுதது.|தங்களது புத்தகம் அழுதது.	அழு	SG	False	True	False	public	NATIVE-CHECK-HON-1|NATIVE-CHECK-HON-5
HON-HON-P-0439-C1-VV	HON-HON-P-0439	HON-P-003	honorificity	HON-P	C1	3	0.3333	age-based	literary		Esteemed Guest, your book came back yesterday.	in_sentence	VV	தங்களது புத்தகம் அழுதது.	taṅkaḷatu puttakam aḻutatu.	[0, 7]	தங்களது	உனது புத்தகம் அழுதது.|உங்களது புத்தகம் அழுதது.	அழு	SG	False	False	False	public	NATIVE-CHECK-CHECKER-1|NATIVE-CHECK-HON-1|NATIVE-CHECK-HON-5
HON-HON-P-0439-C2-T	HON-HON-P-0439	HON-P-003	honorificity	HON-P	C2	3	0.3333	age-based	literary	Her little cousin arrived just before the meal.	Your book came back yesterday.	prior_sentence	T	உனது புத்தகம் அழுதது.	uṉatu puttakam aḻutatu.	[0, 4]	உனது	உங்களது புத்தகம் அழுதது.|தங்களது புத்தகம் அழுதது.	அழு	SG	False	True	False	public	NATIVE-CHECK-HON-1|NATIVE-CHECK-HON-5
HON-HON-P-0439-C2-V	HON-HON-P-0439	HON-P-003	honorificity	HON-P	C2	3	0.3333	age-based	literary	Her elderly father arrived just before the meal.	Your book came back yesterday.	prior_sentence	V	உங்களது புத்தகம் அழுதது.	uṅkaḷatu puttakam aḻutatu.	[0, 7]	உங்களது	உனது புத்தகம் அழுதது.|தங்களது புத்தகம் அழுதது.	அழு	SG	False	True	False	public	NATIVE-CHECK-HON-1|NATIVE-CHECK-HON-5
HON-HON-P-0439-C2-VV	HON-HON-P-0439	HON-P-003	honorificity	HON-P	C2	3	0.3333	age-based	literary	Her family's guru arrived just before the meal.	Your book came back yesterday.	prior_sentence	VV	தங்களது புத்தகம் அழுதது.	taṅkaḷatu puttakam aḻutatu.	[0, 7]	தங்களது	உனது புத்தகம் அழுதது.|உங்களது புத்தகம் அழுதது.	அழு	SG	False	False	False	public	NATIVE-CHECK-CHECKER-1|NATIVE-CHECK-HON-1|NATIVE-CHECK-HON-5
HON-HON-P-0439-C3-010	HON-HON-P-0439	HON-P-003	honorificity	HON-P	C3	3	0.3333	age-based	literary	A slow rain started just before the evening meal.	Your book came back yesterday.	absent				[]		உனது புத்தகம் அழுதது.|உங்களது புத்தகம் அழுதது.|தங்களது புத்தகம் அழுதது.	அழு	SG	False	True	False	public	NATIVE-CHECK-HON-1|NATIVE-CHECK-HON-5
HON-HON-P-0439-C3-038	HON-HON-P-0439	HON-P-003	honorificity	HON-P	C3	3	0.3333	age-based	literary	A slow rain started just before the evening meal.	Your book came back yesterday.	absent				[]		உனது புத்தகம் அழுதது.|உங்களது புத்தகம் அழுதது.|தங்களது புத்தகம் அழுதது.	அழு	SG	False	True	False	public	NATIVE-CHECK-HON-1|NATIVE-CHECK-HON-5
HON-HON-P-0440-C1-T	HON-HON-P-0440	HON-P-003	honorificity	HON-P	C1	3	0.3333	age-based	literary		Mani, your book came back yesterday.	in_sentence	T	உனது புத்தகம் சிரித்தது.	uṉatu puttakam cirittatu.	[0, 4]	உனது	உங்களது புத்தகம் சிரித்தது.|தங்களது புத்தகம் சிரித்தது.	சிரி	SG	False	True	False	public	NATIVE-CHECK-HON-1|NATIVE-CHECK-HON-5
HON-HON-P-0440-C1-V	HON-HON-P-0440	HON-P-003	honorificity	HON-P	C1	3	0.3333	age-based	literary		Father, your book came back yesterday.	in_sentence	V	உங்களது புத்தகம் சிரித்தது.	uṅkaḷatu puttakam cirittatu.	[0, 7]	உங்களது	உனது புத்தகம் சிரித்தது.|தங்களது புத்தகம் சிரித்தது.	சிரி	SG	False	True	False	public	NATIVE-CHECK-HON-1|NATIVE-CHECK-HON-5
HON-HON-P-0440-C1-VV	HON-HON-P-0440	HON-P-003	honorificity	HON-P	C1	3	0.3333	age-based	literary		Learned Judge, your book came back yesterday.	in_sentence	VV	தங்களது புத்தகம் சிரித்தது.	taṅkaḷatu puttakam cirittatu.	[0, 7]	தங்களது	உனது புத்தகம் சிரித்தது.|உங்களது புத்தகம் சிரித்தது.	சிரி	SG	False	False	False	public	NATIVE-CHECK-CHECKER-1|NATIVE-CHECK-HON-1|NATIVE-CHECK-HON-5
HON-HON-P-0440-C2-T	HON-HON-P-0440	HON-P-003	honorificity	HON-P	C2	3	0.3333	age-based	literary	A boy from the next street stopped at the gate.	Your book came back yesterday.	prior_sentence	T	உனது புத்தகம் சிரித்தது.	uṉatu puttakam cirittatu.	[0, 4]	உனது	உங்களது புத்தகம் சிரித்தது.|தங்களது புத்தகம் சிரித்தது.	சிரி	SG	False	True	False	public	NATIVE-CHECK-HON-1|NATIVE-CHECK-HON-5
HON-HON-P-0440-C2-V	HON-HON-P-0440	HON-P-003	honorificity	HON-P	C2	3	0.3333	age-based	literary	An older neighbour from the street stopped at the gate.	Your book came back yesterday.	prior_sentence	V	உங்களது புத்தகம் சிரித்தது.	uṅkaḷatu puttakam cirittatu.	[0, 7]	உங்களது	உனது புத்தகம் சிரித்தது.|தங்களது புத்தகம் சிரித்தது.	சிரி	SG	False	True	False	public	NATIVE-CHECK-HON-1|NATIVE-CHECK-HON-5
HON-HON-P-0440-C2-VV	HON-HON-P-0440	HON-P-003	honorificity	HON-P	C2	3	0.3333	age-based	literary	The visiting minister from the capital stopped at the gate.	Your book came back yesterday.	prior_sentence	VV	தங்களது புத்தகம் சிரித்தது.	taṅkaḷatu puttakam cirittatu.	[0, 7]	தங்களது	உனது புத்தகம் சிரித்தது.|உங்களது புத்தகம் சிரித்தது.	சிரி	SG	False	False	False	public	NATIVE-CHECK-CHECKER-1|NATIVE-CHECK-HON-1|NATIVE-CHECK-HON-5
HON-HON-P-0440-C3-011	HON-HON-P-0440	HON-P-003	honorificity	HON-P	C3	3	0.3333	age-based	literary	A cold wind reached as far as the gate.	Your book came back yesterday.	absent				[]		உனது புத்தகம் சிரித்தது.|உங்களது புத்தகம் சிரித்தது.|தங்களது புத்தகம் சிரித்தது.	சிரி	SG	False	True	False	public	NATIVE-CHECK-HON-1|NATIVE-CHECK-HON-5
HON-HON-P-0440-C3-039	HON-HON-P-0440	HON-P-003	honorificity	HON-P	C3	3	0.3333	age-based	literary	A cold wind reached as far as the gate.	Your book came back yesterday.	absent				[]		உனது புத்தகம் சிரித்தது.|உங்களது புத்தகம் சிரித்தது.|தங்களது புத்தகம் சிரித்தது.	சிரி	SG	False	True	False	public	NATIVE-CHECK-HON-1|NATIVE-CHECK-HON-5
HON-HON-P-0441-C1-T	HON-HON-P-0441	HON-P-003	honorificity	HON-P	C1	3	0.3333	age-based	literary		Kumar, your book came back yesterday.	in_sentence	T	உனது புத்தகம் பறந்தது.	uṉatu puttakam paṟantatu.	[0, 4]	உனது	உங்களது புத்தகம் பறந்தது.|தங்களது புத்தகம் பறந்தது.	பற	SG	False	True	False	public	NATIVE-CHECK-HON-1|NATIVE-CHECK-HON-5
HON-HON-P-0441-C1-V	HON-HON-P-0441	HON-P-003	honorificity	HON-P	C1	3	0.3333	age-based	literary		Grandfather, your book came back yesterday.	in_sentence	V	உங்களது புத்தகம் பறந்தது.	uṅkaḷatu puttakam paṟantatu.	[0, 7]	உங்களது	உனது புத்தகம் பறந்தது.|தங்களது புத்தகம் பறந்தது.	பற	SG	False	True	False	public	NATIVE-CHECK-HON-1|NATIVE-CHECK-HON-5
HON-HON-P-0441-C1-VV	HON-HON-P-0441	HON-P-003	honorificity	HON-P	C1	3	0.3333	age-based	literary		Your Honour, your book came back yesterday.	in_sentence	VV	தங்களது புத்தகம் பறந்தது.	taṅkaḷatu puttakam paṟantatu.	[0, 7]	தங்களது	உனது புத்தகம் பறந்தது.|உங்களது புத்தகம் பறந்தது.	பற	SG	False	False	False	public	NATIVE-CHECK-CHECKER-1|NATIVE-CHECK-HON-1|NATIVE-CHECK-HON-5
HON-HON-P-0441-C2-T	HON-HON-P-0441	HON-P-003	honorificity	HON-P	C2	3	0.3333	age-based	literary	The child sat down opposite the counter.	Your book came back yesterday.	prior_sentence	T	உனது புத்தகம் பறந்தது.	uṉatu puttakam paṟantatu.	[0, 4]	உனது	உங்களது புத்தகம் பறந்தது.|தங்களது புத்தகம் பறந்தது.	பற	SG	False	True	False	public	NATIVE-CHECK-HON-1|NATIVE-CHECK-HON-5
HON-HON-P-0441-C2-V	HON-HON-P-0441	HON-P-003	honorificity	HON-P	C2	3	0.3333	age-based	literary	The old man sat down opposite the counter.	Your book came back yesterday.	prior_sentence	V	உங்களது புத்தகம் பறந்தது.	uṅkaḷatu puttakam paṟantatu.	[0, 7]	உங்களது	உனது புத்தகம் பறந்தது.|தங்களது புத்தகம் பறந்தது.	பற	SG	False	True	False	public	NATIVE-CHECK-HON-1|NATIVE-CHECK-HON-5
HON-HON-P-0441-C2-VV	HON-HON-P-0441	HON-P-003	honorificity	HON-P	C2	3	0.3333	age-based	literary	The abbot sat down opposite the counter.	Your book came back yesterday.	prior_sentence	VV	தங்களது புத்தகம் பறந்தது.	taṅkaḷatu puttakam paṟantatu.	[0, 7]	தங்களது	உனது புத்தகம் பறந்தது.|உங்களது புத்தகம் பறந்தது.	பற	SG	False	False	False	public	NATIVE-CHECK-CHECKER-1|NATIVE-CHECK-HON-1|NATIVE-CHECK-HON-5
HON-HON-P-0441-C3-012	HON-HON-P-0441	HON-P-003	honorificity	HON-P	C3	3	0.3333	age-based	literary	The lamp burned steadily beside the wooden counter.	Your book came back yesterday.	absent				[]		உனது புத்தகம் பறந்தது.|உங்களது புத்தகம் பறந்தது.|தங்களது புத்தகம் பறந்தது.	பற	SG	False	True	False	public	NATIVE-CHECK-HON-1|NATIVE-CHECK-HON-5
HON-HON-P-0441-C3-040	HON-HON-P-0441	HON-P-003	honorificity	HON-P	C3	3	0.3333	age-based	literary	The lamp burned steadily beside the wooden counter.	Your book came back yesterday.	absent				[]		உனது புத்தகம் பறந்தது.|உங்களது புத்தகம் பறந்தது.|தங்களது புத்தகம் பறந்தது.	பற	SG	False	True	False	public	NATIVE-CHECK-HON-1|NATIVE-CHECK-HON-5
HON-HON-P-0442-C1-T	HON-HON-P-0442	HON-P-003	honorificity	HON-P	C1	3	0.3333	age-based	literary		Ravi, your book came back yesterday.	in_sentence	T	உனது புத்தகம் நீந்தினது.	uṉatu puttakam nīntiṉatu.	[0, 4]	உனது	உங்களது புத்தகம் நீந்தினது.|தங்களது புத்தகம் நீந்தினது.	நீந்து	SG	False	True	False	public	NATIVE-CHECK-HON-1|NATIVE-CHECK-HON-5
HON-HON-P-0442-C1-V	HON-HON-P-0442	HON-P-003	honorificity	HON-P	C1	3	0.3333	age-based	literary		Teacher, your book came back yesterday.	in_sentence	V	உங்களது புத்தகம் நீந்தினது.	uṅkaḷatu puttakam nīntiṉatu.	[0, 7]	உங்களது	உனது புத்தகம் நீந்தினது.|தங்களது புத்தகம் நீந்தினது.	நீந்து	SG	False	True	False	public	NATIVE-CHECK-HON-1|NATIVE-CHECK-HON-5
HON-HON-P-0442-C1-VV	HON-HON-P-0442	HON-P-003	honorificity	HON-P	C1	3	0.3333	age-based	literary		Respected Sir, your book came back yesterday.	in_sentence	VV	தங்களது புத்தகம் நீந்தினது.	taṅkaḷatu puttakam nīntiṉatu.	[0, 7]	தங்களது	உனது புத்தகம் நீந்தினது.|உங்களது புத்தகம் நீந்தினது.	நீந்து	SG	False	False	False	public	NATIVE-CHECK-CHECKER-1|NATIVE-CHECK-HON-1|NATIVE-CHECK-HON-5
HON-HON-P-0442-C2-T	HON-HON-P-0442	HON-P-003	honorificity	HON-P	C2	3	0.3333	age-based	literary	My junior colleague came into the room.	Your book came back yesterday.	prior_sentence	T	உனது புத்தகம் நீந்தினது.	uṉatu puttakam nīntiṉatu.	[0, 4]	உனது	உங்களது புத்தகம் நீந்தினது.|தங்களது புத்தகம் நீந்தினது.	நீந்து	SG	False	True	False	public	NATIVE-CHECK-HON-1|NATIVE-CHECK-HON-5
HON-HON-P-0442-C2-V	HON-HON-P-0442	HON-P-003	honorificity	HON-P	C2	3	0.3333	age-based	literary	My senior colleague came into the room.	Your book came back yesterday.	prior_sentence	V	உங்களது புத்தகம் நீந்தினது.	uṅkaḷatu puttakam nīntiṉatu.	[0, 7]	உங்களது	உனது புத்தகம் நீந்தினது.|தங்களது புத்தகம் நீந்தினது.	நீந்து	SG	False	True	False	public	NATIVE-CHECK-HON-1|NATIVE-CHECK-HON-5
HON-HON-P-0442-C2-VV	HON-HON-P-0442	HON-P-003	honorificity	HON-P	C2	3	0.3333	age-based	literary	The vice chancellor came into the room.	Your book came back yesterday.	prior_sentence	VV	தங்களது புத்தகம் நீந்தினது.	taṅkaḷatu puttakam nīntiṉatu.	[0, 7]	தங்களது	உனது புத்தகம் நீந்தினது.|உங்களது புத்தகம் நீந்தினது.	நீந்து	SG	False	False	False	public	NATIVE-CHECK-CHECKER-1|NATIVE-CHECK-HON-1|NATIVE-CHECK-HON-5
HON-HON-P-0442-C3-013	HON-HON-P-0442	HON-P-003	honorificity	HON-P	C3	3	0.3333	age-based	literary	The fan turned above the empty room.	Your book came back yesterday.	absent				[]		உனது புத்தகம் நீந்தினது.|உங்களது புத்தகம் நீந்தினது.|தங்களது புத்தகம் நீந்தினது.	நீந்து	SG	False	True	False	public	NATIVE-CHECK-HON-1|NATIVE-CHECK-HON-5
HON-HON-P-0442-C3-041	HON-HON-P-0442	HON-P-003	honorificity	HON-P	C3	3	0.3333	age-based	literary	The fan turned above the empty room.	Your book came back yesterday.	absent				[]		உனது புத்தகம் நீந்தினது.|உங்களது புத்தகம் நீந்தினது.|தங்களது புத்தகம் நீந்தினது.	நீந்து	SG	False	True	False	public	NATIVE-CHECK-HON-1|NATIVE-CHECK-HON-5
HON-HON-P-0443-C1-T	HON-HON-P-0443	HON-P-003	honorificity	HON-P	C1	3	0.3333	age-based	literary		Selvan, your book came back yesterday.	in_sentence	T	உனது புத்தகம் பேசினது.	uṉatu puttakam pēciṉatu.	[0, 4]	உனது	உங்களது புத்தகம் பேசினது.|தங்களது புத்தகம் பேசினது.	பேசு	SG	False	True	False	public	NATIVE-CHECK-HON-1|NATIVE-CHECK-HON-5
HON-HON-P-0443-C1-V	HON-HON-P-0443	HON-P-003	honorificity	HON-P	C1	3	0.3333	age-based	literary		Uncle, your book came back yesterday.	in_sentence	V	உங்களது புத்தகம் பேசினது.	uṅkaḷatu puttakam pēciṉatu.	[0, 7]	உங்களது	உனது புத்தகம் பேசினது.|தங்களது புத்தகம் பேசினது.	பேசு	SG	False	True	False	public	NATIVE-CHECK-HON-1|NATIVE-CHECK-HON-5
HON-HON-P-0443-C1-VV	HON-HON-P-0443	HON-P-003	honorificity	HON-P	C1	3	0.3333	age-based	literary		Honoured Elder, your book came back yesterday.	in_sentence	VV	தங்களது புத்தகம் பேசினது.	taṅkaḷatu puttakam pēciṉatu.	[0, 7]	தங்களது	உனது புத்தகம் பேசினது.|உங்களது புத்தகம் பேசினது.	பேசு	SG	False	False	False	public	NATIVE-CHECK-CHECKER-1|NATIVE-CHECK-HON-1|NATIVE-CHECK-HON-5
HON-HON-P-0443-C2-T	HON-HON-P-0443	HON-P-003	honorificity	HON-P	C2	3	0.3333	age-based	literary	The youngest nephew was standing by the door.	Your book came back yesterday.	prior_sentence	T	உனது புத்தகம் பேசினது.	uṉatu puttakam pēciṉatu.	[0, 4]	உனது	உங்களது புத்தகம் பேசினது.|தங்களது புத்தகம் பேசினது.	பேசு	SG	False	True	False	public	NATIVE-CHECK-HON-1|NATIVE-CHECK-HON-5
HON-HON-P-0443-C2-V	HON-HON-P-0443	HON-P-003	honorificity	HON-P	C2	3	0.3333	age-based	literary	The eldest uncle was standing by the door.	Your book came back yesterday.	prior_sentence	V	உங்களது புத்தகம் பேசினது.	uṅkaḷatu puttakam pēciṉatu.	[0, 7]	உங்களது	உனது புத்தகம் பேசினது.|தங்களது புத்தகம் பேசினது.	பேசு	SG	False	True	False	public	NATIVE-CHECK-HON-1|NATIVE-CHECK-HON-5
HON-HON-P-0443-C2-VV	HON-HON-P-0443	HON-P-003	honorificity	HON-P	C2	3	0.3333	age-based	literary	The household head was standing by the door.	Your book came back yesterday.	prior_sentence	VV	தங்களது புத்தகம் பேசினது.	taṅkaḷatu puttakam pēciṉatu.	[0, 7]	தங்களது	உனது புத்தகம் பேசினது.|உங்களது புத்தகம் பேசினது.	பேசு	SG	False	False	False	public	NATIVE-CHECK-CHECKER-1|NATIVE-CHECK-HON-1|NATIVE-CHECK-HON-5
HON-HON-P-0443-C3-014	HON-HON-P-0443	HON-P-003	honorificity	HON-P	C3	3	0.3333	age-based	literary	Sandals had been left beside the front door.	Your book came back yesterday.	absent				[]		உனது புத்தகம் பேசினது.|உங்களது புத்தகம் பேசினது.|தங்களது புத்தகம் பேசினது.	பேசு	SG	False	True	False	public	NATIVE-CHECK-HON-1|NATIVE-CHECK-HON-5
HON-HON-P-0443-C3-042	HON-HON-P-0443	HON-P-003	honorificity	HON-P	C3	3	0.3333	age-based	literary	Sandals had been left beside the front door.	Your book came back yesterday.	absent				[]		உனது புத்தகம் பேசினது.|உங்களது புத்தகம் பேசினது.|தங்களது புத்தகம் பேசினது.	பேசு	SG	False	True	False	public	NATIVE-CHECK-HON-1|NATIVE-CHECK-HON-5
HON-HON-P-0453-C1-T	HON-HON-P-0453	HON-P-006	honorificity	HON-P	C1	3	0.3333	age-based	literary		Kumar, I studied you near the temple.	in_sentence	T	உன்னை பயின்றேன்.	uṉṉai payiṉṟēṉ.	[0, 5]	உன்னை	உங்களை பயின்றேன்.|தங்களை பயின்றேன்.	பயில்	SG	False	True	False	public	NATIVE-CHECK-HON-1|NATIVE-CHECK-HON-5
HON-HON-P-0453-C1-V	HON-HON-P-0453	HON-P-006	honorificity	HON-P	C1	3	0.3333	age-based	literary		Grandfather, I studied you near the temple.	in_sentence	V	உங்களை பயின்றேன்.	uṅkaḷai payiṉṟēṉ.	[0, 6]	உங்களை	உன்னை பயின்றேன்.|தங்களை பயின்றேன்.	பயில்	SG	False	True	False	public	NATIVE-CHECK-HON-1|NATIVE-CHECK-HON-5
HON-HON-P-0453-C1-VV	HON-HON-P-0453	HON-P-006	honorificity	HON-P	C1	3	0.3333	age-based	literary		Your Honour, I studied you near the temple.	in_sentence	VV	தங்களை பயின்றேன்.	taṅkaḷai payiṉṟēṉ.	[0, 6]	தங்களை	உன்னை பயின்றேன்.|உங்களை பயின்றேன்.	பயில்	SG	False	False	False	public	NATIVE-CHECK-CHECKER-1|NATIVE-CHECK-HON-1|NATIVE-CHECK-HON-5
HON-HON-P-0453-C2-T	HON-HON-P-0453	HON-P-006	honorificity	HON-P	C2	3	0.3333	age-based	literary	Ravi greeted his younger brother in the hall.	I studied you near the temple.	prior_sentence	T	உன்னை பயின்றேன்.	uṉṉai payiṉṟēṉ.	[0, 5]	உன்னை	உங்களை பயின்றேன்.|தங்களை பயின்றேன்.	பயில்	SG	False	True	False	public	NATIVE-CHECK-HON-1|NATIVE-CHECK-HON-5
HON-HON-P-0453-C2-V	HON-HON-P-0453	HON-P-006	honorificity	HON-P	C2	3	0.3333	age-based	literary	Ravi greeted his grandfather in the hall.	I studied you near the temple.	prior_sentence	V	உங்களை பயின்றேன்.	uṅkaḷai payiṉṟēṉ.	[0, 6]	உங்களை	உன்னை பயின்றேன்.|தங்களை பயின்றேன்.	பயில்	SG	False	True	False	public	NATIVE-CHECK-HON-1|NATIVE-CHECK-HON-5
HON-HON-P-0453-C2-VV	HON-HON-P-0453	HON-P-006	honorificity	HON-P	C2	3	0.3333	age-based	literary	Ravi greeted the temple priest in the hall.	I studied you near the temple.	prior_sentence	VV	தங்களை பயின்றேன்.	taṅkaḷai payiṉṟēṉ.	[0, 6]	தங்களை	உன்னை பயின்றேன்.|உங்களை பயின்றேன்.	பயில்	SG	False	False	False	public	NATIVE-CHECK-CHECKER-1|NATIVE-CHECK-HON-1|NATIVE-CHECK-HON-5
HON-HON-P-0453-C3-024	HON-HON-P-0453	HON-P-006	honorificity	HON-P	C3	3	0.3333	age-based	literary	The morning light fell across the empty hall.	I studied you near the temple.	absent				[]		உன்னை பயின்றேன்.|உங்களை பயின்றேன்.|தங்களை பயின்றேன்.	பயில்	SG	False	True	False	public	NATIVE-CHECK-HON-1|NATIVE-CHECK-HON-5
HON-HON-P-0453-C3-052	HON-HON-P-0453	HON-P-006	honorificity	HON-P	C3	3	0.3333	age-based	literary	The morning light fell across the empty hall.	I studied you near the temple.	absent				[]		உன்னை பயின்றேன்.|உங்களை பயின்றேன்.|தங்களை பயின்றேன்.	பயில்	SG	False	True	False	public	NATIVE-CHECK-HON-1|NATIVE-CHECK-HON-5
HON-HON-P-0454-C1-T	HON-HON-P-0454	HON-P-006	honorificity	HON-P	C1	3	0.3333	age-based	literary		Ravi, I washed you near the temple.	in_sentence	T	உன்னை கழுவினேன்.	uṉṉai kaḻuviṉēṉ.	[0, 5]	உன்னை	உங்களை கழுவினேன்.|தங்களை கழுவினேன்.	கழுவு	SG	False	True	False	public	NATIVE-CHECK-HON-1|NATIVE-CHECK-HON-5
HON-HON-P-0454-C1-V	HON-HON-P-0454	HON-P-006	honorificity	HON-P	C1	3	0.3333	age-based	literary		Teacher, I washed you near the temple.	in_sentence	V	உங்களை கழுவினேன்.	uṅkaḷai kaḻuviṉēṉ.	[0, 6]	உங்களை	உன்னை கழுவினேன்.|தங்களை கழுவினேன்.	கழுவு	SG	False	True	False	public	NATIVE-CHECK-HON-1|NATIVE-CHECK-HON-5
HON-HON-P-0454-C1-VV	HON-HON-P-0454	HON-P-006	honorificity	HON-P	C1	3	0.3333	age-based	literary		Respected Sir, I washed you near the temple.	in_sentence	VV	தங்களை கழுவினேன்.	taṅkaḷai kaḻuviṉēṉ.	[0, 6]	தங்களை	உன்னை கழுவினேன்.|உங்களை கழுவினேன்.	கழுவு	SG	False	False	False	public	NATIVE-CHECK-CHECKER-1|NATIVE-CHECK-HON-1|NATIVE-CHECK-HON-5
HON-HON-P-0454-C2-T	HON-HON-P-0454	HON-P-006	honorificity	HON-P	C2	3	0.3333	age-based	literary	The clerk had been waiting for the new trainee.	I washed you near the temple.	prior_sentence	T	உன்னை கழுவினேன்.	uṉṉai kaḻuviṉēṉ.	[0, 5]	உன்னை	உங்களை கழுவினேன்.|தங்களை கழுவினேன்.	கழுவு	SG	False	True	False	public	NATIVE-CHECK-HON-1|NATIVE-CHECK-HON-5
HON-HON-P-0454-C2-V	HON-HON-P-0454	HON-P-006	honorificity	HON-P	C2	3	0.3333	age-based	literary	The clerk had been waiting for the head teacher.	I washed you near the temple.	prior_sentence	V	உங்களை கழுவினேன்.	uṅkaḷai kaḻuviṉēṉ.	[0, 6]	உங்களை	உன்னை கழுவினேன்.|தங்களை கழுவினேன்.	கழுவு	SG	False	True	False	public	NATIVE-CHECK-HON-1|NATIVE-CHECK-HON-5
HON-HON-P-0454-C2-VV	HON-HON-P-0454	HON-P-006	honorificity	HON-P	C2	3	0.3333	age-based	literary	The clerk had been waiting for the district judge.	I washed you near the temple.	prior_sentence	VV	தங்களை கழுவினேன்.	taṅkaḷai kaḻuviṉēṉ.	[0, 6]	தங்களை	உன்னை கழுவினேன்.|உங்களை கழுவினேன்.	கழுவு	SG	False	False	False	public	NATIVE-CHECK-CHECKER-1|NATIVE-CHECK-HON-1|NATIVE-CHECK-HON-5
HON-HON-P-0454-C3-025	HON-HON-P-0454	HON-P-006	honorificity	HON-P	C3	3	0.3333	age-based	literary	The office had been quiet since the early morning.	I washed you near the temple.	absent				[]		உன்னை கழுவினேன்.|உங்களை கழுவினேன்.|தங்களை கழுவினேன்.	கழுவு	SG	False	True	False	public	NATIVE-CHECK-HON-1|NATIVE-CHECK-HON-5
HON-HON-P-0454-C3-053	HON-HON-P-0454	HON-P-006	honorificity	HON-P	C3	3	0.3333	age-based	literary	The office had been quiet since the early morning.	I washed you near the temple.	absent				[]		உன்னை கழுவினேன்.|உங்களை கழுவினேன்.|தங்களை கழுவினேன்.	கழுவு	SG	False	True	False	public	NATIVE-CHECK-HON-1|NATIVE-CHECK-HON-5
HON-HON-P-0455-C1-T	HON-HON-P-0455	HON-P-006	honorificity	HON-P	C1	3	0.3333	age-based	literary		Selvan, I wiped you near the temple.	in_sentence	T	உன்னை துடைத்தேன்.	uṉṉai tuṭaittēṉ.	[0, 5]	உன்னை	உங்களை துடைத்தேன்.|தங்களை துடைத்தேன்.	துடை	SG	False	True	False	public	NATIVE-CHECK-HON-1|NATIVE-CHECK-HON-5
HON-HON-P-0455-C1-V	HON-HON-P-0455	HON-P-006	honorificity	HON-P	C1	3	0.3333	age-based	literary		Uncle, I wiped you near the temple.	in_sentence	V	உங்களை துடைத்தேன்.	uṅkaḷai tuṭaittēṉ.	[0, 6]	உங்களை	உன்னை துடைத்தேன்.|தங்களை துடைத்தேன்.	துடை	SG	False	True	False	public	NATIVE-CHECK-HON-1|NATIVE-CHECK-HON-5
HON-HON-P-0455-C1-VV	HON-HON-P-0455	HON-P-006	honorificity	HON-P	C1	3	0.3333	age-based	literary		Honoured Elder, I wiped you near the temple.	in_sentence	VV	தங்களை துடைத்தேன்.	taṅkaḷai tuṭaittēṉ.	[0, 6]	தங்களை	உன்னை துடைத்தேன்.|உங்களை துடைத்தேன்.	துடை	SG	False	False	False	public	NATIVE-CHECK-CHECKER-1|NATIVE-CHECK-HON-1|NATIVE-CHECK-HON-5
HON-HON-P-0455-C2-T	HON-HON-P-0455	HON-P-006	honorificity	HON-P	C2	3	0.3333	age-based	literary	Her little cousin arrived just before the meal.	I wiped you near the temple.	prior_sentence	T	உன்னை துடைத்தேன்.	uṉṉai tuṭaittēṉ.	[0, 5]	உன்னை	உங்களை துடைத்தேன்.|தங்களை துடைத்தேன்.	துடை	SG	False	True	False	public	NATIVE-CHECK-HON-1|NATIVE-CHECK-HON-5
HON-HON-P-0455-C2-V	HON-HON-P-0455	HON-P-006	honorificity	HON-P	C2	3	0.3333	age-based	literary	Her elderly father arrived just before the meal.	I wiped you near the temple.	prior_sentence	V	உங்களை துடைத்தேன்.	uṅkaḷai tuṭaittēṉ.	[0, 6]	உங்களை	உன்னை துடைத்தேன்.|தங்களை துடைத்தேன்.	துடை	SG	False	True	False	public	NATIVE-CHECK-HON-1|NATIVE-CHECK-HON-5
HON-HON-P-0455-C2-VV	HON-HON-P-0455	HON-P-006	honorificity	HON-P	C2	3	0.3333	age-based	literary	Her family's guru arrived just before the meal.	I wiped you near the temple.	prior_sentence	VV	தங்களை துடைத்தேன்.	taṅkaḷai tuṭaittēṉ.	[0, 6]	தங்களை	உன்னை துடைத்தேன்.|உங்களை துடைத்தேன்.	துடை	SG	False	False	False	public	NATIVE-CHECK-CHECKER-1|NATIVE-CHECK-HON-1|NATIVE-CHECK-HON-5
HON-HON-P-0455-C3-026	HON-HON-P-0455	HON-P-006	honorificity	HON-P	C3	3	0.3333	age-based	literary	A slow rain started just before the evening meal.	I wiped you near the temple.	absent				[]		உன்னை துடைத்தேன்.|உங்களை துடைத்தேன்.|தங்களை துடைத்தேன்.	துடை	SG	False	True	False	public	NATIVE-CHECK-HON-1|NATIVE-CHECK-HON-5
HON-HON-P-0455-C3-054	HON-HON-P-0455	HON-P-006	honorificity	HON-P	C3	3	0.3333	age-based	literary	A slow rain started just before the evening meal.	I wiped you near the temple.	absent				[]		உன்னை துடைத்தேன்.|உங்களை துடைத்தேன்.|தங்களை துடைத்தேன்.	துடை	SG	False	True	False	public	NATIVE-CHECK-HON-1|NATIVE-CHECK-HON-5
HON-HON-P-0456-C1-T	HON-HON-P-0456	HON-P-006	honorificity	HON-P	C1	3	0.3333	age-based	literary		Arun, I trusted you near the temple.	in_sentence	T	உன்னை நம்பினேன்.	uṉṉai nampiṉēṉ.	[0, 5]	உன்னை	உங்களை நம்பினேன்.|தங்களை நம்பினேன்.	நம்பு	SG	False	True	False	public	NATIVE-CHECK-HON-1|NATIVE-CHECK-HON-5
HON-HON-P-0456-C1-V	HON-HON-P-0456	HON-P-006	honorificity	HON-P	C1	3	0.3333	age-based	literary		Doctor, I trusted you near the temple.	in_sentence	V	உங்களை நம்பினேன்.	uṅkaḷai nampiṉēṉ.	[0, 6]	உங்களை	உன்னை நம்பினேன்.|தங்களை நம்பினேன்.	நம்பு	SG	False	True	False	public	NATIVE-CHECK-HON-1|NATIVE-CHECK-HON-5
HON-HON-P-0456-C1-VV	HON-HON-P-0456	HON-P-006	honorificity	HON-P	C1	3	0.3333	age-based	literary		Revered Teacher, I trusted you near the temple.	in_sentence	VV	தங்களை நம்பினேன்.	taṅkaḷai nampiṉēṉ.	[0, 6]	தங்களை	உன்னை நம்பினேன்.|உங்களை நம்பினேன்.	நம்பு	SG	False	False	False	public	NATIVE-CHECK-CHECKER-1|NATIVE-CHECK-HON-1|NATIVE-CHECK-HON-5
HON-HON-P-0456-C2-T	HON-HON-P-0456	HON-P-006	honorificity	HON-P	C2	3	0.3333	age-based	literary	A boy from the next street stopped at the gate.	I trusted you near the temple.	prior_sentence	T	உன்னை நம்பினேன்.	uṉṉai nampiṉēṉ.	[0, 5]	உன்னை	உங்களை நம்பினேன்.|தங்களை நம்பினேன்.	நம்பு	SG	False	True	False	public	NATIVE-CHECK-HON-1|NATIVE-CHECK-HON-5
HON-HON-P-0456-C2-V	HON-HON-P-0456	HON-P-006	honorificity	HON-P	C2	3	0.3333	age-based	literary	An older neighbour from the street stopped at the gate.	I trusted you near the temple.	prior_sentence	V	உங்களை நம்பினேன்.	uṅkaḷai nampiṉēṉ.	[0, 6]	உங்களை	உன்னை நம்பினேன்.|தங்களை நம்பினேன்.	நம்பு	SG	False	True	False	public	NATIVE-CHECK-HON-1|NATIVE-CHECK-HON-5
HON-HON-P-0456-C2-VV	HON-HON-P-0456	HON-P-006	honorificity	HON-P	C2	3	0.3333	age-based	literary	The visiting minister from the capital stopped at the gate.	I trusted you near the temple.	prior_sentence	VV	தங்களை நம்பினேன்.	taṅkaḷai nampiṉēṉ.	[0, 6]	தங்களை	உன்னை நம்பினேன்.|உங்களை நம்பினேன்.	நம்பு	SG	False	False	False	public	NATIVE-CHECK-CHECKER-1|NATIVE-CHECK-HON-1|NATIVE-CHECK-HON-5
HON-HON-P-0456-C3-027	HON-HON-P-0456	HON-P-006	honorificity	HON-P	C3	3	0.3333	age-based	literary	A cold wind reached as far as the gate.	I trusted you near the temple.	absent				[]		உன்னை நம்பினேன்.|உங்களை நம்பினேன்.|தங்களை நம்பினேன்.	நம்பு	SG	False	True	False	public	NATIVE-CHECK-HON-1|NATIVE-CHECK-HON-5
HON-HON-P-0456-C3-055	HON-HON-P-0456	HON-P-006	honorificity	HON-P	C3	3	0.3333	age-based	literary	A cold wind reached as far as the gate.	I trusted you near the temple.	absent				[]		உன்னை நம்பினேன்.|உங்களை நம்பினேன்.|தங்களை நம்பினேன்.	நம்பு	SG	False	True	False	public	NATIVE-CHECK-HON-1|NATIVE-CHECK-HON-5
HON-HON-V-0457-C1-T	HON-HON-V-0457	HON-V-001	honorificity	HON-V	C1	2	0.5000	age-based	literary		Vasu, you cried yesterday.	in_sentence	T	அழுதாய்.	aḻutāy.	[4, 7]	ாய்	அழுதீர்கள்.	அழு	SG	False	True	False	public	
HON-HON-V-0457-C1-V	HON-HON-V-0457	HON-V-001	honorificity	HON-V	C1	2	0.5000	age-based	literary		Aunt, you cried yesterday.	in_sentence	V	அழுதீர்கள்.	aḻutīrkaḷ.	[4, 10]	ீர்கள்	அழுதாய்.	அழு	SG	False	True	False	public	
HON-HON-V-0457-C2-T	HON-HON-V-0457	HON-V-001	honorificity	HON-V	C2	2	0.5000	age-based	literary	The child sat down opposite the counter.	You cried yesterday.	prior_sentence	T	அழுதாய்.	aḻutāy.	[4, 7]	ாய்	அழுதீர்கள்.	அழு	SG	False	True	False	public	
HON-HON-V-0457-C2-V	HON-HON-V-0457	HON-V-001	honorificity	HON-V	C2	2	0.5000	age-based	literary	The old man sat down opposite the counter.	You cried yesterday.	prior_sentence	V	அழுதீர்கள்.	aḻutīrkaḷ.	[4, 10]	ீர்கள்	அழுதாய்.	அழு	SG	False	True	False	public	
HON-HON-V-0457-C3-000	HON-HON-V-0457	HON-V-001	honorificity	HON-V	C3	2	0.5000	age-based	literary	The lamp burned steadily beside the wooden counter.	You cried yesterday.	absent				[]		அழுதாய்.|அழுதீர்கள்.	அழு	SG	False	True	False	public	
HON-HON-V-0457-C3-066	HON-HON-V-0457	HON-V-001	honorificity	HON-V	C3	2	0.5000	age-based	literary	The lamp burned steadily beside the wooden counter.	You cried yesterday.	absent				[]		அழுதாய்.|அழுதீர்கள்.	அழு	SG	False	True	False	public	
HON-HON-V-0458-C1-T	HON-HON-V-0458	HON-V-001	honorificity	HON-V	C1	2	0.5000	age-based	literary		Mani, you laughed yesterday.	in_sentence	T	சிரித்தாய்.	cirittāy.	[7, 10]	ாய்	சிரித்தீர்கள்.	சிரி	SG	False	True	False	public	
HON-HON-V-0458-C1-V	HON-HON-V-0458	HON-V-001	honorificity	HON-V	C1	2	0.5000	age-based	literary		Father, you laughed yesterday.	in_sentence	V	சிரித்தீர்கள்.	cirittīrkaḷ.	[7, 13]	ீர்கள்	சிரித்தாய்.	சிரி	SG	False	True	False	public	
HON-HON-V-0458-C2-T	HON-HON-V-0458	HON-V-001	honorificity	HON-V	C2	2	0.5000	age-based	literary	My junior colleague came into the room.	You laughed yesterday.	prior_sentence	T	சிரித்தாய்.	cirittāy.	[7, 10]	ாய்	சிரித்தீர்கள்.	சிரி	SG	False	True	False	public	
HON-HON-V-0458-C2-V	HON-HON-V-0458	HON-V-001	honorificity	HON-V	C2	2	0.5000	age-based	literary	My senior colleague came into the room.	You laughed yesterday.	prior_sentence	V	சிரித்தீர்கள்.	cirittīrkaḷ.	[7, 13]	ீர்கள்	சிரித்தாய்.	சிரி	SG	False	True	False	public	
HON-HON-V-0458-C3-001	HON-HON-V-0458	HON-V-001	honorificity	HON-V	C3	2	0.5000	age-based	literary	The fan turned above the empty room.	You laughed yesterday.	absent				[]		சிரித்தாய்.|சிரித்தீர்கள்.	சிரி	SG	False	True	False	public	
HON-HON-V-0458-C3-067	HON-HON-V-0458	HON-V-001	honorificity	HON-V	C3	2	0.5000	age-based	literary	The fan turned above the empty room.	You laughed yesterday.	absent				[]		சிரித்தாய்.|சிரித்தீர்கள்.	சிரி	SG	False	True	False	public	
HON-HON-V-0459-C1-T	HON-HON-V-0459	HON-V-001	honorificity	HON-V	C1	2	0.5000	age-based	literary		Kumar, you flew yesterday.	in_sentence	T	பறந்தாய்.	paṟantāy.	[5, 8]	ாய்	பறந்தீர்கள்.	பற	SG	False	True	False	public	
HON-HON-V-0459-C1-V	HON-HON-V-0459	HON-V-001	honorificity	HON-V	C1	2	0.5000	age-based	literary		Grandfather, you flew yesterday.	in_sentence	V	பறந்தீர்கள்.	paṟantīrkaḷ.	[5, 11]	ீர்கள்	பறந்தாய்.	பற	SG	False	True	False	public	
HON-HON-V-0459-C2-T	HON-HON-V-0459	HON-V-001	honorificity	HON-V	C2	2	0.5000	age-based	literary	The youngest nephew was standing by the door.	You flew yesterday.	prior_sentence	T	பறந்தாய்.	paṟantāy.	[5, 8]	ாய்	பறந்தீர்கள்.	பற	SG	False	True	False	public	
HON-HON-V-0459-C2-V	HON-HON-V-0459	HON-V-001	honorificity	HON-V	C2	2	0.5000	age-based	literary	The eldest uncle was standing by the door.	You flew yesterday.	prior_sentence	V	பறந்தீர்கள்.	paṟantīrkaḷ.	[5, 11]	ீர்கள்	பறந்தாய்.	பற	SG	False	True	False	public	
HON-HON-V-0459-C3-002	HON-HON-V-0459	HON-V-001	honorificity	HON-V	C3	2	0.5000	age-based	literary	Sandals had been left beside the front door.	You flew yesterday.	absent				[]		பறந்தாய்.|பறந்தீர்கள்.	பற	SG	False	True	False	public	
HON-HON-V-0459-C3-068	HON-HON-V-0459	HON-V-001	honorificity	HON-V	C3	2	0.5000	age-based	literary	Sandals had been left beside the front door.	You flew yesterday.	absent				[]		பறந்தாய்.|பறந்தீர்கள்.	பற	SG	False	True	False	public	
HON-HON-V-0460-C1-T	HON-HON-V-0460	HON-V-001	honorificity	HON-V	C1	2	0.5000	age-based	literary		Ravi, you swam yesterday.	in_sentence	T	நீந்தினாய்.	nīntiṉāy.	[7, 10]	ாய்	நீந்தினீர்கள்.	நீந்து	SG	False	True	False	public	
HON-HON-V-0460-C1-V	HON-HON-V-0460	HON-V-001	honorificity	HON-V	C1	2	0.5000	age-based	literary		Teacher, you swam yesterday.	in_sentence	V	நீந்தினீர்கள்.	nīntiṉīrkaḷ.	[7, 13]	ீர்கள்	நீந்தினாய்.	நீந்து	SG	False	True	False	public	
HON-HON-V-0460-C2-T	HON-HON-V-0460	HON-V-001	honorificity	HON-V	C2	2	0.5000	age-based	literary	A young apprentice knocked twice and waited.	You swam yesterday.	prior_sentence	T	நீந்தினாய்.	nīntiṉāy.	[7, 10]	ாய்	நீந்தினீர்கள்.	நீந்து	SG	False	True	False	public	
HON-HON-V-0460-C2-V	HON-HON-V-0460	HON-V-001	honorificity	HON-V	C2	2	0.5000	age-based	literary	An elderly customer knocked twice and waited.	You swam yesterday.	prior_sentence	V	நீந்தினீர்கள்.	nīntiṉīrkaḷ.	[7, 13]	ீர்கள்	நீந்தினாய்.	நீந்து	SG	False	True	False	public	
HON-HON-V-0460-C3-003	HON-HON-V-0460	HON-V-001	honorificity	HON-V	C3	2	0.5000	age-based	literary	A shutter banged twice somewhere along the corridor.	You swam yesterday.	absent				[]		நீந்தினாய்.|நீந்தினீர்கள்.	நீந்து	SG	False	True	False	public	
HON-HON-V-0460-C3-069	HON-HON-V-0460	HON-V-001	honorificity	HON-V	C3	2	0.5000	age-based	literary	A shutter banged twice somewhere along the corridor.	You swam yesterday.	absent				[]		நீந்தினாய்.|நீந்தினீர்கள்.	நீந்து	SG	False	True	False	public	
HON-HON-V-0461-C1-T	HON-HON-V-0461	HON-V-001	honorificity	HON-V	C1	2	0.5000	age-based	literary		Selvan, you spoke yesterday.	in_sentence	T	பேசினாய்.	pēciṉāy.	[5, 8]	ாய்	பேசினீர்கள்.	பேசு	SG	False	True	False	public	
HON-HON-V-0461-C1-V	HON-HON-V-0461	HON-V-001	honorificity	HON-V	C1	2	0.5000	age-based	literary		Uncle, you spoke yesterday.	in_sentence	V	பேசினீர்கள்.	pēciṉīrkaḷ.	[5, 11]	ீர்கள்	பேசினாய்.	பேசு	SG	False	True	False	public	
HON-HON-V-0461-C2-T	HON-HON-V-0461	HON-V-001	honorificity	HON-V	C2	2	0.5000	age-based	literary	Ravi greeted his younger brother in the hall.	You spoke yesterday.	prior_sentence	T	பேசினாய்.	pēciṉāy.	[5, 8]	ாய்	பேசினீர்கள்.	பேசு	SG	False	True	False	public	
HON-HON-V-0461-C2-V	HON-HON-V-0461	HON-V-001	honorificity	HON-V	C2	2	0.5000	age-based	literary	Ravi greeted his grandfather in the hall.	You spoke yesterday.	prior_sentence	V	பேசினீர்கள்.	pēciṉīrkaḷ.	[5, 11]	ீர்கள்	பேசினாய்.	பேசு	SG	False	True	False	public	
HON-HON-V-0461-C3-004	HON-HON-V-0461	HON-V-001	honorificity	HON-V	C3	2	0.5000	age-based	literary	The morning light fell across the empty hall.	You spoke yesterday.	absent				[]		பேசினாய்.|பேசினீர்கள்.	பேசு	SG	False	True	False	public	
HON-HON-V-0461-C3-070	HON-HON-V-0461	HON-V-001	honorificity	HON-V	C3	2	0.5000	age-based	literary	The morning light fell across the empty hall.	You spoke yesterday.	absent				[]		பேசினாய்.|பேசினீர்கள்.	பேசு	SG	False	True	False	public	
HON-HON-V-0462-C1-T	HON-HON-V-0462	HON-V-001	honorificity	HON-V	C1	2	0.5000	age-based	literary		Arun, you rose yesterday.	in_sentence	T	எழுந்தாய்.	eḻuntāy.	[6, 9]	ாய்	எழுந்தீர்கள்.	எழு	SG	False	True	False	public	
HON-HON-V-0462-C1-V	HON-HON-V-0462	HON-V-001	honorificity	HON-V	C1	2	0.5000	age-based	literary		Doctor, you rose yesterday.	in_sentence	V	எழுந்தீர்கள்.	eḻuntīrkaḷ.	[6, 12]	ீர்கள்	எழுந்தாய்.	எழு	SG	False	True	False	public	
HON-HON-V-0462-C2-T	HON-HON-V-0462	HON-V-001	honorificity	HON-V	C2	2	0.5000	age-based	literary	The clerk had been waiting for the new trainee.	You rose yesterday.	prior_sentence	T	எழுந்தாய்.	eḻuntāy.	[6, 9]	ாய்	எழுந்தீர்கள்.	எழு	SG	False	True	False	public	
HON-HON-V-0462-C2-V	HON-HON-V-0462	HON-V-001	honorificity	HON-V	C2	2	0.5000	age-based	literary	The clerk had been waiting for the head teacher.	You rose yesterday.	prior_sentence	V	எழுந்தீர்கள்.	eḻuntīrkaḷ.	[6, 12]	ீர்கள்	எழுந்தாய்.	எழு	SG	False	True	False	public	
HON-HON-V-0462-C3-005	HON-HON-V-0462	HON-V-001	honorificity	HON-V	C3	2	0.5000	age-based	literary	The office had been quiet since the early morning.	You rose yesterday.	absent				[]		எழுந்தாய்.|எழுந்தீர்கள்.	எழு	SG	False	True	False	public	
HON-HON-V-0462-C3-071	HON-HON-V-0462	HON-V-001	honorificity	HON-V	C3	2	0.5000	age-based	literary	The office had been quiet since the early morning.	You rose yesterday.	absent				[]		எழுந்தாய்.|எழுந்தீர்கள்.	எழு	SG	False	True	False	public	
HON-HON-V-0463-C1-T	HON-HON-V-0463	HON-V-001	honorificity	HON-V	C1	2	0.5000	age-based	literary		Vasu, you sat yesterday.	in_sentence	T	உட்கார்ந்தாய்.	uṭkārntāy.	[10, 13]	ாய்	உட்கார்ந்தீர்கள்.	உட்கார்	SG	False	True	False	public	
HON-HON-V-0463-C1-V	HON-HON-V-0463	HON-V-001	honorificity	HON-V	C1	2	0.5000	age-based	literary		Aunt, you sat yesterday.	in_sentence	V	உட்கார்ந்தீர்கள்.	uṭkārntīrkaḷ.	[10, 16]	ீர்கள்	உட்கார்ந்தாய்.	உட்கார்	SG	False	True	False	public	
HON-HON-V-0463-C2-T	HON-HON-V-0463	HON-V-001	honorificity	HON-V	C2	2	0.5000	age-based	literary	Her little cousin arrived just before the meal.	You sat yesterday.	prior_sentence	T	உட்கார்ந்தாய்.	uṭkārntāy.	[10, 13]	ாய்	உட்கார்ந்தீர்கள்.	உட்கார்	SG	False	True	False	public	
HON-HON-V-0463-C2-V	HON-HON-V-0463	HON-V-001	honorificity	HON-V	C2	2	0.5000	age-based	literary	Her elderly father arrived just before the meal.	You sat yesterday.	prior_sentence	V	உட்கார்ந்தீர்கள்.	uṭkārntīrkaḷ.	[10, 16]	ீர்கள்	உட்கார்ந்தாய்.	உட்கார்	SG	False	True	False	public	
HON-HON-V-0463-C3-006	HON-HON-V-0463	HON-V-001	honorificity	HON-V	C3	2	0.5000	age-based	literary	A slow rain started just before the evening meal.	You sat yesterday.	absent				[]		உட்கார்ந்தாய்.|உட்கார்ந்தீர்கள்.	உட்கார்	SG	False	True	False	public	
HON-HON-V-0463-C3-072	HON-HON-V-0463	HON-V-001	honorificity	HON-V	C3	2	0.5000	age-based	literary	A slow rain started just before the evening meal.	You sat yesterday.	absent				[]		உட்கார்ந்தாய்.|உட்கார்ந்தீர்கள்.	உட்கார்	SG	False	True	False	public	
HON-HON-V-0464-C1-T	HON-HON-V-0464	HON-V-001	honorificity	HON-V	C1	2	0.5000	age-based	literary		Mani, you climbed yesterday.	in_sentence	T	ஏறினாய்.	ēṟiṉāy.	[4, 7]	ாய்	ஏறினீர்கள்.	ஏறு	SG	False	True	False	public	
HON-HON-V-0464-C1-V	HON-HON-V-0464	HON-V-001	honorificity	HON-V	C1	2	0.5000	age-based	literary		Father, you climbed yesterday.	in_sentence	V	ஏறினீர்கள்.	ēṟiṉīrkaḷ.	[4, 10]	ீர்கள்	ஏறினாய்.	ஏறு	SG	False	True	False	public	
HON-HON-V-0464-C2-T	HON-HON-V-0464	HON-V-001	honorificity	HON-V	C2	2	0.5000	age-based	literary	A boy from the next street stopped at the gate.	You climbed yesterday.	prior_sentence	T	ஏறினாய்.	ēṟiṉāy.	[4, 7]	ாய்	ஏறினீர்கள்.	ஏறு	SG	False	True	False	public	
HON-HON-V-0464-C2-V	HON-HON-V-0464	HON-V-001	honorificity	HON-V	C2	2	0.5000	age-based	literary	An older neighbour from the street stopped at the gate.	You climbed yesterday.	prior_sentence	V	ஏறினீர்கள்.	ēṟiṉīrkaḷ.	[4, 10]	ீர்கள்	ஏறினாய்.	ஏறு	SG	False	True	False	public	
HON-HON-V-0464-C3-007	HON-HON-V-0464	HON-V-001	honorificity	HON-V	C3	2	0.5000	age-based	literary	A cold wind reached as far as the gate.	You climbed yesterday.	absent				[]		ஏறினாய்.|ஏறினீர்கள்.	ஏறு	SG	False	True	False	public	
HON-HON-V-0464-C3-073	HON-HON-V-0464	HON-V-001	honorificity	HON-V	C3	2	0.5000	age-based	literary	A cold wind reached as far as the gate.	You climbed yesterday.	absent				[]		ஏறினாய்.|ஏறினீர்கள்.	ஏறு	SG	False	True	False	public	
HON-HON-V-0481-C1-T	HON-HON-V-0481	HON-V-004	honorificity	HON-V	C1	2	0.5000	stranger-deference	literary		Vasu, you sat at the gate.	in_sentence	T	உட்கார்ந்தாய்.	uṭkārntāy.	[10, 13]	ாய்	உட்கார்ந்தீர்கள்.	உட்கார்	SG	False	True	False	public	
HON-HON-V-0481-C1-V	HON-HON-V-0481	HON-V-004	honorificity	HON-V	C1	2	0.5000	stranger-deference	literary		Aunt, you sat at the gate.	in_sentence	V	உட்கார்ந்தீர்கள்.	uṭkārntīrkaḷ.	[10, 16]	ீர்கள்	உட்கார்ந்தாய்.	உட்கார்	SG	False	True	False	public	
HON-HON-V-0481-C2-T	HON-HON-V-0481	HON-V-004	honorificity	HON-V	C2	2	0.5000	stranger-deference	literary	The child sat down opposite the counter.	You sat at the gate.	prior_sentence	T	உட்கார்ந்தாய்.	uṭkārntāy.	[10, 13]	ாய்	உட்கார்ந்தீர்கள்.	உட்கார்	SG	False	True	False	public	
HON-HON-V-0481-C2-V	HON-HON-V-0481	HON-V-004	honorificity	HON-V	C2	2	0.5000	stranger-deference	literary	The old man sat down opposite the counter.	You sat at the gate.	prior_sentence	V	உட்கார்ந்தீர்கள்.	uṭkārntīrkaḷ.	[10, 16]	ீர்கள்	உட்கார்ந்தாய்.	உட்கார்	SG	False	True	False	public	
HON-HON-V-0481-C3-024	HON-HON-V-0481	HON-V-004	honorificity	HON-V	C3	2	0.5000	stranger-deference	literary	The lamp burned steadily beside the wooden counter.	You sat at the gate.	absent				[]		உட்கார்ந்தாய்.|உட்கார்ந்தீர்கள்.	உட்கார்	SG	False	True	False	public	
HON-HON-V-0482-C1-T	HON-HON-V-0482	HON-V-004	honorificity	HON-V	C1	2	0.5000	stranger-deference	literary		Mani, you climbed at the gate.	in_sentence	T	ஏறினாய்.	ēṟiṉāy.	[4, 7]	ாய்	ஏறினீர்கள்.	ஏறு	SG	False	True	False	public	
HON-HON-V-0482-C1-V	HON-HON-V-0482	HON-V-004	honorificity	HON-V	C1	2	0.5000	stranger-deference	literary		Father, you climbed at the gate.	in_sentence	V	ஏறினீர்கள்.	ēṟiṉīrkaḷ.	[4, 10]	ீர்கள்	ஏறினாய்.	ஏறு	SG	False	True	False	public	
HON-HON-V-0482-C2-T	HON-HON-V-0482	HON-V-004	honorificity	HON-V	C2	2	0.5000	stranger-deference	literary	My junior colleague came into the room.	You climbed at the gate.	prior_sentence	T	ஏறினாய்.	ēṟiṉāy.	[4, 7]	ாய்	ஏறினீர்கள்.	ஏறு	SG	False	True	False	public	
HON-HON-V-0482-C2-V	HON-HON-V-0482	HON-V-004	honorificity	HON-V	C2	2	0.5000	stranger-deference	literary	My senior colleague came into the room.	You climbed at the gate.	prior_sentence	V	ஏறினீர்கள்.	ēṟiṉīrkaḷ.	[4, 10]	ீர்கள்	ஏறினாய்.	ஏறு	SG	False	True	False	public	
HON-HON-V-0482-C3-025	HON-HON-V-0482	HON-V-004	honorificity	HON-V	C3	2	0.5000	stranger-deference	literary	The fan turned above the empty room.	You climbed at the gate.	absent				[]		ஏறினாய்.|ஏறினீர்கள்.	ஏறு	SG	False	True	False	public	
HON-HON-V-0483-C1-T	HON-HON-V-0483	HON-V-004	honorificity	HON-V	C1	2	0.5000	stranger-deference	literary		Kumar, you descended at the gate.	in_sentence	T	இறங்கினாய்.	iṟaṅkiṉāy.	[7, 10]	ாய்	இறங்கினீர்கள்.	இறங்கு	SG	False	True	False	public	
HON-HON-V-0483-C1-V	HON-HON-V-0483	HON-V-004	honorificity	HON-V	C1	2	0.5000	stranger-deference	literary		Grandfather, you descended at the gate.	in_sentence	V	இறங்கினீர்கள்.	iṟaṅkiṉīrkaḷ.	[7, 13]	ீர்கள்	இறங்கினாய்.	இறங்கு	SG	False	True	False	public	
HON-HON-V-0483-C2-T	HON-HON-V-0483	HON-V-004	honorificity	HON-V	C2	2	0.5000	stranger-deference	literary	The youngest nephew was standing by the door.	You descended at the gate.	prior_sentence	T	இறங்கினாய்.	iṟaṅkiṉāy.	[7, 10]	ாய்	இறங்கினீர்கள்.	இறங்கு	SG	False	True	False	public	
HON-HON-V-0483-C2-V	HON-HON-V-0483	HON-V-004	honorificity	HON-V	C2	2	0.5000	stranger-deference	literary	The eldest uncle was standing by the door.	You descended at the gate.	prior_sentence	V	இறங்கினீர்கள்.	iṟaṅkiṉīrkaḷ.	[7, 13]	ீர்கள்	இறங்கினாய்.	இறங்கு	SG	False	True	False	public	
HON-HON-V-0483-C3-026	HON-HON-V-0483	HON-V-004	honorificity	HON-V	C3	2	0.5000	stranger-deference	literary	Sandals had been left beside the front door.	You descended at the gate.	absent				[]		இறங்கினாய்.|இறங்கினீர்கள்.	இறங்கு	SG	False	True	False	public	
HON-HON-V-0484-C1-T	HON-HON-V-0484	HON-V-004	honorificity	HON-V	C1	2	0.5000	stranger-deference	literary		Ravi, you went at the gate.	in_sentence	T	சென்றாய்.	ceṉṟāy.	[5, 8]	ாய்	சென்றீர்கள்.	செல்	SG	False	True	False	public	
HON-HON-V-0484-C1-V	HON-HON-V-0484	HON-V-004	honorificity	HON-V	C1	2	0.5000	stranger-deference	literary		Teacher, you went at the gate.	in_sentence	V	சென்றீர்கள்.	ceṉṟīrkaḷ.	[5, 11]	ீர்கள்	சென்றாய்.	செல்	SG	False	True	False	public	
HON-HON-V-0484-C2-T	HON-HON-V-0484	HON-V-004	honorificity	HON-V	C2	2	0.5000	stranger-deference	literary	A young apprentice knocked twice and waited.	You went at the gate.	prior_sentence	T	சென்றாய்.	ceṉṟāy.	[5, 8]	ாய்	சென்றீர்கள்.	செல்	SG	False	True	False	public	
HON-HON-V-0484-C2-V	HON-HON-V-0484	HON-V-004	honorificity	HON-V	C2	2	0.5000	stranger-deference	literary	An elderly customer knocked twice and waited.	You went at the gate.	prior_sentence	V	சென்றீர்கள்.	ceṉṟīrkaḷ.	[5, 11]	ீர்கள்	சென்றாய்.	செல்	SG	False	True	False	public	
HON-HON-V-0484-C3-027	HON-HON-V-0484	HON-V-004	honorificity	HON-V	C3	2	0.5000	stranger-deference	literary	A shutter banged twice somewhere along the corridor.	You went at the gate.	absent				[]		சென்றாய்.|சென்றீர்கள்.	செல்	SG	False	True	False	public	
HON-HON-V-0485-C1-T	HON-HON-V-0485	HON-V-004	honorificity	HON-V	C1	2	0.5000	stranger-deference	literary		Selvan, you moved at the gate.	in_sentence	T	நகர்ந்தாய்.	nakarntāy.	[7, 10]	ாய்	நகர்ந்தீர்கள்.	நகர்	SG	False	True	False	public	
HON-HON-V-0485-C1-V	HON-HON-V-0485	HON-V-004	honorificity	HON-V	C1	2	0.5000	stranger-deference	literary		Uncle, you moved at the gate.	in_sentence	V	நகர்ந்தீர்கள்.	nakarntīrkaḷ.	[7, 13]	ீர்கள்	நகர்ந்தாய்.	நகர்	SG	False	True	False	public	
HON-HON-V-0485-C2-T	HON-HON-V-0485	HON-V-004	honorificity	HON-V	C2	2	0.5000	stranger-deference	literary	Ravi greeted his younger brother in the hall.	You moved at the gate.	prior_sentence	T	நகர்ந்தாய்.	nakarntāy.	[7, 10]	ாய்	நகர்ந்தீர்கள்.	நகர்	SG	False	True	False	public	
HON-HON-V-0485-C2-V	HON-HON-V-0485	HON-V-004	honorificity	HON-V	C2	2	0.5000	stranger-deference	literary	Ravi greeted his grandfather in the hall.	You moved at the gate.	prior_sentence	V	நகர்ந்தீர்கள்.	nakarntīrkaḷ.	[7, 13]	ீர்கள்	நகர்ந்தாய்.	நகர்	SG	False	True	False	public	
HON-HON-V-0485-C3-028	HON-HON-V-0485	HON-V-004	honorificity	HON-V	C3	2	0.5000	stranger-deference	literary	The morning light fell across the empty hall.	You moved at the gate.	absent				[]		நகர்ந்தாய்.|நகர்ந்தீர்கள்.	நகர்	SG	False	True	False	public	
HON-HON-V-0486-C1-T	HON-HON-V-0486	HON-V-004	honorificity	HON-V	C1	2	0.5000	stranger-deference	literary		Arun, you jumped at the gate.	in_sentence	T	குதித்தாய்.	kutittāy.	[7, 10]	ாய்	குதித்தீர்கள்.	குதி	SG	False	True	False	public	
HON-HON-V-0486-C1-V	HON-HON-V-0486	HON-V-004	honorificity	HON-V	C1	2	0.5000	stranger-deference	literary		Doctor, you jumped at the gate.	in_sentence	V	குதித்தீர்கள்.	kutittīrkaḷ.	[7, 13]	ீர்கள்	குதித்தாய்.	குதி	SG	False	True	False	public	
HON-HON-V-0486-C2-T	HON-HON-V-0486	HON-V-004	honorificity	HON-V	C2	2	0.5000	stranger-deference	literary	The clerk had been waiting for the new trainee.	You jumped at the gate.	prior_sentence	T	குதித்தாய்.	kutittāy.	[7, 10]	ாய்	குதித்தீர்கள்.	குதி	SG	False	True	False	public	
HON-HON-V-0486-C2-V	HON-HON-V-0486	HON-V-004	honorificity	HON-V	C2	2	0.5000	stranger-deference	literary	The clerk had been waiting for the head teacher.	You jumped at the gate.	prior_sentence	V	குதித்தீர்கள்.	kutittīrkaḷ.	[7, 13]	ீர்கள்	குதித்தாய்.	குதி	SG	False	True	False	public	
HON-HON-V-0486-C3-029	HON-HON-V-0486	HON-V-004	honorificity	HON-V	C3	2	0.5000	stranger-deference	literary	The office had been quiet since the early morning.	You jumped at the gate.	absent				[]		குதித்தாய்.|குதித்தீர்கள்.	குதி	SG	False	True	False	public	
HON-HON-V-0487-C1-T	HON-HON-V-0487	HON-V-004	honorificity	HON-V	C1	2	0.5000	stranger-deference	literary		Vasu, you smiled at the gate.	in_sentence	T	நகைத்தாய்.	nakaittāy.	[6, 9]	ாய்	நகைத்தீர்கள்.	நகை	SG	False	True	False	public	
HON-HON-V-0487-C1-V	HON-HON-V-0487	HON-V-004	honorificity	HON-V	C1	2	0.5000	stranger-deference	literary		Aunt, you smiled at the gate.	in_sentence	V	நகைத்தீர்கள்.	nakaittīrkaḷ.	[6, 12]	ீர்கள்	நகைத்தாய்.	நகை	SG	False	True	False	public	
HON-HON-V-0487-C2-T	HON-HON-V-0487	HON-V-004	honorificity	HON-V	C2	2	0.5000	stranger-deference	literary	Her little cousin arrived just before the meal.	You smiled at the gate.	prior_sentence	T	நகைத்தாய்.	nakaittāy.	[6, 9]	ாய்	நகைத்தீர்கள்.	நகை	SG	False	True	False	public	
HON-HON-V-0487-C2-V	HON-HON-V-0487	HON-V-004	honorificity	HON-V	C2	2	0.5000	stranger-deference	literary	Her elderly father arrived just before the meal.	You smiled at the gate.	prior_sentence	V	நகைத்தீர்கள்.	nakaittīrkaḷ.	[6, 12]	ீர்கள்	நகைத்தாய்.	நகை	SG	False	True	False	public	
HON-HON-V-0487-C3-030	HON-HON-V-0487	HON-V-004	honorificity	HON-V	C3	2	0.5000	stranger-deference	literary	A slow rain started just before the evening meal.	You smiled at the gate.	absent				[]		நகைத்தாய்.|நகைத்தீர்கள்.	நகை	SG	False	True	False	public	
HON-HON-V-0488-C1-T	HON-HON-V-0488	HON-V-005	honorificity	HON-V	C1	2	0.5000	age-based	literary		Mani, you feared without telling anyone.	in_sentence	T	அஞ்சினாய்.	añciṉāy.	[6, 9]	ாய்	அஞ்சினீர்கள்.	அஞ்சு	SG	False	True	False	public	
HON-HON-V-0488-C1-V	HON-HON-V-0488	HON-V-005	honorificity	HON-V	C1	2	0.5000	age-based	literary		Father, you feared without telling anyone.	in_sentence	V	அஞ்சினீர்கள்.	añciṉīrkaḷ.	[6, 12]	ீர்கள்	அஞ்சினாய்.	அஞ்சு	SG	False	True	False	public	
HON-HON-V-0488-C2-T	HON-HON-V-0488	HON-V-005	honorificity	HON-V	C2	2	0.5000	age-based	literary	A boy from the next street stopped at the gate.	You feared without telling anyone.	prior_sentence	T	அஞ்சினாய்.	añciṉāy.	[6, 9]	ாய்	அஞ்சினீர்கள்.	அஞ்சு	SG	False	True	False	public	
HON-HON-V-0488-C2-V	HON-HON-V-0488	HON-V-005	honorificity	HON-V	C2	2	0.5000	age-based	literary	An older neighbour from the street stopped at the gate.	You feared without telling anyone.	prior_sentence	V	அஞ்சினீர்கள்.	añciṉīrkaḷ.	[6, 12]	ீர்கள்	அஞ்சினாய்.	அஞ்சு	SG	False	True	False	public	
HON-HON-V-0488-C3-031	HON-HON-V-0488	HON-V-005	honorificity	HON-V	C3	2	0.5000	age-based	literary	A cold wind reached as far as the gate.	You feared without telling anyone.	absent				[]		அஞ்சினாய்.|அஞ்சினீர்கள்.	அஞ்சு	SG	False	True	False	public	
HON-HON-V-0489-C1-T	HON-HON-V-0489	HON-V-005	honorificity	HON-V	C1	2	0.5000	age-based	literary		Kumar, you came without telling anyone.	in_sentence	T	வந்தாய்.	vantāy.	[4, 7]	ாய்	வந்தீர்கள்.	வா	SG	False	True	False	public	
HON-HON-V-0489-C1-V	HON-HON-V-0489	HON-V-005	honorificity	HON-V	C1	2	0.5000	age-based	literary		Grandfather, you came without telling anyone.	in_sentence	V	வந்தீர்கள்.	vantīrkaḷ.	[4, 10]	ீர்கள்	வந்தாய்.	வா	SG	False	True	False	public	
HON-HON-V-0489-C2-T	HON-HON-V-0489	HON-V-005	honorificity	HON-V	C2	2	0.5000	age-based	literary	The child sat down opposite the counter.	You came without telling anyone.	prior_sentence	T	வந்தாய்.	vantāy.	[4, 7]	ாய்	வந்தீர்கள்.	வா	SG	False	True	False	public	
HON-HON-V-0489-C2-V	HON-HON-V-0489	HON-V-005	honorificity	HON-V	C2	2	0.5000	age-based	literary	The old man sat down opposite the counter.	You came without telling anyone.	prior_sentence	V	வந்தீர்கள்.	vantīrkaḷ.	[4, 10]	ீர்கள்	வந்தாய்.	வா	SG	False	True	False	public	
HON-HON-V-0489-C3-032	HON-HON-V-0489	HON-V-005	honorificity	HON-V	C3	2	0.5000	age-based	literary	The lamp burned steadily beside the wooden counter.	You came without telling anyone.	absent				[]		வந்தாய்.|வந்தீர்கள்.	வா	SG	False	True	False	public	
HON-HON-V-0490-C1-T	HON-HON-V-0490	HON-V-005	honorificity	HON-V	C1	2	0.5000	age-based	literary		Ravi, you ran without telling anyone.	in_sentence	T	ஓடினாய்.	ōṭiṉāy.	[4, 7]	ாய்	ஓடினீர்கள்.	ஓடு	SG	False	True	False	public	
HON-HON-V-0490-C1-V	HON-HON-V-0490	HON-V-005	honorificity	HON-V	C1	2	0.5000	age-based	literary		Teacher, you ran without telling anyone.	in_sentence	V	ஓடினீர்கள்.	ōṭiṉīrkaḷ.	[4, 10]	ீர்கள்	ஓடினாய்.	ஓடு	SG	False	True	False	public	
HON-HON-V-0490-C2-T	HON-HON-V-0490	HON-V-005	honorificity	HON-V	C2	2	0.5000	age-based	literary	My junior colleague came into the room.	You ran without telling anyone.	prior_sentence	T	ஓடினாய்.	ōṭiṉāy.	[4, 7]	ாய்	ஓடினீர்கள்.	ஓடு	SG	False	True	False	public	
HON-HON-V-0490-C2-V	HON-HON-V-0490	HON-V-005	honorificity	HON-V	C2	2	0.5000	age-based	literary	My senior colleague came into the room.	You ran without telling anyone.	prior_sentence	V	ஓடினீர்கள்.	ōṭiṉīrkaḷ.	[4, 10]	ீர்கள்	ஓடினாய்.	ஓடு	SG	False	True	False	public	
HON-HON-V-0490-C3-033	HON-HON-V-0490	HON-V-005	honorificity	HON-V	C3	2	0.5000	age-based	literary	The fan turned above the empty room.	You ran without telling anyone.	absent				[]		ஓடினாய்.|ஓடினீர்கள்.	ஓடு	SG	False	True	False	public	
HON-HON-V-0491-C1-T	HON-HON-V-0491	HON-V-005	honorificity	HON-V	C1	2	0.5000	age-based	literary		Selvan, you walked without telling anyone.	in_sentence	T	நடந்தாய்.	naṭantāy.	[5, 8]	ாய்	நடந்தீர்கள்.	நட	SG	False	True	False	public	
HON-HON-V-0491-C1-V	HON-HON-V-0491	HON-V-005	honorificity	HON-V	C1	2	0.5000	age-based	literary		Uncle, you walked without telling anyone.	in_sentence	V	நடந்தீர்கள்.	naṭantīrkaḷ.	[5, 11]	ீர்கள்	நடந்தாய்.	நட	SG	False	True	False	public	
HON-HON-V-0491-C2-T	HON-HON-V-0491	HON-V-005	honorificity	HON-V	C2	2	0.5000	age-based	literary	The youngest nephew was standing by the door.	You walked without telling anyone.	prior_sentence	T	நடந்தாய்.	naṭantāy.	[5, 8]	ாய்	நடந்தீர்கள்.	நட	SG	False	True	False	public	
HON-HON-V-0491-C2-V	HON-HON-V-0491	HON-V-005	honorificity	HON-V	C2	2	0.5000	age-based	literary	The eldest uncle was standing by the door.	You walked without telling anyone.	prior_sentence	V	நடந்தீர்கள்.	naṭantīrkaḷ.	[5, 11]	ீர்கள்	நடந்தாய்.	நட	SG	False	True	False	public	
HON-HON-V-0491-C3-034	HON-HON-V-0491	HON-V-005	honorificity	HON-V	C3	2	0.5000	age-based	literary	Sandals had been left beside the front door.	You walked without telling anyone.	absent				[]		நடந்தாய்.|நடந்தீர்கள்.	நட	SG	False	True	False	public	
HON-HON-V-0492-C1-T	HON-HON-V-0492	HON-V-005	honorificity	HON-V	C1	2	0.5000	age-based	literary		Arun, you played without telling anyone.	in_sentence	T	விளையாடினாய்.	viḷaiyāṭiṉāy.	[9, 12]	ாய்	விளையாடினீர்கள்.	விளையாடு	SG	False	True	False	public	
HON-HON-V-0492-C1-V	HON-HON-V-0492	HON-V-005	honorificity	HON-V	C1	2	0.5000	age-based	literary		Doctor, you played without telling anyone.	in_sentence	V	விளையாடினீர்கள்.	viḷaiyāṭiṉīrkaḷ.	[9, 15]	ீர்கள்	விளையாடினாய்.	விளையாடு	SG	False	True	False	public	
HON-HON-V-0492-C2-T	HON-HON-V-0492	HON-V-005	honorificity	HON-V	C2	2	0.5000	age-based	literary	A young apprentice knocked twice and waited.	You played without telling anyone.	prior_sentence	T	விளையாடினாய்.	viḷaiyāṭiṉāy.	[9, 12]	ாய்	விளையாடினீர்கள்.	விளையாடு	SG	False	True	False	public	
HON-HON-V-0492-C2-V	HON-HON-V-0492	HON-V-005	honorificity	HON-V	C2	2	0.5000	age-based	literary	An elderly customer knocked twice and waited.	You played without telling anyone.	prior_sentence	V	விளையாடினீர்கள்.	viḷaiyāṭiṉīrkaḷ.	[9, 15]	ீர்கள்	விளையாடினாய்.	விளையாடு	SG	False	True	False	public	
HON-HON-V-0492-C3-035	HON-HON-V-0492	HON-V-005	honorificity	HON-V	C3	2	0.5000	age-based	literary	A shutter banged twice somewhere along the corridor.	You played without telling anyone.	absent				[]		விளையாடினாய்.|விளையாடினீர்கள்.	விளையாடு	SG	False	True	False	public	
HON-HON-V-0493-C1-T	HON-HON-V-0493	HON-V-005	honorificity	HON-V	C1	2	0.5000	age-based	literary		Vasu, you cried without telling anyone.	in_sentence	T	அழுதாய்.	aḻutāy.	[4, 7]	ாய்	அழுதீர்கள்.	அழு	SG	False	True	False	public	
HON-HON-V-0493-C1-V	HON-HON-V-0493	HON-V-005	honorificity	HON-V	C1	2	0.5000	age-based	literary		Aunt, you cried without telling anyone.	in_sentence	V	அழுதீர்கள்.	aḻutīrkaḷ.	[4, 10]	ீர்கள்	அழுதாய்.	அழு	SG	False	True	False	public	
HON-HON-V-0493-C2-T	HON-HON-V-0493	HON-V-005	honorificity	HON-V	C2	2	0.5000	age-based	literary	Ravi greeted his younger brother in the hall.	You cried without telling anyone.	prior_sentence	T	அழுதாய்.	aḻutāy.	[4, 7]	ாய்	அழுதீர்கள்.	அழு	SG	False	True	False	public	
HON-HON-V-0493-C2-V	HON-HON-V-0493	HON-V-005	honorificity	HON-V	C2	2	0.5000	age-based	literary	Ravi greeted his grandfather in the hall.	You cried without telling anyone.	prior_sentence	V	அழுதீர்கள்.	aḻutīrkaḷ.	[4, 10]	ீர்கள்	அழுதாய்.	அழு	SG	False	True	False	public	
HON-HON-V-0493-C3-036	HON-HON-V-0493	HON-V-005	honorificity	HON-V	C3	2	0.5000	age-based	literary	The morning light fell across the empty hall.	You cried without telling anyone.	absent				[]		அழுதாய்.|அழுதீர்கள்.	அழு	SG	False	True	False	public	
HON-HON-V-0494-C1-T	HON-HON-V-0494	HON-V-005	honorificity	HON-V	C1	2	0.5000	age-based	literary		Mani, you laughed without telling anyone.	in_sentence	T	சிரித்தாய்.	cirittāy.	[7, 10]	ாய்	சிரித்தீர்கள்.	சிரி	SG	False	True	False	public	
HON-HON-V-0494-C1-V	HON-HON-V-0494	HON-V-005	honorificity	HON-V	C1	2	0.5000	age-based	literary		Father, you laughed without telling anyone.	in_sentence	V	சிரித்தீர்கள்.	cirittīrkaḷ.	[7, 13]	ீர்கள்	சிரித்தாய்.	சிரி	SG	False	True	False	public	
HON-HON-V-0494-C2-T	HON-HON-V-0494	HON-V-005	honorificity	HON-V	C2	2	0.5000	age-based	literary	The clerk had been waiting for the new trainee.	You laughed without telling anyone.	prior_sentence	T	சிரித்தாய்.	cirittāy.	[7, 10]	ாய்	சிரித்தீர்கள்.	சிரி	SG	False	True	False	public	
HON-HON-V-0494-C2-V	HON-HON-V-0494	HON-V-005	honorificity	HON-V	C2	2	0.5000	age-based	literary	The clerk had been waiting for the head teacher.	You laughed without telling anyone.	prior_sentence	V	சிரித்தீர்கள்.	cirittīrkaḷ.	[7, 13]	ீர்கள்	சிரித்தாய்.	சிரி	SG	False	True	False	public	
HON-HON-V-0494-C3-037	HON-HON-V-0494	HON-V-005	honorificity	HON-V	C3	2	0.5000	age-based	literary	The office had been quiet since the early morning.	You laughed without telling anyone.	absent				[]		சிரித்தாய்.|சிரித்தீர்கள்.	சிரி	SG	False	True	False	public	
HON-HON-V-0495-C1-T	HON-HON-V-0495	HON-V-006	honorificity	HON-V	C1	2	0.5000	rank-based	literary		Kumar, you flew before the meeting.	in_sentence	T	பறந்தாய்.	paṟantāy.	[5, 8]	ாய்	பறந்தீர்கள்.	பற	SG	False	True	False	public	
HON-HON-V-0495-C1-V	HON-HON-V-0495	HON-V-006	honorificity	HON-V	C1	2	0.5000	rank-based	literary		Grandfather, you flew before the meeting.	in_sentence	V	பறந்தீர்கள்.	paṟantīrkaḷ.	[5, 11]	ீர்கள்	பறந்தாய்.	பற	SG	False	True	False	public	
HON-HON-V-0495-C2-T	HON-HON-V-0495	HON-V-006	honorificity	HON-V	C2	2	0.5000	rank-based	literary	Her little cousin arrived just before the meal.	You flew before the meeting.	prior_sentence	T	பறந்தாய்.	paṟantāy.	[5, 8]	ாய்	பறந்தீர்கள்.	பற	SG	False	True	False	public	
HON-HON-V-0495-C2-V	HON-HON-V-0495	HON-V-006	honorificity	HON-V	C2	2	0.5000	rank-based	literary	Her elderly father arrived just before the meal.	You flew before the meeting.	prior_sentence	V	பறந்தீர்கள்.	paṟantīrkaḷ.	[5, 11]	ீர்கள்	பறந்தாய்.	பற	SG	False	True	False	public	
HON-HON-V-0495-C3-038	HON-HON-V-0495	HON-V-006	honorificity	HON-V	C3	2	0.5000	rank-based	literary	A slow rain started just before the evening meal.	You flew before the meeting.	absent				[]		பறந்தாய்.|பறந்தீர்கள்.	பற	SG	False	True	False	public	
HON-HON-V-0496-C1-T	HON-HON-V-0496	HON-V-006	honorificity	HON-V	C1	2	0.5000	rank-based	literary		Ravi, you swam before the meeting.	in_sentence	T	நீந்தினாய்.	nīntiṉāy.	[7, 10]	ாய்	நீந்தினீர்கள்.	நீந்து	SG	False	True	False	public	
HON-HON-V-0496-C1-V	HON-HON-V-0496	HON-V-006	honorificity	HON-V	C1	2	0.5000	rank-based	literary		Teacher, you swam before the meeting.	in_sentence	V	நீந்தினீர்கள்.	nīntiṉīrkaḷ.	[7, 13]	ீர்கள்	நீந்தினாய்.	நீந்து	SG	False	True	False	public	
HON-HON-V-0496-C2-T	HON-HON-V-0496	HON-V-006	honorificity	HON-V	C2	2	0.5000	rank-based	literary	A boy from the next street stopped at the gate.	You swam before the meeting.	prior_sentence	T	நீந்தினாய்.	nīntiṉāy.	[7, 10]	ாய்	நீந்தினீர்கள்.	நீந்து	SG	False	True	False	public	
HON-HON-V-0496-C2-V	HON-HON-V-0496	HON-V-006	honorificity	HON-V	C2	2	0.5000	rank-based	literary	An older neighbour from the street stopped at the gate.	You swam before the meeting.	prior_sentence	V	நீந்தினீர்கள்.	nīntiṉīrkaḷ.	[7, 13]	ீர்கள்	நீந்தினாய்.	நீந்து	SG	False	True	False	public	
HON-HON-V-0496-C3-039	HON-HON-V-0496	HON-V-006	honorificity	HON-V	C3	2	0.5000	rank-based	literary	A cold wind reached as far as the gate.	You swam before the meeting.	absent				[]		நீந்தினாய்.|நீந்தினீர்கள்.	நீந்து	SG	False	True	False	public	
HON-HON-V-0497-C1-T	HON-HON-V-0497	HON-V-006	honorificity	HON-V	C1	2	0.5000	rank-based	literary		Selvan, you spoke before the meeting.	in_sentence	T	பேசினாய்.	pēciṉāy.	[5, 8]	ாய்	பேசினீர்கள்.	பேசு	SG	False	True	False	public	
HON-HON-V-0497-C1-V	HON-HON-V-0497	HON-V-006	honorificity	HON-V	C1	2	0.5000	rank-based	literary		Uncle, you spoke before the meeting.	in_sentence	V	பேசினீர்கள்.	pēciṉīrkaḷ.	[5, 11]	ீர்கள்	பேசினாய்.	பேசு	SG	False	True	False	public	
HON-HON-V-0497-C2-T	HON-HON-V-0497	HON-V-006	honorificity	HON-V	C2	2	0.5000	rank-based	literary	The child sat down opposite the counter.	You spoke before the meeting.	prior_sentence	T	பேசினாய்.	pēciṉāy.	[5, 8]	ாய்	பேசினீர்கள்.	பேசு	SG	False	True	False	public	
HON-HON-V-0497-C2-V	HON-HON-V-0497	HON-V-006	honorificity	HON-V	C2	2	0.5000	rank-based	literary	The old man sat down opposite the counter.	You spoke before the meeting.	prior_sentence	V	பேசினீர்கள்.	pēciṉīrkaḷ.	[5, 11]	ீர்கள்	பேசினாய்.	பேசு	SG	False	True	False	public	
HON-HON-V-0497-C3-040	HON-HON-V-0497	HON-V-006	honorificity	HON-V	C3	2	0.5000	rank-based	literary	The lamp burned steadily beside the wooden counter.	You spoke before the meeting.	absent				[]		பேசினாய்.|பேசினீர்கள்.	பேசு	SG	False	True	False	public	
HON-HON-V-0498-C1-T	HON-HON-V-0498	HON-V-006	honorificity	HON-V	C1	2	0.5000	rank-based	literary		Arun, you rose before the meeting.	in_sentence	T	எழுந்தாய்.	eḻuntāy.	[6, 9]	ாய்	எழுந்தீர்கள்.	எழு	SG	False	True	False	public	
HON-HON-V-0498-C1-V	HON-HON-V-0498	HON-V-006	honorificity	HON-V	C1	2	0.5000	rank-based	literary		Doctor, you rose before the meeting.	in_sentence	V	எழுந்தீர்கள்.	eḻuntīrkaḷ.	[6, 12]	ீர்கள்	எழுந்தாய்.	எழு	SG	False	True	False	public	
HON-HON-V-0498-C2-T	HON-HON-V-0498	HON-V-006	honorificity	HON-V	C2	2	0.5000	rank-based	literary	My junior colleague came into the room.	You rose before the meeting.	prior_sentence	T	எழுந்தாய்.	eḻuntāy.	[6, 9]	ாய்	எழுந்தீர்கள்.	எழு	SG	False	True	False	public	
HON-HON-V-0498-C2-V	HON-HON-V-0498	HON-V-006	honorificity	HON-V	C2	2	0.5000	rank-based	literary	My senior colleague came into the room.	You rose before the meeting.	prior_sentence	V	எழுந்தீர்கள்.	eḻuntīrkaḷ.	[6, 12]	ீர்கள்	எழுந்தாய்.	எழு	SG	False	True	False	public	
HON-HON-V-0498-C3-041	HON-HON-V-0498	HON-V-006	honorificity	HON-V	C3	2	0.5000	rank-based	literary	The fan turned above the empty room.	You rose before the meeting.	absent				[]		எழுந்தாய்.|எழுந்தீர்கள்.	எழு	SG	False	True	False	public	
HON-HON-V-0499-C1-T	HON-HON-V-0499	HON-V-006	honorificity	HON-V	C1	2	0.5000	rank-based	literary		Vasu, you sat before the meeting.	in_sentence	T	உட்கார்ந்தாய்.	uṭkārntāy.	[10, 13]	ாய்	உட்கார்ந்தீர்கள்.	உட்கார்	SG	False	True	False	public	
HON-HON-V-0499-C1-V	HON-HON-V-0499	HON-V-006	honorificity	HON-V	C1	2	0.5000	rank-based	literary		Aunt, you sat before the meeting.	in_sentence	V	உட்கார்ந்தீர்கள்.	uṭkārntīrkaḷ.	[10, 16]	ீர்கள்	உட்கார்ந்தாய்.	உட்கார்	SG	False	True	False	public	
HON-HON-V-0499-C2-T	HON-HON-V-0499	HON-V-006	honorificity	HON-V	C2	2	0.5000	rank-based	literary	The youngest nephew was standing by the door.	You sat before the meeting.	prior_sentence	T	உட்கார்ந்தாய்.	uṭkārntāy.	[10, 13]	ாய்	உட்கார்ந்தீர்கள்.	உட்கார்	SG	False	True	False	public	
HON-HON-V-0499-C2-V	HON-HON-V-0499	HON-V-006	honorificity	HON-V	C2	2	0.5000	rank-based	literary	The eldest uncle was standing by the door.	You sat before the meeting.	prior_sentence	V	உட்கார்ந்தீர்கள்.	uṭkārntīrkaḷ.	[10, 16]	ீர்கள்	உட்கார்ந்தாய்.	உட்கார்	SG	False	True	False	public	
HON-HON-V-0499-C3-042	HON-HON-V-0499	HON-V-006	honorificity	HON-V	C3	2	0.5000	rank-based	literary	Sandals had been left beside the front door.	You sat before the meeting.	absent				[]		உட்கார்ந்தாய்.|உட்கார்ந்தீர்கள்.	உட்கார்	SG	False	True	False	public	
HON-HON-V-0500-C1-T	HON-HON-V-0500	HON-V-006	honorificity	HON-V	C1	2	0.5000	rank-based	literary		Mani, you climbed before the meeting.	in_sentence	T	ஏறினாய்.	ēṟiṉāy.	[4, 7]	ாய்	ஏறினீர்கள்.	ஏறு	SG	False	True	False	public	
HON-HON-V-0500-C1-V	HON-HON-V-0500	HON-V-006	honorificity	HON-V	C1	2	0.5000	rank-based	literary		Father, you climbed before the meeting.	in_sentence	V	ஏறினீர்கள்.	ēṟiṉīrkaḷ.	[4, 10]	ீர்கள்	ஏறினாய்.	ஏறு	SG	False	True	False	public	
HON-HON-V-0500-C2-T	HON-HON-V-0500	HON-V-006	honorificity	HON-V	C2	2	0.5000	rank-based	literary	A young apprentice knocked twice and waited.	You climbed before the meeting.	prior_sentence	T	ஏறினாய்.	ēṟiṉāy.	[4, 7]	ாய்	ஏறினீர்கள்.	ஏறு	SG	False	True	False	public	
HON-HON-V-0500-C2-V	HON-HON-V-0500	HON-V-006	honorificity	HON-V	C2	2	0.5000	rank-based	literary	An elderly customer knocked twice and waited.	You climbed before the meeting.	prior_sentence	V	ஏறினீர்கள்.	ēṟiṉīrkaḷ.	[4, 10]	ீர்கள்	ஏறினாய்.	ஏறு	SG	False	True	False	public	
HON-HON-V-0500-C3-043	HON-HON-V-0500	HON-V-006	honorificity	HON-V	C3	2	0.5000	rank-based	literary	A shutter banged twice somewhere along the corridor.	You climbed before the meeting.	absent				[]		ஏறினாய்.|ஏறினீர்கள்.	ஏறு	SG	False	True	False	public	
HON-HON-V-0501-C1-T	HON-HON-V-0501	HON-V-006	honorificity	HON-V	C1	2	0.5000	rank-based	literary		Kumar, you descended before the meeting.	in_sentence	T	இறங்கினாய்.	iṟaṅkiṉāy.	[7, 10]	ாய்	இறங்கினீர்கள்.	இறங்கு	SG	False	True	False	public	
HON-HON-V-0501-C1-V	HON-HON-V-0501	HON-V-006	honorificity	HON-V	C1	2	0.5000	rank-based	literary		Grandfather, you descended before the meeting.	in_sentence	V	இறங்கினீர்கள்.	iṟaṅkiṉīrkaḷ.	[7, 13]	ீர்கள்	இறங்கினாய்.	இறங்கு	SG	False	True	False	public	
HON-HON-V-0501-C2-T	HON-HON-V-0501	HON-V-006	honorificity	HON-V	C2	2	0.5000	rank-based	literary	Ravi greeted his younger brother in the hall.	You descended before the meeting.	prior_sentence	T	இறங்கினாய்.	iṟaṅkiṉāy.	[7, 10]	ாய்	இறங்கினீர்கள்.	இறங்கு	SG	False	True	False	public	
HON-HON-V-0501-C2-V	HON-HON-V-0501	HON-V-006	honorificity	HON-V	C2	2	0.5000	rank-based	literary	Ravi greeted his grandfather in the hall.	You descended before the meeting.	prior_sentence	V	இறங்கினீர்கள்.	iṟaṅkiṉīrkaḷ.	[7, 13]	ீர்கள்	இறங்கினாய்.	இறங்கு	SG	False	True	False	public	
HON-HON-V-0501-C3-044	HON-HON-V-0501	HON-V-006	honorificity	HON-V	C3	2	0.5000	rank-based	literary	The morning light fell across the empty hall.	You descended before the meeting.	absent				[]		இறங்கினாய்.|இறங்கினீர்கள்.	இறங்கு	SG	False	True	False	public	
HON-HON-V-0502-C1-T	HON-HON-V-0502	HON-V-007	honorificity	HON-V	C1	2	0.5000	kinship-based	literary		Ravi, you went in the afternoon.	in_sentence	T	சென்றாய்.	ceṉṟāy.	[5, 8]	ாய்	சென்றீர்கள்.	செல்	SG	False	True	False	public	
HON-HON-V-0502-C1-V	HON-HON-V-0502	HON-V-007	honorificity	HON-V	C1	2	0.5000	kinship-based	literary		Teacher, you went in the afternoon.	in_sentence	V	சென்றீர்கள்.	ceṉṟīrkaḷ.	[5, 11]	ீர்கள்	சென்றாய்.	செல்	SG	False	True	False	public	
HON-HON-V-0502-C2-T	HON-HON-V-0502	HON-V-007	honorificity	HON-V	C2	2	0.5000	kinship-based	literary	The clerk had been waiting for the new trainee.	You went in the afternoon.	prior_sentence	T	சென்றாய்.	ceṉṟāy.	[5, 8]	ாய்	சென்றீர்கள்.	செல்	SG	False	True	False	public	
HON-HON-V-0502-C2-V	HON-HON-V-0502	HON-V-007	honorificity	HON-V	C2	2	0.5000	kinship-based	literary	The clerk had been waiting for the head teacher.	You went in the afternoon.	prior_sentence	V	சென்றீர்கள்.	ceṉṟīrkaḷ.	[5, 11]	ீர்கள்	சென்றாய்.	செல்	SG	False	True	False	public	
HON-HON-V-0502-C3-045	HON-HON-V-0502	HON-V-007	honorificity	HON-V	C3	2	0.5000	kinship-based	literary	The office had been quiet since the early morning.	You went in the afternoon.	absent				[]		சென்றாய்.|சென்றீர்கள்.	செல்	SG	False	True	False	public	
HON-HON-V-0503-C1-T	HON-HON-V-0503	HON-V-007	honorificity	HON-V	C1	2	0.5000	kinship-based	literary		Selvan, you moved in the afternoon.	in_sentence	T	நகர்ந்தாய்.	nakarntāy.	[7, 10]	ாய்	நகர்ந்தீர்கள்.	நகர்	SG	False	True	False	public	
HON-HON-V-0503-C1-V	HON-HON-V-0503	HON-V-007	honorificity	HON-V	C1	2	0.5000	kinship-based	literary		Uncle, you moved in the afternoon.	in_sentence	V	நகர்ந்தீர்கள்.	nakarntīrkaḷ.	[7, 13]	ீர்கள்	நகர்ந்தாய்.	நகர்	SG	False	True	False	public	
HON-HON-V-0503-C2-T	HON-HON-V-0503	HON-V-007	honorificity	HON-V	C2	2	0.5000	kinship-based	literary	Her little cousin arrived just before the meal.	You moved in the afternoon.	prior_sentence	T	நகர்ந்தாய்.	nakarntāy.	[7, 10]	ாய்	நகர்ந்தீர்கள்.	நகர்	SG	False	True	False	public	
HON-HON-V-0503-C2-V	HON-HON-V-0503	HON-V-007	honorificity	HON-V	C2	2	0.5000	kinship-based	literary	Her elderly father arrived just before the meal.	You moved in the afternoon.	prior_sentence	V	நகர்ந்தீர்கள்.	nakarntīrkaḷ.	[7, 13]	ீர்கள்	நகர்ந்தாய்.	நகர்	SG	False	True	False	public	
HON-HON-V-0503-C3-046	HON-HON-V-0503	HON-V-007	honorificity	HON-V	C3	2	0.5000	kinship-based	literary	A slow rain started just before the evening meal.	You moved in the afternoon.	absent				[]		நகர்ந்தாய்.|நகர்ந்தீர்கள்.	நகர்	SG	False	True	False	public	
HON-HON-V-0504-C1-T	HON-HON-V-0504	HON-V-007	honorificity	HON-V	C1	2	0.5000	kinship-based	literary		Arun, you jumped in the afternoon.	in_sentence	T	குதித்தாய்.	kutittāy.	[7, 10]	ாய்	குதித்தீர்கள்.	குதி	SG	False	True	False	public	
HON-HON-V-0504-C1-V	HON-HON-V-0504	HON-V-007	honorificity	HON-V	C1	2	0.5000	kinship-based	literary		Doctor, you jumped in the afternoon.	in_sentence	V	குதித்தீர்கள்.	kutittīrkaḷ.	[7, 13]	ீர்கள்	குதித்தாய்.	குதி	SG	False	True	False	public	
HON-HON-V-0504-C2-T	HON-HON-V-0504	HON-V-007	honorificity	HON-V	C2	2	0.5000	kinship-based	literary	A boy from the next street stopped at the gate.	You jumped in the afternoon.	prior_sentence	T	குதித்தாய்.	kutittāy.	[7, 10]	ாய்	குதித்தீர்கள்.	குதி	SG	False	True	False	public	
HON-HON-V-0504-C2-V	HON-HON-V-0504	HON-V-007	honorificity	HON-V	C2	2	0.5000	kinship-based	literary	An older neighbour from the street stopped at the gate.	You jumped in the afternoon.	prior_sentence	V	குதித்தீர்கள்.	kutittīrkaḷ.	[7, 13]	ீர்கள்	குதித்தாய்.	குதி	SG	False	True	False	public	
HON-HON-V-0504-C3-047	HON-HON-V-0504	HON-V-007	honorificity	HON-V	C3	2	0.5000	kinship-based	literary	A cold wind reached as far as the gate.	You jumped in the afternoon.	absent				[]		குதித்தாய்.|குதித்தீர்கள்.	குதி	SG	False	True	False	public	
HON-HON-V-0505-C1-T	HON-HON-V-0505	HON-V-007	honorificity	HON-V	C1	2	0.5000	kinship-based	literary		Vasu, you smiled in the afternoon.	in_sentence	T	நகைத்தாய்.	nakaittāy.	[6, 9]	ாய்	நகைத்தீர்கள்.	நகை	SG	False	True	False	public	
HON-HON-V-0505-C1-V	HON-HON-V-0505	HON-V-007	honorificity	HON-V	C1	2	0.5000	kinship-based	literary		Aunt, you smiled in the afternoon.	in_sentence	V	நகைத்தீர்கள்.	nakaittīrkaḷ.	[6, 12]	ீர்கள்	நகைத்தாய்.	நகை	SG	False	True	False	public	
HON-HON-V-0505-C2-T	HON-HON-V-0505	HON-V-007	honorificity	HON-V	C2	2	0.5000	kinship-based	literary	The child sat down opposite the counter.	You smiled in the afternoon.	prior_sentence	T	நகைத்தாய்.	nakaittāy.	[6, 9]	ாய்	நகைத்தீர்கள்.	நகை	SG	False	True	False	public	
HON-HON-V-0505-C2-V	HON-HON-V-0505	HON-V-007	honorificity	HON-V	C2	2	0.5000	kinship-based	literary	The old man sat down opposite the counter.	You smiled in the afternoon.	prior_sentence	V	நகைத்தீர்கள்.	nakaittīrkaḷ.	[6, 12]	ீர்கள்	நகைத்தாய்.	நகை	SG	False	True	False	public	
HON-HON-V-0505-C3-048	HON-HON-V-0505	HON-V-007	honorificity	HON-V	C3	2	0.5000	kinship-based	literary	The lamp burned steadily beside the wooden counter.	You smiled in the afternoon.	absent				[]		நகைத்தாய்.|நகைத்தீர்கள்.	நகை	SG	False	True	False	public	
HON-HON-V-0506-C1-T	HON-HON-V-0506	HON-V-007	honorificity	HON-V	C1	2	0.5000	kinship-based	literary		Mani, you feared in the afternoon.	in_sentence	T	அஞ்சினாய்.	añciṉāy.	[6, 9]	ாய்	அஞ்சினீர்கள்.	அஞ்சு	SG	False	True	False	public	
HON-HON-V-0506-C1-V	HON-HON-V-0506	HON-V-007	honorificity	HON-V	C1	2	0.5000	kinship-based	literary		Father, you feared in the afternoon.	in_sentence	V	அஞ்சினீர்கள்.	añciṉīrkaḷ.	[6, 12]	ீர்கள்	அஞ்சினாய்.	அஞ்சு	SG	False	True	False	public	
HON-HON-V-0506-C2-T	HON-HON-V-0506	HON-V-007	honorificity	HON-V	C2	2	0.5000	kinship-based	literary	My junior colleague came into the room.	You feared in the afternoon.	prior_sentence	T	அஞ்சினாய்.	añciṉāy.	[6, 9]	ாய்	அஞ்சினீர்கள்.	அஞ்சு	SG	False	True	False	public	
HON-HON-V-0506-C2-V	HON-HON-V-0506	HON-V-007	honorificity	HON-V	C2	2	0.5000	kinship-based	literary	My senior colleague came into the room.	You feared in the afternoon.	prior_sentence	V	அஞ்சினீர்கள்.	añciṉīrkaḷ.	[6, 12]	ீர்கள்	அஞ்சினாய்.	அஞ்சு	SG	False	True	False	public	
HON-HON-V-0506-C3-049	HON-HON-V-0506	HON-V-007	honorificity	HON-V	C3	2	0.5000	kinship-based	literary	The fan turned above the empty room.	You feared in the afternoon.	absent				[]		அஞ்சினாய்.|அஞ்சினீர்கள்.	அஞ்சு	SG	False	True	False	public	
HON-HON-V-0507-C1-T	HON-HON-V-0507	HON-V-007	honorificity	HON-V	C1	2	0.5000	kinship-based	literary		Kumar, you came in the afternoon.	in_sentence	T	வந்தாய்.	vantāy.	[4, 7]	ாய்	வந்தீர்கள்.	வா	SG	False	True	False	public	
HON-HON-V-0507-C1-V	HON-HON-V-0507	HON-V-007	honorificity	HON-V	C1	2	0.5000	kinship-based	literary		Grandfather, you came in the afternoon.	in_sentence	V	வந்தீர்கள்.	vantīrkaḷ.	[4, 10]	ீர்கள்	வந்தாய்.	வா	SG	False	True	False	public	
HON-HON-V-0507-C2-T	HON-HON-V-0507	HON-V-007	honorificity	HON-V	C2	2	0.5000	kinship-based	literary	The youngest nephew was standing by the door.	You came in the afternoon.	prior_sentence	T	வந்தாய்.	vantāy.	[4, 7]	ாய்	வந்தீர்கள்.	வா	SG	False	True	False	public	
HON-HON-V-0507-C2-V	HON-HON-V-0507	HON-V-007	honorificity	HON-V	C2	2	0.5000	kinship-based	literary	The eldest uncle was standing by the door.	You came in the afternoon.	prior_sentence	V	வந்தீர்கள்.	vantīrkaḷ.	[4, 10]	ீர்கள்	வந்தாய்.	வா	SG	False	True	False	public	
HON-HON-V-0507-C3-050	HON-HON-V-0507	HON-V-007	honorificity	HON-V	C3	2	0.5000	kinship-based	literary	Sandals had been left beside the front door.	You came in the afternoon.	absent				[]		வந்தாய்.|வந்தீர்கள்.	வா	SG	False	True	False	public	
HON-HON-V-0508-C1-T	HON-HON-V-0508	HON-V-007	honorificity	HON-V	C1	2	0.5000	kinship-based	literary		Ravi, you ran in the afternoon.	in_sentence	T	ஓடினாய்.	ōṭiṉāy.	[4, 7]	ாய்	ஓடினீர்கள்.	ஓடு	SG	False	True	False	public	
HON-HON-V-0508-C1-V	HON-HON-V-0508	HON-V-007	honorificity	HON-V	C1	2	0.5000	kinship-based	literary		Teacher, you ran in the afternoon.	in_sentence	V	ஓடினீர்கள்.	ōṭiṉīrkaḷ.	[4, 10]	ீர்கள்	ஓடினாய்.	ஓடு	SG	False	True	False	public	
HON-HON-V-0508-C2-T	HON-HON-V-0508	HON-V-007	honorificity	HON-V	C2	2	0.5000	kinship-based	literary	A young apprentice knocked twice and waited.	You ran in the afternoon.	prior_sentence	T	ஓடினாய்.	ōṭiṉāy.	[4, 7]	ாய்	ஓடினீர்கள்.	ஓடு	SG	False	True	False	public	
HON-HON-V-0508-C2-V	HON-HON-V-0508	HON-V-007	honorificity	HON-V	C2	2	0.5000	kinship-based	literary	An elderly customer knocked twice and waited.	You ran in the afternoon.	prior_sentence	V	ஓடினீர்கள்.	ōṭiṉīrkaḷ.	[4, 10]	ீர்கள்	ஓடினாய்.	ஓடு	SG	False	True	False	public	
HON-HON-V-0508-C3-051	HON-HON-V-0508	HON-V-007	honorificity	HON-V	C3	2	0.5000	kinship-based	literary	A shutter banged twice somewhere along the corridor.	You ran in the afternoon.	absent				[]		ஓடினாய்.|ஓடினீர்கள்.	ஓடு	SG	False	True	False	public	
HON-HON-V-0516-C1-T	HON-HON-V-0516	HON-V-009	honorificity	HON-V	C1	2	0.5000	age-based	literary		Arun, you rose after the rain stopped.	in_sentence	T	எழுந்தாய்.	eḻuntāy.	[6, 9]	ாய்	எழுந்தீர்கள்.	எழு	SG	False	True	False	public	
HON-HON-V-0516-C1-V	HON-HON-V-0516	HON-V-009	honorificity	HON-V	C1	2	0.5000	age-based	literary		Doctor, you rose after the rain stopped.	in_sentence	V	எழுந்தீர்கள்.	eḻuntīrkaḷ.	[6, 12]	ீர்கள்	எழுந்தாய்.	எழு	SG	False	True	False	public	
HON-HON-V-0516-C2-T	HON-HON-V-0516	HON-V-009	honorificity	HON-V	C2	2	0.5000	age-based	literary	A young apprentice knocked twice and waited.	You rose after the rain stopped.	prior_sentence	T	எழுந்தாய்.	eḻuntāy.	[6, 9]	ாய்	எழுந்தீர்கள்.	எழு	SG	False	True	False	public	
HON-HON-V-0516-C2-V	HON-HON-V-0516	HON-V-009	honorificity	HON-V	C2	2	0.5000	age-based	literary	An elderly customer knocked twice and waited.	You rose after the rain stopped.	prior_sentence	V	எழுந்தீர்கள்.	eḻuntīrkaḷ.	[6, 12]	ீர்கள்	எழுந்தாய்.	எழு	SG	False	True	False	public	
HON-HON-V-0516-C3-059	HON-HON-V-0516	HON-V-009	honorificity	HON-V	C3	2	0.5000	age-based	literary	A shutter banged twice somewhere along the corridor.	You rose after the rain stopped.	absent				[]		எழுந்தாய்.|எழுந்தீர்கள்.	எழு	SG	False	True	False	public	
HON-HON-V-0517-C1-T	HON-HON-V-0517	HON-V-009	honorificity	HON-V	C1	2	0.5000	age-based	literary		Vasu, you sat after the rain stopped.	in_sentence	T	உட்கார்ந்தாய்.	uṭkārntāy.	[10, 13]	ாய்	உட்கார்ந்தீர்கள்.	உட்கார்	SG	False	True	False	public	
HON-HON-V-0517-C1-V	HON-HON-V-0517	HON-V-009	honorificity	HON-V	C1	2	0.5000	age-based	literary		Aunt, you sat after the rain stopped.	in_sentence	V	உட்கார்ந்தீர்கள்.	uṭkārntīrkaḷ.	[10, 16]	ீர்கள்	உட்கார்ந்தாய்.	உட்கார்	SG	False	True	False	public	
HON-HON-V-0517-C2-T	HON-HON-V-0517	HON-V-009	honorificity	HON-V	C2	2	0.5000	age-based	literary	Ravi greeted his younger brother in the hall.	You sat after the rain stopped.	prior_sentence	T	உட்கார்ந்தாய்.	uṭkārntāy.	[10, 13]	ாய்	உட்கார்ந்தீர்கள்.	உட்கார்	SG	False	True	False	public	
HON-HON-V-0517-C2-V	HON-HON-V-0517	HON-V-009	honorificity	HON-V	C2	2	0.5000	age-based	literary	Ravi greeted his grandfather in the hall.	You sat after the rain stopped.	prior_sentence	V	உட்கார்ந்தீர்கள்.	uṭkārntīrkaḷ.	[10, 16]	ீர்கள்	உட்கார்ந்தாய்.	உட்கார்	SG	False	True	False	public	
HON-HON-V-0517-C3-060	HON-HON-V-0517	HON-V-009	honorificity	HON-V	C3	2	0.5000	age-based	literary	The morning light fell across the empty hall.	You sat after the rain stopped.	absent				[]		உட்கார்ந்தாய்.|உட்கார்ந்தீர்கள்.	உட்கார்	SG	False	True	False	public	
HON-HON-V-0518-C1-T	HON-HON-V-0518	HON-V-009	honorificity	HON-V	C1	2	0.5000	age-based	literary		Mani, you climbed after the rain stopped.	in_sentence	T	ஏறினாய்.	ēṟiṉāy.	[4, 7]	ாய்	ஏறினீர்கள்.	ஏறு	SG	False	True	False	public	
HON-HON-V-0518-C1-V	HON-HON-V-0518	HON-V-009	honorificity	HON-V	C1	2	0.5000	age-based	literary		Father, you climbed after the rain stopped.	in_sentence	V	ஏறினீர்கள்.	ēṟiṉīrkaḷ.	[4, 10]	ீர்கள்	ஏறினாய்.	ஏறு	SG	False	True	False	public	
HON-HON-V-0518-C2-T	HON-HON-V-0518	HON-V-009	honorificity	HON-V	C2	2	0.5000	age-based	literary	The clerk had been waiting for the new trainee.	You climbed after the rain stopped.	prior_sentence	T	ஏறினாய்.	ēṟiṉāy.	[4, 7]	ாய்	ஏறினீர்கள்.	ஏறு	SG	False	True	False	public	
HON-HON-V-0518-C2-V	HON-HON-V-0518	HON-V-009	honorificity	HON-V	C2	2	0.5000	age-based	literary	The clerk had been waiting for the head teacher.	You climbed after the rain stopped.	prior_sentence	V	ஏறினீர்கள்.	ēṟiṉīrkaḷ.	[4, 10]	ீர்கள்	ஏறினாய்.	ஏறு	SG	False	True	False	public	
HON-HON-V-0518-C3-061	HON-HON-V-0518	HON-V-009	honorificity	HON-V	C3	2	0.5000	age-based	literary	The office had been quiet since the early morning.	You climbed after the rain stopped.	absent				[]		ஏறினாய்.|ஏறினீர்கள்.	ஏறு	SG	False	True	False	public	
HON-HON-V-0519-C1-T	HON-HON-V-0519	HON-V-009	honorificity	HON-V	C1	2	0.5000	age-based	literary		Kumar, you descended after the rain stopped.	in_sentence	T	இறங்கினாய்.	iṟaṅkiṉāy.	[7, 10]	ாய்	இறங்கினீர்கள்.	இறங்கு	SG	False	True	False	public	
HON-HON-V-0519-C1-V	HON-HON-V-0519	HON-V-009	honorificity	HON-V	C1	2	0.5000	age-based	literary		Grandfather, you descended after the rain stopped.	in_sentence	V	இறங்கினீர்கள்.	iṟaṅkiṉīrkaḷ.	[7, 13]	ீர்கள்	இறங்கினாய்.	இறங்கு	SG	False	True	False	public	
HON-HON-V-0519-C2-T	HON-HON-V-0519	HON-V-009	honorificity	HON-V	C2	2	0.5000	age-based	literary	Her little cousin arrived just before the meal.	You descended after the rain stopped.	prior_sentence	T	இறங்கினாய்.	iṟaṅkiṉāy.	[7, 10]	ாய்	இறங்கினீர்கள்.	இறங்கு	SG	False	True	False	public	
HON-HON-V-0519-C2-V	HON-HON-V-0519	HON-V-009	honorificity	HON-V	C2	2	0.5000	age-based	literary	Her elderly father arrived just before the meal.	You descended after the rain stopped.	prior_sentence	V	இறங்கினீர்கள்.	iṟaṅkiṉīrkaḷ.	[7, 13]	ீர்கள்	இறங்கினாய்.	இறங்கு	SG	False	True	False	public	
HON-HON-V-0519-C3-062	HON-HON-V-0519	HON-V-009	honorificity	HON-V	C3	2	0.5000	age-based	literary	A slow rain started just before the evening meal.	You descended after the rain stopped.	absent				[]		இறங்கினாய்.|இறங்கினீர்கள்.	இறங்கு	SG	False	True	False	public	
HON-HON-V-0520-C1-T	HON-HON-V-0520	HON-V-009	honorificity	HON-V	C1	2	0.5000	age-based	literary		Ravi, you went after the rain stopped.	in_sentence	T	சென்றாய்.	ceṉṟāy.	[5, 8]	ாய்	சென்றீர்கள்.	செல்	SG	False	True	False	public	
HON-HON-V-0520-C1-V	HON-HON-V-0520	HON-V-009	honorificity	HON-V	C1	2	0.5000	age-based	literary		Teacher, you went after the rain stopped.	in_sentence	V	சென்றீர்கள்.	ceṉṟīrkaḷ.	[5, 11]	ீர்கள்	சென்றாய்.	செல்	SG	False	True	False	public	
HON-HON-V-0520-C2-T	HON-HON-V-0520	HON-V-009	honorificity	HON-V	C2	2	0.5000	age-based	literary	A boy from the next street stopped at the gate.	You went after the rain stopped.	prior_sentence	T	சென்றாய்.	ceṉṟāy.	[5, 8]	ாய்	சென்றீர்கள்.	செல்	SG	False	True	False	public	
HON-HON-V-0520-C2-V	HON-HON-V-0520	HON-V-009	honorificity	HON-V	C2	2	0.5000	age-based	literary	An older neighbour from the street stopped at the gate.	You went after the rain stopped.	prior_sentence	V	சென்றீர்கள்.	ceṉṟīrkaḷ.	[5, 11]	ீர்கள்	சென்றாய்.	செல்	SG	False	True	False	public	
HON-HON-V-0520-C3-063	HON-HON-V-0520	HON-V-009	honorificity	HON-V	C3	2	0.5000	age-based	literary	A cold wind reached as far as the gate.	You went after the rain stopped.	absent				[]		சென்றாய்.|சென்றீர்கள்.	செல்	SG	False	True	False	public	
HON-HON-V-0521-C1-T	HON-HON-V-0521	HON-V-009	honorificity	HON-V	C1	2	0.5000	age-based	literary		Selvan, you moved after the rain stopped.	in_sentence	T	நகர்ந்தாய்.	nakarntāy.	[7, 10]	ாய்	நகர்ந்தீர்கள்.	நகர்	SG	False	True	False	public	
HON-HON-V-0521-C1-V	HON-HON-V-0521	HON-V-009	honorificity	HON-V	C1	2	0.5000	age-based	literary		Uncle, you moved after the rain stopped.	in_sentence	V	நகர்ந்தீர்கள்.	nakarntīrkaḷ.	[7, 13]	ீர்கள்	நகர்ந்தாய்.	நகர்	SG	False	True	False	public	
HON-HON-V-0521-C2-T	HON-HON-V-0521	HON-V-009	honorificity	HON-V	C2	2	0.5000	age-based	literary	The child sat down opposite the counter.	You moved after the rain stopped.	prior_sentence	T	நகர்ந்தாய்.	nakarntāy.	[7, 10]	ாய்	நகர்ந்தீர்கள்.	நகர்	SG	False	True	False	public	
HON-HON-V-0521-C2-V	HON-HON-V-0521	HON-V-009	honorificity	HON-V	C2	2	0.5000	age-based	literary	The old man sat down opposite the counter.	You moved after the rain stopped.	prior_sentence	V	நகர்ந்தீர்கள்.	nakarntīrkaḷ.	[7, 13]	ீர்கள்	நகர்ந்தாய்.	நகர்	SG	False	True	False	public	
HON-HON-V-0521-C3-064	HON-HON-V-0521	HON-V-009	honorificity	HON-V	C3	2	0.5000	age-based	literary	The lamp burned steadily beside the wooden counter.	You moved after the rain stopped.	absent				[]		நகர்ந்தாய்.|நகர்ந்தீர்கள்.	நகர்	SG	False	True	False	public	
HON-HON-V-0522-C1-T	HON-HON-V-0522	HON-V-009	honorificity	HON-V	C1	2	0.5000	age-based	literary		Arun, you jumped after the rain stopped.	in_sentence	T	குதித்தாய்.	kutittāy.	[7, 10]	ாய்	குதித்தீர்கள்.	குதி	SG	False	True	False	public	
HON-HON-V-0522-C1-V	HON-HON-V-0522	HON-V-009	honorificity	HON-V	C1	2	0.5000	age-based	literary		Doctor, you jumped after the rain stopped.	in_sentence	V	குதித்தீர்கள்.	kutittīrkaḷ.	[7, 13]	ீர்கள்	குதித்தாய்.	குதி	SG	False	True	False	public	
HON-HON-V-0522-C2-T	HON-HON-V-0522	HON-V-009	honorificity	HON-V	C2	2	0.5000	age-based	literary	My junior colleague came into the room.	You jumped after the rain stopped.	prior_sentence	T	குதித்தாய்.	kutittāy.	[7, 10]	ாய்	குதித்தீர்கள்.	குதி	SG	False	True	False	public	
HON-HON-V-0522-C2-V	HON-HON-V-0522	HON-V-009	honorificity	HON-V	C2	2	0.5000	age-based	literary	My senior colleague came into the room.	You jumped after the rain stopped.	prior_sentence	V	குதித்தீர்கள்.	kutittīrkaḷ.	[7, 13]	ீர்கள்	குதித்தாய்.	குதி	SG	False	True	False	public	
HON-HON-V-0522-C3-065	HON-HON-V-0522	HON-V-009	honorificity	HON-V	C3	2	0.5000	age-based	literary	The fan turned above the empty room.	You jumped after the rain stopped.	absent				[]		குதித்தாய்.|குதித்தீர்கள்.	குதி	SG	False	True	False	public	
HON-HON-V-0523-C0-T	HON-HON-V-0523	HON-V-001	honorificity	HON-V	C0	2	0.5000	age-based	literary		You cried yesterday.	instruction	T	அழுதாய்.	aḻutāy.	[4, 7]	ாய்	அழுதீர்கள்.	அழு	SG	False	True	False	public	
HON-HON-V-0526-C0-V	HON-HON-V-0526	HON-V-001	honorificity	HON-V	C0	2	0.5000	age-based	literary		You swam yesterday.	instruction	V	நீந்தினீர்கள்.	nīntiṉīrkaḷ.	[7, 13]	ீர்கள்	நீந்தினாய்.	நீந்து	SG	False	True	False	public	
HON-HON-V-0529-C0-T	HON-HON-V-0529	HON-V-001	honorificity	HON-V	C0	2	0.5000	age-based	literary		You sat yesterday.	instruction	T	உட்கார்ந்தாய்.	uṭkārntāy.	[10, 13]	ாய்	உட்கார்ந்தீர்கள்.	உட்கார்	SG	False	True	False	public	
HON-HON-V-0532-C0-V	HON-HON-V-0532	HON-V-001	honorificity	HON-V	C0	2	0.5000	age-based	literary		You laughed yesterday.	instruction	V	சிரித்தீர்கள்.	cirittīrkaḷ.	[7, 13]	ீர்கள்	சிரித்தாய்.	சிரி	SG	False	True	False	public	
HON-HON-V-0535-C0-T	HON-HON-V-0535	HON-V-001	honorificity	HON-V	C0	2	0.5000	age-based	literary		You spoke yesterday.	instruction	T	பேசினாய்.	pēciṉāy.	[5, 8]	ாய்	பேசினீர்கள்.	பேசு	SG	False	True	False	public	
HON-HON-V-0538-C0-V	HON-HON-V-0538	HON-V-001	honorificity	HON-V	C0	2	0.5000	age-based	literary		You climbed yesterday.	instruction	V	ஏறினீர்கள்.	ēṟiṉīrkaḷ.	[4, 10]	ீர்கள்	ஏறினாய்.	ஏறு	SG	False	True	False	public	
HON-HON-V-0541-C0-T	HON-HON-V-0541	HON-V-001	honorificity	HON-V	C0	2	0.5000	age-based	literary		You flew yesterday.	instruction	T	பறந்தாய்.	paṟantāy.	[5, 8]	ாய்	பறந்தீர்கள்.	பற	SG	False	True	False	public	
HON-HON-V-0544-C0-V	HON-HON-V-0544	HON-V-001	honorificity	HON-V	C0	2	0.5000	age-based	literary		You rose yesterday.	instruction	V	எழுந்தீர்கள்.	eḻuntīrkaḷ.	[6, 12]	ீர்கள்	எழுந்தாய்.	எழு	SG	False	True	False	public	
HON-HON-V-0547-C0-T	HON-HON-V-0547	HON-V-001	honorificity	HON-V	C0	2	0.5000	age-based	literary		You cried yesterday.	instruction	T	அழுதாய்.	aḻutāy.	[4, 7]	ாய்	அழுதீர்கள்.	அழு	SG	False	True	False	public	
HON-HON-V-0550-C0-V	HON-HON-V-0550	HON-V-001	honorificity	HON-V	C0	2	0.5000	age-based	literary		You swam yesterday.	instruction	V	நீந்தினீர்கள்.	nīntiṉīrkaḷ.	[7, 13]	ீர்கள்	நீந்தினாய்.	நீந்து	SG	False	True	False	public	
HON-HON-V-0553-C0-T	HON-HON-V-0553	HON-V-001	honorificity	HON-V	C0	2	0.5000	age-based	literary		You sat yesterday.	instruction	T	உட்கார்ந்தாய்.	uṭkārntāy.	[10, 13]	ாய்	உட்கார்ந்தீர்கள்.	உட்கார்	SG	False	True	False	public	
HON-HON-V-0556-C0-V	HON-HON-V-0556	HON-V-001	honorificity	HON-V	C0	2	0.5000	age-based	literary		You laughed yesterday.	instruction	V	சிரித்தீர்கள்.	cirittīrkaḷ.	[7, 13]	ீர்கள்	சிரித்தாய்.	சிரி	SG	False	True	False	public	
HON-HON-V-0559-C0-T	HON-HON-V-0559	HON-V-001	honorificity	HON-V	C0	2	0.5000	age-based	literary		You spoke yesterday.	instruction	T	பேசினாய்.	pēciṉāy.	[5, 8]	ாய்	பேசினீர்கள்.	பேசு	SG	False	True	False	public	
HON-HON-V-0562-C0-V	HON-HON-V-0562	HON-V-001	honorificity	HON-V	C0	2	0.5000	age-based	literary		You climbed yesterday.	instruction	V	ஏறினீர்கள்.	ēṟiṉīrkaḷ.	[4, 10]	ீர்கள்	ஏறினாய்.	ஏறு	SG	False	True	False	public	
NUM-X-0571-C1-PL	NUM-X-0571	NUM-002	number		C1	2	0.5000	definite-np	literary		The students spoke outside the hall.	in_sentence	PL	மாணவர்கள் பேசினார்கள்.	māṇavarkaḷ pēciṉārkaḷ.	[15, 21]	ார்கள்	மாணவன் பேசினான்.	பேசு		False	True	False	public	NATIVE-CHECK-NUM-2
NUM-X-0571-C1-SG	NUM-X-0571	NUM-002	number		C1	2	0.5000	definite-np	literary		The student spoke outside the hall.	in_sentence	SG	மாணவன் பேசினான்.	māṇavaṉ pēciṉāṉ.	[12, 15]	ான்	மாணவர்கள் பேசினார்கள்.	பேசு		False	True	False	public	NATIVE-CHECK-NUM-2
NUM-X-0571-C2-PL	NUM-X-0571	NUM-002	number		C2	2	0.5000	definite-np	literary	Six young men had been accused of the theft.	The accused spoke outside the hall.	prior_sentence	PL	பேசினார்கள்.	pēciṉārkaḷ.	[5, 11]	ார்கள்	பேசினான்.	பேசு		False	True	False	public	NATIVE-CHECK-NUM-2
NUM-X-0571-C2-SG	NUM-X-0571	NUM-002	number		C2	2	0.5000	definite-np	literary	One young man had been accused of the theft.	The accused spoke outside the hall.	prior_sentence	SG	பேசினான்.	pēciṉāṉ.	[5, 8]	ான்	பேசினார்கள்.	பேசு		False	True	False	public	NATIVE-CHECK-NUM-2
NUM-X-0571-C3-008	NUM-X-0571	NUM-002	number		C3	2	0.5000	definite-np	literary	A short notice about the theft had gone up.	The accused spoke outside the hall.	absent				[]		பேசினான்.|பேசினார்கள்.	பேசு		False	True	False	public	NATIVE-CHECK-NUM-2
NUM-X-0571-C3-088	NUM-X-0571	NUM-002	number		C3	2	0.5000	definite-np	literary	A short notice about the theft had gone up.	The accused spoke outside the hall.	absent				[]		பேசினான்.|பேசினார்கள்.	பேசு		False	True	False	public	NATIVE-CHECK-NUM-2
NUM-X-0572-C1-PL	NUM-X-0572	NUM-002	number		C1	2	0.5000	definite-np	literary		The students rose outside the hall.	in_sentence	PL	மாணவர்கள் எழுந்தார்கள்.	māṇavarkaḷ eḻuntārkaḷ.	[16, 22]	ார்கள்	மாணவன் எழுந்தான்.	எழு		False	True	False	public	NATIVE-CHECK-NUM-2
NUM-X-0572-C1-SG	NUM-X-0572	NUM-002	number		C1	2	0.5000	definite-np	literary		The student rose outside the hall.	in_sentence	SG	மாணவன் எழுந்தான்.	māṇavaṉ eḻuntāṉ.	[13, 16]	ான்	மாணவர்கள் எழுந்தார்கள்.	எழு		False	True	False	public	NATIVE-CHECK-NUM-2
NUM-X-0572-C2-PL	NUM-X-0572	NUM-002	number		C2	2	0.5000	definite-np	literary	Almost twenty young men were named in the report.	The accused rose outside the hall.	prior_sentence	PL	எழுந்தார்கள்.	eḻuntārkaḷ.	[6, 12]	ார்கள்	எழுந்தான்.	எழு		False	True	False	public	NATIVE-CHECK-NUM-2
NUM-X-0572-C2-SG	NUM-X-0572	NUM-002	number		C2	2	0.5000	definite-np	literary	Only one young man was named in the report.	The accused rose outside the hall.	prior_sentence	SG	எழுந்தான்.	eḻuntāṉ.	[6, 9]	ான்	எழுந்தார்கள்.	எழு		False	True	False	public	NATIVE-CHECK-NUM-2
NUM-X-0572-C3-009	NUM-X-0572	NUM-002	number		C3	2	0.5000	definite-np	literary	Only a short summary was printed in the report.	The accused rose outside the hall.	absent				[]		எழுந்தான்.|எழுந்தார்கள்.	எழு		False	True	False	public	NATIVE-CHECK-NUM-2
NUM-X-0572-C3-089	NUM-X-0572	NUM-002	number		C3	2	0.5000	definite-np	literary	Only a short summary was printed in the report.	The accused rose outside the hall.	absent				[]		எழுந்தான்.|எழுந்தார்கள்.	எழு		False	True	False	public	NATIVE-CHECK-NUM-2
NUM-X-0573-C1-PL	NUM-X-0573	NUM-002	number		C1	2	0.5000	definite-np	literary		The students sat outside the hall.	in_sentence	PL	மாணவர்கள் உட்கார்ந்தார்கள்.	māṇavarkaḷ uṭkārntārkaḷ.	[20, 26]	ார்கள்	மாணவன் உட்கார்ந்தான்.	உட்கார்		False	True	False	public	NATIVE-CHECK-NUM-2
NUM-X-0573-C1-SG	NUM-X-0573	NUM-002	number		C1	2	0.5000	definite-np	literary		The student sat outside the hall.	in_sentence	SG	மாணவன் உட்கார்ந்தான்.	māṇavaṉ uṭkārntāṉ.	[17, 20]	ான்	மாணவர்கள் உட்கார்ந்தார்கள்.	உட்கார்		False	True	False	public	NATIVE-CHECK-NUM-2
NUM-X-0573-C2-PL	NUM-X-0573	NUM-002	number		C2	2	0.5000	definite-np	literary	About twelve young men stood before the magistrate that morning.	The accused sat outside the hall.	prior_sentence	PL	உட்கார்ந்தார்கள்.	uṭkārntārkaḷ.	[10, 16]	ார்கள்	உட்கார்ந்தான்.	உட்கார்		False	True	False	public	NATIVE-CHECK-NUM-2
NUM-X-0573-C2-SG	NUM-X-0573	NUM-002	number		C2	2	0.5000	definite-np	literary	A single young man stood before the magistrate that morning.	The accused sat outside the hall.	prior_sentence	SG	உட்கார்ந்தான்.	uṭkārntāṉ.	[10, 13]	ான்	உட்கார்ந்தார்கள்.	உட்கார்		False	True	False	public	NATIVE-CHECK-NUM-2
NUM-X-0573-C3-010	NUM-X-0573	NUM-002	number		C3	2	0.5000	definite-np	literary	A long queue had formed before the magistrate that morning.	The accused sat outside the hall.	absent				[]		உட்கார்ந்தான்.|உட்கார்ந்தார்கள்.	உட்கார்		False	True	False	public	NATIVE-CHECK-NUM-2
NUM-X-0573-C3-090	NUM-X-0573	NUM-002	number		C3	2	0.5000	definite-np	literary	A long queue had formed before the magistrate that morning.	The accused sat outside the hall.	absent				[]		உட்கார்ந்தான்.|உட்கார்ந்தார்கள்.	உட்கார்		False	True	False	public	NATIVE-CHECK-NUM-2
NUM-X-0574-C1-PL	NUM-X-0574	NUM-002	number		C1	2	0.5000	definite-np	literary		The students climbed outside the hall.	in_sentence	PL	மாணவர்கள் ஏறினார்கள்.	māṇavarkaḷ ēṟiṉārkaḷ.	[14, 20]	ார்கள்	மாணவன் ஏறினான்.	ஏறு		False	True	False	public	NATIVE-CHECK-NUM-2
NUM-X-0574-C1-SG	NUM-X-0574	NUM-002	number		C1	2	0.5000	definite-np	literary		The student climbed outside the hall.	in_sentence	SG	மாணவன் ஏறினான்.	māṇavaṉ ēṟiṉāṉ.	[11, 14]	ான்	மாணவர்கள் ஏறினார்கள்.	ஏறு		False	True	False	public	NATIVE-CHECK-NUM-2
NUM-X-0574-C2-PL	NUM-X-0574	NUM-002	number		C2	2	0.5000	definite-np	literary	Nearly ten young men were waiting in the corridor outside.	The accused climbed outside the hall.	prior_sentence	PL	ஏறினார்கள்.	ēṟiṉārkaḷ.	[4, 10]	ார்கள்	ஏறினான்.	ஏறு		False	True	False	public	NATIVE-CHECK-NUM-2
NUM-X-0574-C2-SG	NUM-X-0574	NUM-002	number		C2	2	0.5000	definite-np	literary	Just one young man was waiting in the corridor outside.	The accused climbed outside the hall.	prior_sentence	SG	ஏறினான்.	ēṟiṉāṉ.	[4, 7]	ான்	ஏறினார்கள்.	ஏறு		False	True	False	public	NATIVE-CHECK-NUM-2
NUM-X-0574-C3-011	NUM-X-0574	NUM-002	number		C3	2	0.5000	definite-np	literary	A long wooden bench was standing in the corridor outside.	The accused climbed outside the hall.	absent				[]		ஏறினான்.|ஏறினார்கள்.	ஏறு		False	True	False	public	NATIVE-CHECK-NUM-2
NUM-X-0574-C3-091	NUM-X-0574	NUM-002	number		C3	2	0.5000	definite-np	literary	A long wooden bench was standing in the corridor outside.	The accused climbed outside the hall.	absent				[]		ஏறினான்.|ஏறினார்கள்.	ஏறு		False	True	False	public	NATIVE-CHECK-NUM-2
NUM-X-0575-C1-PL	NUM-X-0575	NUM-002	number		C1	2	0.5000	definite-np	literary		The students descended outside the hall.	in_sentence	PL	மாணவர்கள் இறங்கினார்கள்.	māṇavarkaḷ iṟaṅkiṉārkaḷ.	[17, 23]	ார்கள்	மாணவன் இறங்கினான்.	இறங்கு		False	True	False	public	NATIVE-CHECK-NUM-2
NUM-X-0575-C1-SG	NUM-X-0575	NUM-002	number		C1	2	0.5000	definite-np	literary		The student descended outside the hall.	in_sentence	SG	மாணவன் இறங்கினான்.	māṇavaṉ iṟaṅkiṉāṉ.	[14, 17]	ான்	மாணவர்கள் இறங்கினார்கள்.	இறங்கு		False	True	False	public	NATIVE-CHECK-NUM-2
NUM-X-0575-C2-PL	NUM-X-0575	NUM-002	number		C2	2	0.5000	definite-np	literary	Four young men had been charged the previous week.	The accused descended outside the hall.	prior_sentence	PL	இறங்கினார்கள்.	iṟaṅkiṉārkaḷ.	[7, 13]	ார்கள்	இறங்கினான்.	இறங்கு		False	True	False	public	NATIVE-CHECK-NUM-2
NUM-X-0575-C2-SG	NUM-X-0575	NUM-002	number		C2	2	0.5000	definite-np	literary	One young man had been charged the previous week.	The accused descended outside the hall.	prior_sentence	SG	இறங்கினான்.	iṟaṅkiṉāṉ.	[7, 10]	ான்	இறங்கினார்கள்.	இறங்கு		False	True	False	public	NATIVE-CHECK-NUM-2
NUM-X-0575-C3-012	NUM-X-0575	NUM-002	number		C3	2	0.5000	definite-np	literary	A new notice had been posted the previous week.	The accused descended outside the hall.	absent				[]		இறங்கினான்.|இறங்கினார்கள்.	இறங்கு		False	True	False	public	NATIVE-CHECK-NUM-2
NUM-X-0575-C3-092	NUM-X-0575	NUM-002	number		C3	2	0.5000	definite-np	literary	A new notice had been posted the previous week.	The accused descended outside the hall.	absent				[]		இறங்கினான்.|இறங்கினார்கள்.	இறங்கு		False	True	False	public	NATIVE-CHECK-NUM-2
NUM-X-0576-C1-PL	NUM-X-0576	NUM-002	number		C1	2	0.5000	definite-np	literary		The students went outside the hall.	in_sentence	PL	மாணவர்கள் சென்றார்கள்.	māṇavarkaḷ ceṉṟārkaḷ.	[15, 21]	ார்கள்	மாணவன் சென்றான்.	செல்		False	True	False	public	NATIVE-CHECK-NUM-2
NUM-X-0576-C1-SG	NUM-X-0576	NUM-002	number		C1	2	0.5000	definite-np	literary		The student went outside the hall.	in_sentence	SG	மாணவன் சென்றான்.	māṇavaṉ ceṉṟāṉ.	[12, 15]	ான்	மாணவர்கள் சென்றார்கள்.	செல்		False	True	False	public	NATIVE-CHECK-NUM-2
NUM-X-0576-C2-PL	NUM-X-0576	NUM-002	number		C2	2	0.5000	definite-np	literary	The young men in the dock had said nothing.	The accused went outside the hall.	prior_sentence	PL	சென்றார்கள்.	ceṉṟārkaḷ.	[5, 11]	ார்கள்	சென்றான்.	செல்		False	True	False	public	NATIVE-CHECK-NUM-2
NUM-X-0576-C2-SG	NUM-X-0576	NUM-002	number		C2	2	0.5000	definite-np	literary	The young man in the dock had said nothing.	The accused went outside the hall.	prior_sentence	SG	சென்றான்.	ceṉṟāṉ.	[5, 8]	ான்	சென்றார்கள்.	செல்		False	True	False	public	NATIVE-CHECK-NUM-2
NUM-X-0576-C3-013	NUM-X-0576	NUM-002	number		C3	2	0.5000	definite-np	literary	The old clock in the corner had stopped working.	The accused went outside the hall.	absent				[]		சென்றான்.|சென்றார்கள்.	செல்		False	True	False	public	NATIVE-CHECK-NUM-2
NUM-X-0576-C3-093	NUM-X-0576	NUM-002	number		C3	2	0.5000	definite-np	literary	The old clock in the corner had stopped working.	The accused went outside the hall.	absent				[]		சென்றான்.|சென்றார்கள்.	செல்		False	True	False	public	NATIVE-CHECK-NUM-2
NUM-X-0577-C1-PL	NUM-X-0577	NUM-002	number		C1	2	0.5000	definite-np	literary		The students moved outside the hall.	in_sentence	PL	மாணவர்கள் நகர்ந்தார்கள்.	māṇavarkaḷ nakarntārkaḷ.	[17, 23]	ார்கள்	மாணவன் நகர்ந்தான்.	நகர்		False	True	False	public	NATIVE-CHECK-NUM-2
NUM-X-0577-C1-SG	NUM-X-0577	NUM-002	number		C1	2	0.5000	definite-np	literary		The student moved outside the hall.	in_sentence	SG	மாணவன் நகர்ந்தான்.	māṇavaṉ nakarntāṉ.	[14, 17]	ான்	மாணவர்கள் நகர்ந்தார்கள்.	நகர்		False	True	False	public	NATIVE-CHECK-NUM-2
NUM-X-0577-C2-PL	NUM-X-0577	NUM-002	number		C2	2	0.5000	definite-np	literary	Two dozen young men had been brought in that night.	The accused moved outside the hall.	prior_sentence	PL	நகர்ந்தார்கள்.	nakarntārkaḷ.	[7, 13]	ார்கள்	நகர்ந்தான்.	நகர்		False	True	False	public	NATIVE-CHECK-NUM-2
NUM-X-0577-C2-SG	NUM-X-0577	NUM-002	number		C2	2	0.5000	definite-np	literary	A lone young man had been brought in that night.	The accused moved outside the hall.	prior_sentence	SG	நகர்ந்தான்.	nakarntāṉ.	[7, 10]	ான்	நகர்ந்தார்கள்.	நகர்		False	True	False	public	NATIVE-CHECK-NUM-2
NUM-X-0577-C3-014	NUM-X-0577	NUM-002	number		C3	2	0.5000	definite-np	literary	A heavy iron gate had been shut for that night.	The accused moved outside the hall.	absent				[]		நகர்ந்தான்.|நகர்ந்தார்கள்.	நகர்		False	True	False	public	NATIVE-CHECK-NUM-2
NUM-X-0577-C3-094	NUM-X-0577	NUM-002	number		C3	2	0.5000	definite-np	literary	A heavy iron gate had been shut for that night.	The accused moved outside the hall.	absent				[]		நகர்ந்தான்.|நகர்ந்தார்கள்.	நகர்		False	True	False	public	NATIVE-CHECK-NUM-2
NUM-X-0578-C1-PL	NUM-X-0578	NUM-002	number		C1	2	0.5000	definite-np	literary		The students jumped outside the hall.	in_sentence	PL	மாணவர்கள் குதித்தார்கள்.	māṇavarkaḷ kutittārkaḷ.	[17, 23]	ார்கள்	மாணவன் குதித்தான்.	குதி		False	True	False	public	NATIVE-CHECK-NUM-2
NUM-X-0578-C1-SG	NUM-X-0578	NUM-002	number		C1	2	0.5000	definite-np	literary		The student jumped outside the hall.	in_sentence	SG	மாணவன் குதித்தான்.	māṇavaṉ kutittāṉ.	[14, 17]	ான்	மாணவர்கள் குதித்தார்கள்.	குதி		False	True	False	public	NATIVE-CHECK-NUM-2
NUM-X-0578-C2-PL	NUM-X-0578	NUM-002	number		C2	2	0.5000	definite-np	literary	Nine young men had been held since the previous evening.	The accused jumped outside the hall.	prior_sentence	PL	குதித்தார்கள்.	kutittārkaḷ.	[7, 13]	ார்கள்	குதித்தான்.	குதி		False	True	False	public	NATIVE-CHECK-NUM-2
NUM-X-0578-C2-SG	NUM-X-0578	NUM-002	number		C2	2	0.5000	definite-np	literary	One young man had been held since the previous evening.	The accused jumped outside the hall.	prior_sentence	SG	குதித்தான்.	kutittāṉ.	[7, 10]	ான்	குதித்தார்கள்.	குதி		False	True	False	public	NATIVE-CHECK-NUM-2
NUM-X-0578-C3-015	NUM-X-0578	NUM-002	number		C3	2	0.5000	definite-np	literary	A small lamp had been burning since the previous evening.	The accused jumped outside the hall.	absent				[]		குதித்தான்.|குதித்தார்கள்.	குதி		False	True	False	public	NATIVE-CHECK-NUM-2
NUM-X-0578-C3-095	NUM-X-0578	NUM-002	number		C3	2	0.5000	definite-np	literary	A small lamp had been burning since the previous evening.	The accused jumped outside the hall.	absent				[]		குதித்தான்.|குதித்தார்கள்.	குதி		False	True	False	public	NATIVE-CHECK-NUM-2
NUM-X-0579-C1-PL	NUM-X-0579	NUM-003	number		C1	2	0.5000	definite-np	literary		The students smiled before the others.	in_sentence	PL	மாணவர்கள் நகைத்தார்கள்.	māṇavarkaḷ nakaittārkaḷ.	[16, 22]	ார்கள்	மாணவன் நகைத்தான்.	நகை		False	True	False	public	NATIVE-CHECK-NUM-2
NUM-X-0579-C1-SG	NUM-X-0579	NUM-003	number		C1	2	0.5000	definite-np	literary		The student smiled before the others.	in_sentence	SG	மாணவன் நகைத்தான்.	māṇavaṉ nakaittāṉ.	[13, 16]	ான்	மாணவர்கள் நகைத்தார்கள்.	நகை		False	True	False	public	NATIVE-CHECK-NUM-2
NUM-X-0579-C2-PL	NUM-X-0579	NUM-003	number		C2	2	0.5000	definite-np	literary	Six young men had been accused of the theft.	The accused smiled before the others.	prior_sentence	PL	நகைத்தார்கள்.	nakaittārkaḷ.	[6, 12]	ார்கள்	நகைத்தான்.	நகை		False	True	False	public	NATIVE-CHECK-NUM-2
NUM-X-0579-C2-SG	NUM-X-0579	NUM-003	number		C2	2	0.5000	definite-np	literary	One young man had been accused of the theft.	The accused smiled before the others.	prior_sentence	SG	நகைத்தான்.	nakaittāṉ.	[6, 9]	ான்	நகைத்தார்கள்.	நகை		False	True	False	public	NATIVE-CHECK-NUM-2
NUM-X-0579-C3-016	NUM-X-0579	NUM-003	number		C3	2	0.5000	definite-np	literary	A short notice about the theft had gone up.	The accused smiled before the others.	absent				[]		நகைத்தான்.|நகைத்தார்கள்.	நகை		False	True	False	public	NATIVE-CHECK-NUM-2
NUM-X-0579-C3-096	NUM-X-0579	NUM-003	number		C3	2	0.5000	definite-np	literary	A short notice about the theft had gone up.	The accused smiled before the others.	absent				[]		நகைத்தான்.|நகைத்தார்கள்.	நகை		False	True	False	public	NATIVE-CHECK-NUM-2
NUM-X-0580-C1-PL	NUM-X-0580	NUM-003	number		C1	2	0.5000	definite-np	literary		The students feared before the others.	in_sentence	PL	மாணவர்கள் அஞ்சினார்கள்.	māṇavarkaḷ añciṉārkaḷ.	[16, 22]	ார்கள்	மாணவன் அஞ்சினான்.	அஞ்சு		False	True	False	public	NATIVE-CHECK-NUM-2
NUM-X-0580-C1-SG	NUM-X-0580	NUM-003	number		C1	2	0.5000	definite-np	literary		The student feared before the others.	in_sentence	SG	மாணவன் அஞ்சினான்.	māṇavaṉ añciṉāṉ.	[13, 16]	ான்	மாணவர்கள் அஞ்சினார்கள்.	அஞ்சு		False	True	False	public	NATIVE-CHECK-NUM-2
NUM-X-0580-C2-PL	NUM-X-0580	NUM-003	number		C2	2	0.5000	definite-np	literary	Almost twenty young men were named in the report.	The accused feared before the others.	prior_sentence	PL	அஞ்சினார்கள்.	añciṉārkaḷ.	[6, 12]	ார்கள்	அஞ்சினான்.	அஞ்சு		False	True	False	public	NATIVE-CHECK-NUM-2
NUM-X-0580-C2-SG	NUM-X-0580	NUM-003	number		C2	2	0.5000	definite-np	literary	Only one young man was named in the report.	The accused feared before the others.	prior_sentence	SG	அஞ்சினான்.	añciṉāṉ.	[6, 9]	ான்	அஞ்சினார்கள்.	அஞ்சு		False	True	False	public	NATIVE-CHECK-NUM-2
NUM-X-0580-C3-017	NUM-X-0580	NUM-003	number		C3	2	0.5000	definite-np	literary	Only a short summary was printed in the report.	The accused feared before the others.	absent				[]		அஞ்சினான்.|அஞ்சினார்கள்.	அஞ்சு		False	True	False	public	NATIVE-CHECK-NUM-2
NUM-X-0580-C3-097	NUM-X-0580	NUM-003	number		C3	2	0.5000	definite-np	literary	Only a short summary was printed in the report.	The accused feared before the others.	absent				[]		அஞ்சினான்.|அஞ்சினார்கள்.	அஞ்சு		False	True	False	public	NATIVE-CHECK-NUM-2
NUM-X-0581-C1-PL	NUM-X-0581	NUM-003	number		C1	2	0.5000	definite-np	literary		The kings came before the others.	in_sentence	PL	அரசர்கள் வந்தார்கள்.	aracarkaḷ vantārkaḷ.	[13, 19]	ார்கள்	அரசன் வந்தான்.	வா		False	True	False	public	NATIVE-CHECK-NUM-2
NUM-X-0581-C1-SG	NUM-X-0581	NUM-003	number		C1	2	0.5000	definite-np	literary		The king came before the others.	in_sentence	SG	அரசன் வந்தான்.	aracaṉ vantāṉ.	[10, 13]	ான்	அரசர்கள் வந்தார்கள்.	வா		False	True	False	public	NATIVE-CHECK-NUM-2
NUM-X-0581-C2-PL	NUM-X-0581	NUM-003	number		C2	2	0.5000	definite-np	literary	About twelve young men stood before the magistrate that morning.	The accused came before the others.	prior_sentence	PL	வந்தார்கள்.	vantārkaḷ.	[4, 10]	ார்கள்	வந்தான்.	வா		False	True	False	public	NATIVE-CHECK-NUM-2
NUM-X-0581-C2-SG	NUM-X-0581	NUM-003	number		C2	2	0.5000	definite-np	literary	A single young man stood before the magistrate that morning.	The accused came before the others.	prior_sentence	SG	வந்தான்.	vantāṉ.	[4, 7]	ான்	வந்தார்கள்.	வா		False	True	False	public	NATIVE-CHECK-NUM-2
NUM-X-0581-C3-018	NUM-X-0581	NUM-003	number		C3	2	0.5000	definite-np	literary	A long queue had formed before the magistrate that morning.	The accused came before the others.	absent				[]		வந்தான்.|வந்தார்கள்.	வா		False	True	False	public	NATIVE-CHECK-NUM-2
NUM-X-0581-C3-098	NUM-X-0581	NUM-003	number		C3	2	0.5000	definite-np	literary	A long queue had formed before the magistrate that morning.	The accused came before the others.	absent				[]		வந்தான்.|வந்தார்கள்.	வா		False	True	False	public	NATIVE-CHECK-NUM-2
NUM-X-0582-C1-PL	NUM-X-0582	NUM-003	number		C1	2	0.5000	definite-np	literary		The kings ran before the others.	in_sentence	PL	அரசர்கள் ஓடினார்கள்.	aracarkaḷ ōṭiṉārkaḷ.	[13, 19]	ார்கள்	அரசன் ஓடினான்.	ஓடு		False	True	False	public	NATIVE-CHECK-NUM-2
NUM-X-0582-C1-SG	NUM-X-0582	NUM-003	number		C1	2	0.5000	definite-np	literary		The king ran before the others.	in_sentence	SG	அரசன் ஓடினான்.	aracaṉ ōṭiṉāṉ.	[10, 13]	ான்	அரசர்கள் ஓடினார்கள்.	ஓடு		False	True	False	public	NATIVE-CHECK-NUM-2
NUM-X-0582-C2-PL	NUM-X-0582	NUM-003	number		C2	2	0.5000	definite-np	literary	Nearly ten young men were waiting in the corridor outside.	The accused ran before the others.	prior_sentence	PL	ஓடினார்கள்.	ōṭiṉārkaḷ.	[4, 10]	ார்கள்	ஓடினான்.	ஓடு		False	True	False	public	NATIVE-CHECK-NUM-2
NUM-X-0582-C2-SG	NUM-X-0582	NUM-003	number		C2	2	0.5000	definite-np	literary	Just one young man was waiting in the corridor outside.	The accused ran before the others.	prior_sentence	SG	ஓடினான்.	ōṭiṉāṉ.	[4, 7]	ான்	ஓடினார்கள்.	ஓடு		False	True	False	public	NATIVE-CHECK-NUM-2
NUM-X-0582-C3-019	NUM-X-0582	NUM-003	number		C3	2	0.5000	definite-np	literary	A long wooden bench was standing in the corridor outside.	The accused ran before the others.	absent				[]		ஓடினான்.|ஓடினார்கள்.	ஓடு		False	True	False	public	NATIVE-CHECK-NUM-2
NUM-X-0582-C3-099	NUM-X-0582	NUM-003	number		C3	2	0.5000	definite-np	literary	A long wooden bench was standing in the corridor outside.	The accused ran before the others.	absent				[]		ஓடினான்.|ஓடினார்கள்.	ஓடு		False	True	False	public	NATIVE-CHECK-NUM-2
NUM-X-0583-C1-PL	NUM-X-0583	NUM-003	number		C1	2	0.5000	definite-np	literary		The kings walked before the others.	in_sentence	PL	அரசர்கள் நடந்தார்கள்.	aracarkaḷ naṭantārkaḷ.	[14, 20]	ார்கள்	அரசன் நடந்தான்.	நட		False	True	False	public	NATIVE-CHECK-NUM-2
NUM-X-0583-C1-SG	NUM-X-0583	NUM-003	number		C1	2	0.5000	definite-np	literary		The king walked before the others.	in_sentence	SG	அரசன் நடந்தான்.	aracaṉ naṭantāṉ.	[11, 14]	ான்	அரசர்கள் நடந்தார்கள்.	நட		False	True	False	public	NATIVE-CHECK-NUM-2
NUM-X-0583-C2-PL	NUM-X-0583	NUM-003	number		C2	2	0.5000	definite-np	literary	Four young men had been charged the previous week.	The accused walked before the others.	prior_sentence	PL	நடந்தார்கள்.	naṭantārkaḷ.	[5, 11]	ார்கள்	நடந்தான்.	நட		False	True	False	public	NATIVE-CHECK-NUM-2
NUM-X-0583-C2-SG	NUM-X-0583	NUM-003	number		C2	2	0.5000	definite-np	literary	One young man had been charged the previous week.	The accused walked before the others.	prior_sentence	SG	நடந்தான்.	naṭantāṉ.	[5, 8]	ான்	நடந்தார்கள்.	நட		False	True	False	public	NATIVE-CHECK-NUM-2
NUM-X-0583-C3-020	NUM-X-0583	NUM-003	number		C3	2	0.5000	definite-np	literary	A new notice had been posted the previous week.	The accused walked before the others.	absent				[]		நடந்தான்.|நடந்தார்கள்.	நட		False	True	False	public	NATIVE-CHECK-NUM-2
NUM-X-0584-C1-PL	NUM-X-0584	NUM-003	number		C1	2	0.5000	definite-np	literary		The kings played before the others.	in_sentence	PL	அரசர்கள் விளையாடினார்கள்.	aracarkaḷ viḷaiyāṭiṉārkaḷ.	[18, 24]	ார்கள்	அரசன் விளையாடினான்.	விளையாடு		False	True	False	public	NATIVE-CHECK-NUM-2
NUM-X-0584-C1-SG	NUM-X-0584	NUM-003	number		C1	2	0.5000	definite-np	literary		The king played before the others.	in_sentence	SG	அரசன் விளையாடினான்.	aracaṉ viḷaiyāṭiṉāṉ.	[15, 18]	ான்	அரசர்கள் விளையாடினார்கள்.	விளையாடு		False	True	False	public	NATIVE-CHECK-NUM-2
NUM-X-0584-C2-PL	NUM-X-0584	NUM-003	number		C2	2	0.5000	definite-np	literary	The young men in the dock had said nothing.	The accused played before the others.	prior_sentence	PL	விளையாடினார்கள்.	viḷaiyāṭiṉārkaḷ.	[9, 15]	ார்கள்	விளையாடினான்.	விளையாடு		False	True	False	public	NATIVE-CHECK-NUM-2
NUM-X-0584-C2-SG	NUM-X-0584	NUM-003	number		C2	2	0.5000	definite-np	literary	The young man in the dock had said nothing.	The accused played before the others.	prior_sentence	SG	விளையாடினான்.	viḷaiyāṭiṉāṉ.	[9, 12]	ான்	விளையாடினார்கள்.	விளையாடு		False	True	False	public	NATIVE-CHECK-NUM-2
NUM-X-0584-C3-021	NUM-X-0584	NUM-003	number		C3	2	0.5000	definite-np	literary	The old clock in the corner had stopped working.	The accused played before the others.	absent				[]		விளையாடினான்.|விளையாடினார்கள்.	விளையாடு		False	True	False	public	NATIVE-CHECK-NUM-2
NUM-X-0585-C1-PL	NUM-X-0585	NUM-003	number		C1	2	0.5000	definite-np	literary		The kings cried before the others.	in_sentence	PL	அரசர்கள் அழுதார்கள்.	aracarkaḷ aḻutārkaḷ.	[13, 19]	ார்கள்	அரசன் அழுதான்.	அழு		False	True	False	public	NATIVE-CHECK-NUM-2
NUM-X-0585-C1-SG	NUM-X-0585	NUM-003	number		C1	2	0.5000	definite-np	literary		The king cried before the others.	in_sentence	SG	அரசன் அழுதான்.	aracaṉ aḻutāṉ.	[10, 13]	ான்	அரசர்கள் அழுதார்கள்.	அழு		False	True	False	public	NATIVE-CHECK-NUM-2
NUM-X-0585-C2-PL	NUM-X-0585	NUM-003	number		C2	2	0.5000	definite-np	literary	Two dozen young men had been brought in that night.	The accused cried before the others.	prior_sentence	PL	அழுதார்கள்.	aḻutārkaḷ.	[4, 10]	ார்கள்	அழுதான்.	அழு		False	True	False	public	NATIVE-CHECK-NUM-2
NUM-X-0585-C2-SG	NUM-X-0585	NUM-003	number		C2	2	0.5000	definite-np	literary	A lone young man had been brought in that night.	The accused cried before the others.	prior_sentence	SG	அழுதான்.	aḻutāṉ.	[4, 7]	ான்	அழுதார்கள்.	அழு		False	True	False	public	NATIVE-CHECK-NUM-2
NUM-X-0585-C3-022	NUM-X-0585	NUM-003	number		C3	2	0.5000	definite-np	literary	A heavy iron gate had been shut for that night.	The accused cried before the others.	absent				[]		அழுதான்.|அழுதார்கள்.	அழு		False	True	False	public	NATIVE-CHECK-NUM-2
NUM-X-0586-C1-PL	NUM-X-0586	NUM-003	number		C1	2	0.5000	definite-np	literary		The kings laughed before the others.	in_sentence	PL	அரசர்கள் சிரித்தார்கள்.	aracarkaḷ cirittārkaḷ.	[16, 22]	ார்கள்	அரசன் சிரித்தான்.	சிரி		False	True	False	public	NATIVE-CHECK-NUM-2
NUM-X-0586-C1-SG	NUM-X-0586	NUM-003	number		C1	2	0.5000	definite-np	literary		The king laughed before the others.	in_sentence	SG	அரசன் சிரித்தான்.	aracaṉ cirittāṉ.	[13, 16]	ான்	அரசர்கள் சிரித்தார்கள்.	சிரி		False	True	False	public	NATIVE-CHECK-NUM-2
NUM-X-0586-C2-PL	NUM-X-0586	NUM-003	number		C2	2	0.5000	definite-np	literary	Nine young men had been held since the previous evening.	The accused laughed before the others.	prior_sentence	PL	சிரித்தார்கள்.	cirittārkaḷ.	[7, 13]	ார்கள்	சிரித்தான்.	சிரி		False	True	False	public	NATIVE-CHECK-NUM-2
NUM-X-0586-C2-SG	NUM-X-0586	NUM-003	number		C2	2	0.5000	definite-np	literary	One young man had been held since the previous evening.	The accused laughed before the others.	prior_sentence	SG	சிரித்தான்.	cirittāṉ.	[7, 10]	ான்	சிரித்தார்கள்.	சிரி		False	True	False	public	NATIVE-CHECK-NUM-2
NUM-X-0586-C3-023	NUM-X-0586	NUM-003	number		C3	2	0.5000	definite-np	literary	A small lamp had been burning since the previous evening.	The accused laughed before the others.	absent				[]		சிரித்தான்.|சிரித்தார்கள்.	சிரி		False	True	False	public	NATIVE-CHECK-NUM-2
NUM-X-0603-C1-PL	NUM-X-0603	NUM-006	number		C1	2	0.5000	definite-np	literary		The leaders cried in the back room.	in_sentence	PL	தலைவர்கள் அழுதார்கள்.	talaivarkaḷ aḻutārkaḷ.	[14, 20]	ார்கள்	தலைவன் அழுதான்.	அழு		False	True	False	public	NATIVE-CHECK-NUM-2
NUM-X-0603-C1-SG	NUM-X-0603	NUM-006	number		C1	2	0.5000	definite-np	literary		The leader cried in the back room.	in_sentence	SG	தலைவன் அழுதான்.	talaivaṉ aḻutāṉ.	[11, 14]	ான்	தலைவர்கள் அழுதார்கள்.	அழு		False	True	False	public	NATIVE-CHECK-NUM-2
NUM-X-0603-C2-PL	NUM-X-0603	NUM-006	number		C2	2	0.5000	definite-np	literary	Six young men had been accused of the theft.	The accused cried in the back room.	prior_sentence	PL	அழுதார்கள்.	aḻutārkaḷ.	[4, 10]	ார்கள்	அழுதான்.	அழு		False	True	False	public	NATIVE-CHECK-NUM-2
NUM-X-0603-C2-SG	NUM-X-0603	NUM-006	number		C2	2	0.5000	definite-np	literary	One young man had been accused of the theft.	The accused cried in the back room.	prior_sentence	SG	அழுதான்.	aḻutāṉ.	[4, 7]	ான்	அழுதார்கள்.	அழு		False	True	False	public	NATIVE-CHECK-NUM-2
NUM-X-0603-C3-040	NUM-X-0603	NUM-006	number		C3	2	0.5000	definite-np	literary	A short notice about the theft had gone up.	The accused cried in the back room.	absent				[]		அழுதான்.|அழுதார்கள்.	அழு		False	True	False	public	NATIVE-CHECK-NUM-2
NUM-X-0604-C1-PL	NUM-X-0604	NUM-006	number		C1	2	0.5000	definite-np	literary		The leaders laughed in the back room.	in_sentence	PL	தலைவர்கள் சிரித்தார்கள்.	talaivarkaḷ cirittārkaḷ.	[17, 23]	ார்கள்	தலைவன் சிரித்தான்.	சிரி		False	True	False	public	NATIVE-CHECK-NUM-2
NUM-X-0604-C1-SG	NUM-X-0604	NUM-006	number		C1	2	0.5000	definite-np	literary		The leader laughed in the back room.	in_sentence	SG	தலைவன் சிரித்தான்.	talaivaṉ cirittāṉ.	[14, 17]	ான்	தலைவர்கள் சிரித்தார்கள்.	சிரி		False	True	False	public	NATIVE-CHECK-NUM-2
NUM-X-0604-C2-PL	NUM-X-0604	NUM-006	number		C2	2	0.5000	definite-np	literary	Almost twenty young men were named in the report.	The accused laughed in the back room.	prior_sentence	PL	சிரித்தார்கள்.	cirittārkaḷ.	[7, 13]	ார்கள்	சிரித்தான்.	சிரி		False	True	False	public	NATIVE-CHECK-NUM-2
NUM-X-0604-C2-SG	NUM-X-0604	NUM-006	number		C2	2	0.5000	definite-np	literary	Only one young man was named in the report.	The accused laughed in the back room.	prior_sentence	SG	சிரித்தான்.	cirittāṉ.	[7, 10]	ான்	சிரித்தார்கள்.	சிரி		False	True	False	public	NATIVE-CHECK-NUM-2
NUM-X-0604-C3-041	NUM-X-0604	NUM-006	number		C3	2	0.5000	definite-np	literary	Only a short summary was printed in the report.	The accused laughed in the back room.	absent				[]		சிரித்தான்.|சிரித்தார்கள்.	சிரி		False	True	False	public	NATIVE-CHECK-NUM-2
NUM-X-0605-C1-PL	NUM-X-0605	NUM-006	number		C1	2	0.5000	definite-np	literary		The leaders flew in the back room.	in_sentence	PL	தலைவர்கள் பறந்தார்கள்.	talaivarkaḷ paṟantārkaḷ.	[15, 21]	ார்கள்	தலைவன் பறந்தான்.	பற		False	True	False	public	NATIVE-CHECK-NUM-2
NUM-X-0605-C1-SG	NUM-X-0605	NUM-006	number		C1	2	0.5000	definite-np	literary		The leader flew in the back room.	in_sentence	SG	தலைவன் பறந்தான்.	talaivaṉ paṟantāṉ.	[12, 15]	ான்	தலைவர்கள் பறந்தார்கள்.	பற		False	True	False	public	NATIVE-CHECK-NUM-2
NUM-X-0605-C2-PL	NUM-X-0605	NUM-006	number		C2	2	0.5000	definite-np	literary	About twelve young men stood before the magistrate that morning.	The accused flew in the back room.	prior_sentence	PL	பறந்தார்கள்.	paṟantārkaḷ.	[5, 11]	ார்கள்	பறந்தான்.	பற		False	True	False	public	NATIVE-CHECK-NUM-2
NUM-X-0605-C2-SG	NUM-X-0605	NUM-006	number		C2	2	0.5000	definite-np	literary	A single young man stood before the magistrate that morning.	The accused flew in the back room.	prior_sentence	SG	பறந்தான்.	paṟantāṉ.	[5, 8]	ான்	பறந்தார்கள்.	பற		False	True	False	public	NATIVE-CHECK-NUM-2
NUM-X-0605-C3-042	NUM-X-0605	NUM-006	number		C3	2	0.5000	definite-np	literary	A long queue had formed before the magistrate that morning.	The accused flew in the back room.	absent				[]		பறந்தான்.|பறந்தார்கள்.	பற		False	True	False	public	NATIVE-CHECK-NUM-2
NUM-X-0606-C1-PL	NUM-X-0606	NUM-006	number		C1	2	0.5000	definite-np	literary		The leaders swam in the back room.	in_sentence	PL	தலைவர்கள் நீந்தினார்கள்.	talaivarkaḷ nīntiṉārkaḷ.	[17, 23]	ார்கள்	தலைவன் நீந்தினான்.	நீந்து		False	True	False	public	NATIVE-CHECK-NUM-2
NUM-X-0606-C1-SG	NUM-X-0606	NUM-006	number		C1	2	0.5000	definite-np	literary		The leader swam in the back room.	in_sentence	SG	தலைவன் நீந்தினான்.	talaivaṉ nīntiṉāṉ.	[14, 17]	ான்	தலைவர்கள் நீந்தினார்கள்.	நீந்து		False	True	False	public	NATIVE-CHECK-NUM-2
NUM-X-0606-C2-PL	NUM-X-0606	NUM-006	number		C2	2	0.5000	definite-np	literary	Nearly ten young men were waiting in the corridor outside.	The accused swam in the back room.	prior_sentence	PL	நீந்தினார்கள்.	nīntiṉārkaḷ.	[7, 13]	ார்கள்	நீந்தினான்.	நீந்து		False	True	False	public	NATIVE-CHECK-NUM-2
NUM-X-0606-C2-SG	NUM-X-0606	NUM-006	number		C2	2	0.5000	definite-np	literary	Just one young man was waiting in the corridor outside.	The accused swam in the back room.	prior_sentence	SG	நீந்தினான்.	nīntiṉāṉ.	[7, 10]	ான்	நீந்தினார்கள்.	நீந்து		False	True	False	public	NATIVE-CHECK-NUM-2
NUM-X-0606-C3-043	NUM-X-0606	NUM-006	number		C3	2	0.5000	definite-np	literary	A long wooden bench was standing in the corridor outside.	The accused swam in the back room.	absent				[]		நீந்தினான்.|நீந்தினார்கள்.	நீந்து		False	True	False	public	NATIVE-CHECK-NUM-2
NUM-X-0607-C1-PL	NUM-X-0607	NUM-006	number		C1	2	0.5000	definite-np	literary		The leaders spoke in the back room.	in_sentence	PL	தலைவர்கள் பேசினார்கள்.	talaivarkaḷ pēciṉārkaḷ.	[15, 21]	ார்கள்	தலைவன் பேசினான்.	பேசு		False	True	False	public	NATIVE-CHECK-NUM-2
NUM-X-0607-C1-SG	NUM-X-0607	NUM-006	number		C1	2	0.5000	definite-np	literary		The leader spoke in the back room.	in_sentence	SG	தலைவன் பேசினான்.	talaivaṉ pēciṉāṉ.	[12, 15]	ான்	தலைவர்கள் பேசினார்கள்.	பேசு		False	True	False	public	NATIVE-CHECK-NUM-2
NUM-X-0607-C2-PL	NUM-X-0607	NUM-006	number		C2	2	0.5000	definite-np	literary	Four young men had been charged the previous week.	The accused spoke in the back room.	prior_sentence	PL	பேசினார்கள்.	pēciṉārkaḷ.	[5, 11]	ார்கள்	பேசினான்.	பேசு		False	True	False	public	NATIVE-CHECK-NUM-2
NUM-X-0607-C2-SG	NUM-X-0607	NUM-006	number		C2	2	0.5000	definite-np	literary	One young man had been charged the previous week.	The accused spoke in the back room.	prior_sentence	SG	பேசினான்.	pēciṉāṉ.	[5, 8]	ான்	பேசினார்கள்.	பேசு		False	True	False	public	NATIVE-CHECK-NUM-2
NUM-X-0607-C3-044	NUM-X-0607	NUM-006	number		C3	2	0.5000	definite-np	literary	A new notice had been posted the previous week.	The accused spoke in the back room.	absent				[]		பேசினான்.|பேசினார்கள்.	பேசு		False	True	False	public	NATIVE-CHECK-NUM-2
NUM-X-0608-C1-PL	NUM-X-0608	NUM-006	number		C1	2	0.5000	definite-np	literary		The leaders rose in the back room.	in_sentence	PL	தலைவர்கள் எழுந்தார்கள்.	talaivarkaḷ eḻuntārkaḷ.	[16, 22]	ார்கள்	தலைவன் எழுந்தான்.	எழு		False	True	False	public	NATIVE-CHECK-NUM-2
NUM-X-0608-C1-SG	NUM-X-0608	NUM-006	number		C1	2	0.5000	definite-np	literary		The leader rose in the back room.	in_sentence	SG	தலைவன் எழுந்தான்.	talaivaṉ eḻuntāṉ.	[13, 16]	ான்	தலைவர்கள் எழுந்தார்கள்.	எழு		False	True	False	public	NATIVE-CHECK-NUM-2
NUM-X-0608-C2-PL	NUM-X-0608	NUM-006	number		C2	2	0.5000	definite-np	literary	The young men in the dock had said nothing.	The accused rose in the back room.	prior_sentence	PL	எழுந்தார்கள்.	eḻuntārkaḷ.	[6, 12]	ார்கள்	எழுந்தான்.	எழு		False	True	False	public	NATIVE-CHECK-NUM-2
NUM-X-0608-C2-SG	NUM-X-0608	NUM-006	number		C2	2	0.5000	definite-np	literary	The young man in the dock had said nothing.	The accused rose in the back room.	prior_sentence	SG	எழுந்தான்.	eḻuntāṉ.	[6, 9]	ான்	எழுந்தார்கள்.	எழு		False	True	False	public	NATIVE-CHECK-NUM-2
NUM-X-0608-C3-045	NUM-X-0608	NUM-006	number		C3	2	0.5000	definite-np	literary	The old clock in the corner had stopped working.	The accused rose in the back room.	absent				[]		எழுந்தான்.|எழுந்தார்கள்.	எழு		False	True	False	public	NATIVE-CHECK-NUM-2
NUM-X-0609-C1-PL	NUM-X-0609	NUM-006	number		C1	2	0.5000	definite-np	literary		The leaders sat in the back room.	in_sentence	PL	தலைவர்கள் உட்கார்ந்தார்கள்.	talaivarkaḷ uṭkārntārkaḷ.	[20, 26]	ார்கள்	தலைவன் உட்கார்ந்தான்.	உட்கார்		False	True	False	public	NATIVE-CHECK-NUM-2
NUM-X-0609-C1-SG	NUM-X-0609	NUM-006	number		C1	2	0.5000	definite-np	literary		The leader sat in the back room.	in_sentence	SG	தலைவன் உட்கார்ந்தான்.	talaivaṉ uṭkārntāṉ.	[17, 20]	ான்	தலைவர்கள் உட்கார்ந்தார்கள்.	உட்கார்		False	True	False	public	NATIVE-CHECK-NUM-2
NUM-X-0609-C2-PL	NUM-X-0609	NUM-006	number		C2	2	0.5000	definite-np	literary	Two dozen young men had been brought in that night.	The accused sat in the back room.	prior_sentence	PL	உட்கார்ந்தார்கள்.	uṭkārntārkaḷ.	[10, 16]	ார்கள்	உட்கார்ந்தான்.	உட்கார்		False	True	False	public	NATIVE-CHECK-NUM-2
NUM-X-0609-C2-SG	NUM-X-0609	NUM-006	number		C2	2	0.5000	definite-np	literary	A lone young man had been brought in that night.	The accused sat in the back room.	prior_sentence	SG	உட்கார்ந்தான்.	uṭkārntāṉ.	[10, 13]	ான்	உட்கார்ந்தார்கள்.	உட்கார்		False	True	False	public	NATIVE-CHECK-NUM-2
NUM-X-0609-C3-046	NUM-X-0609	NUM-006	number		C3	2	0.5000	definite-np	literary	A heavy iron gate had been shut for that night.	The accused sat in the back room.	absent				[]		உட்கார்ந்தான்.|உட்கார்ந்தார்கள்.	உட்கார்		False	True	False	public	NATIVE-CHECK-NUM-2
NUM-X-0610-C1-PL	NUM-X-0610	NUM-006	number		C1	2	0.5000	definite-np	literary		The leaders climbed in the back room.	in_sentence	PL	தலைவர்கள் ஏறினார்கள்.	talaivarkaḷ ēṟiṉārkaḷ.	[14, 20]	ார்கள்	தலைவன் ஏறினான்.	ஏறு		False	True	False	public	NATIVE-CHECK-NUM-2
NUM-X-0610-C1-SG	NUM-X-0610	NUM-006	number		C1	2	0.5000	definite-np	literary		The leader climbed in the back room.	in_sentence	SG	தலைவன் ஏறினான்.	talaivaṉ ēṟiṉāṉ.	[11, 14]	ான்	தலைவர்கள் ஏறினார்கள்.	ஏறு		False	True	False	public	NATIVE-CHECK-NUM-2
NUM-X-0610-C2-PL	NUM-X-0610	NUM-006	number		C2	2	0.5000	definite-np	literary	Nine young men had been held since the previous evening.	The accused climbed in the back room.	prior_sentence	PL	ஏறினார்கள்.	ēṟiṉārkaḷ.	[4, 10]	ார்கள்	ஏறினான்.	ஏறு		False	True	False	public	NATIVE-CHECK-NUM-2
NUM-X-0610-C2-SG	NUM-X-0610	NUM-006	number		C2	2	0.5000	definite-np	literary	One young man had been held since the previous evening.	The accused climbed in the back room.	prior_sentence	SG	ஏறினான்.	ēṟiṉāṉ.	[4, 7]	ான்	ஏறினார்கள்.	ஏறு		False	True	False	public	NATIVE-CHECK-NUM-2
NUM-X-0610-C3-047	NUM-X-0610	NUM-006	number		C3	2	0.5000	definite-np	literary	A small lamp had been burning since the previous evening.	The accused climbed in the back room.	absent				[]		ஏறினான்.|ஏறினார்கள்.	ஏறு		False	True	False	public	NATIVE-CHECK-NUM-2
NUM-X-0611-C1-PL	NUM-X-0611	NUM-007	number		C1	2	0.5000	definite-np	literary		The leaders descended shortly after that.	in_sentence	PL	தலைவர்கள் இறங்கினார்கள்.	talaivarkaḷ iṟaṅkiṉārkaḷ.	[17, 23]	ார்கள்	தலைவன் இறங்கினான்.	இறங்கு		False	True	False	public	NATIVE-CHECK-NUM-2
NUM-X-0611-C1-SG	NUM-X-0611	NUM-007	number		C1	2	0.5000	definite-np	literary		The leader descended shortly after that.	in_sentence	SG	தலைவன் இறங்கினான்.	talaivaṉ iṟaṅkiṉāṉ.	[14, 17]	ான்	தலைவர்கள் இறங்கினார்கள்.	இறங்கு		False	True	False	public	NATIVE-CHECK-NUM-2
NUM-X-0611-C2-PL	NUM-X-0611	NUM-007	number		C2	2	0.5000	definite-np	literary	Six young men had been accused of the theft.	The accused descended shortly after that.	prior_sentence	PL	இறங்கினார்கள்.	iṟaṅkiṉārkaḷ.	[7, 13]	ார்கள்	இறங்கினான்.	இறங்கு		False	True	False	public	NATIVE-CHECK-NUM-2
NUM-X-0611-C2-SG	NUM-X-0611	NUM-007	number		C2	2	0.5000	definite-np	literary	One young man had been accused of the theft.	The accused descended shortly after that.	prior_sentence	SG	இறங்கினான்.	iṟaṅkiṉāṉ.	[7, 10]	ான்	இறங்கினார்கள்.	இறங்கு		False	True	False	public	NATIVE-CHECK-NUM-2
NUM-X-0611-C3-048	NUM-X-0611	NUM-007	number		C3	2	0.5000	definite-np	literary	A short notice about the theft had gone up.	The accused descended shortly after that.	absent				[]		இறங்கினான்.|இறங்கினார்கள்.	இறங்கு		False	True	False	public	NATIVE-CHECK-NUM-2
NUM-X-0612-C1-PL	NUM-X-0612	NUM-007	number		C1	2	0.5000	definite-np	literary		The leaders went shortly after that.	in_sentence	PL	தலைவர்கள் சென்றார்கள்.	talaivarkaḷ ceṉṟārkaḷ.	[15, 21]	ார்கள்	தலைவன் சென்றான்.	செல்		False	True	False	public	NATIVE-CHECK-NUM-2
NUM-X-0612-C1-SG	NUM-X-0612	NUM-007	number		C1	2	0.5000	definite-np	literary		The leader went shortly after that.	in_sentence	SG	தலைவன் சென்றான்.	talaivaṉ ceṉṟāṉ.	[12, 15]	ான்	தலைவர்கள் சென்றார்கள்.	செல்		False	True	False	public	NATIVE-CHECK-NUM-2
NUM-X-0612-C2-PL	NUM-X-0612	NUM-007	number		C2	2	0.5000	definite-np	literary	Almost twenty young men were named in the report.	The accused went shortly after that.	prior_sentence	PL	சென்றார்கள்.	ceṉṟārkaḷ.	[5, 11]	ார்கள்	சென்றான்.	செல்		False	True	False	public	NATIVE-CHECK-NUM-2
NUM-X-0612-C2-SG	NUM-X-0612	NUM-007	number		C2	2	0.5000	definite-np	literary	Only one young man was named in the report.	The accused went shortly after that.	prior_sentence	SG	சென்றான்.	ceṉṟāṉ.	[5, 8]	ான்	சென்றார்கள்.	செல்		False	True	False	public	NATIVE-CHECK-NUM-2
NUM-X-0612-C3-049	NUM-X-0612	NUM-007	number		C3	2	0.5000	definite-np	literary	Only a short summary was printed in the report.	The accused went shortly after that.	absent				[]		சென்றான்.|சென்றார்கள்.	செல்		False	True	False	public	NATIVE-CHECK-NUM-2
NUM-X-0613-C1-PL	NUM-X-0613	NUM-007	number		C1	2	0.5000	definite-np	literary		The leaders moved shortly after that.	in_sentence	PL	தலைவர்கள் நகர்ந்தார்கள்.	talaivarkaḷ nakarntārkaḷ.	[17, 23]	ார்கள்	தலைவன் நகர்ந்தான்.	நகர்		False	True	False	public	NATIVE-CHECK-NUM-2
NUM-X-0613-C1-SG	NUM-X-0613	NUM-007	number		C1	2	0.5000	definite-np	literary		The leader moved shortly after that.	in_sentence	SG	தலைவன் நகர்ந்தான்.	talaivaṉ nakarntāṉ.	[14, 17]	ான்	தலைவர்கள் நகர்ந்தார்கள்.	நகர்		False	True	False	public	NATIVE-CHECK-NUM-2
NUM-X-0613-C2-PL	NUM-X-0613	NUM-007	number		C2	2	0.5000	definite-np	literary	About twelve young men stood before the magistrate that morning.	The accused moved shortly after that.	prior_sentence	PL	நகர்ந்தார்கள்.	nakarntārkaḷ.	[7, 13]	ார்கள்	நகர்ந்தான்.	நகர்		False	True	False	public	NATIVE-CHECK-NUM-2
NUM-X-0613-C2-SG	NUM-X-0613	NUM-007	number		C2	2	0.5000	definite-np	literary	A single young man stood before the magistrate that morning.	The accused moved shortly after that.	prior_sentence	SG	நகர்ந்தான்.	nakarntāṉ.	[7, 10]	ான்	நகர்ந்தார்கள்.	நகர்		False	True	False	public	NATIVE-CHECK-NUM-2
NUM-X-0613-C3-050	NUM-X-0613	NUM-007	number		C3	2	0.5000	definite-np	literary	A long queue had formed before the magistrate that morning.	The accused moved shortly after that.	absent				[]		நகர்ந்தான்.|நகர்ந்தார்கள்.	நகர்		False	True	False	public	NATIVE-CHECK-NUM-2
NUM-X-0614-C1-PL	NUM-X-0614	NUM-007	number		C1	2	0.5000	definite-np	literary		The leaders jumped shortly after that.	in_sentence	PL	தலைவர்கள் குதித்தார்கள்.	talaivarkaḷ kutittārkaḷ.	[17, 23]	ார்கள்	தலைவன் குதித்தான்.	குதி		False	True	False	public	NATIVE-CHECK-NUM-2
NUM-X-0614-C1-SG	NUM-X-0614	NUM-007	number		C1	2	0.5000	definite-np	literary		The leader jumped shortly after that.	in_sentence	SG	தலைவன் குதித்தான்.	talaivaṉ kutittāṉ.	[14, 17]	ான்	தலைவர்கள் குதித்தார்கள்.	குதி		False	True	False	public	NATIVE-CHECK-NUM-2
NUM-X-0614-C2-PL	NUM-X-0614	NUM-007	number		C2	2	0.5000	definite-np	literary	Nearly ten young men were waiting in the corridor outside.	The accused jumped shortly after that.	prior_sentence	PL	குதித்தார்கள்.	kutittārkaḷ.	[7, 13]	ார்கள்	குதித்தான்.	குதி		False	True	False	public	NATIVE-CHECK-NUM-2
NUM-X-0614-C2-SG	NUM-X-0614	NUM-007	number		C2	2	0.5000	definite-np	literary	Just one young man was waiting in the corridor outside.	The accused jumped shortly after that.	prior_sentence	SG	குதித்தான்.	kutittāṉ.	[7, 10]	ான்	குதித்தார்கள்.	குதி		False	True	False	public	NATIVE-CHECK-NUM-2
NUM-X-0614-C3-051	NUM-X-0614	NUM-007	number		C3	2	0.5000	definite-np	literary	A long wooden bench was standing in the corridor outside.	The accused jumped shortly after that.	absent				[]		குதித்தான்.|குதித்தார்கள்.	குதி		False	True	False	public	NATIVE-CHECK-NUM-2
NUM-X-0615-C1-PL	NUM-X-0615	NUM-007	number		C1	2	0.5000	definite-np	literary		The leaders smiled shortly after that.	in_sentence	PL	தலைவர்கள் நகைத்தார்கள்.	talaivarkaḷ nakaittārkaḷ.	[16, 22]	ார்கள்	தலைவன் நகைத்தான்.	நகை		False	True	False	public	NATIVE-CHECK-NUM-2
NUM-X-0615-C1-SG	NUM-X-0615	NUM-007	number		C1	2	0.5000	definite-np	literary		The leader smiled shortly after that.	in_sentence	SG	தலைவன் நகைத்தான்.	talaivaṉ nakaittāṉ.	[13, 16]	ான்	தலைவர்கள் நகைத்தார்கள்.	நகை		False	True	False	public	NATIVE-CHECK-NUM-2
NUM-X-0615-C2-PL	NUM-X-0615	NUM-007	number		C2	2	0.5000	definite-np	literary	Four young men had been charged the previous week.	The accused smiled shortly after that.	prior_sentence	PL	நகைத்தார்கள்.	nakaittārkaḷ.	[6, 12]	ார்கள்	நகைத்தான்.	நகை		False	True	False	public	NATIVE-CHECK-NUM-2
NUM-X-0615-C2-SG	NUM-X-0615	NUM-007	number		C2	2	0.5000	definite-np	literary	One young man had been charged the previous week.	The accused smiled shortly after that.	prior_sentence	SG	நகைத்தான்.	nakaittāṉ.	[6, 9]	ான்	நகைத்தார்கள்.	நகை		False	True	False	public	NATIVE-CHECK-NUM-2
NUM-X-0615-C3-052	NUM-X-0615	NUM-007	number		C3	2	0.5000	definite-np	literary	A new notice had been posted the previous week.	The accused smiled shortly after that.	absent				[]		நகைத்தான்.|நகைத்தார்கள்.	நகை		False	True	False	public	NATIVE-CHECK-NUM-2
NUM-X-0616-C1-PL	NUM-X-0616	NUM-007	number		C1	2	0.5000	definite-np	literary		The leaders feared shortly after that.	in_sentence	PL	தலைவர்கள் அஞ்சினார்கள்.	talaivarkaḷ añciṉārkaḷ.	[16, 22]	ார்கள்	தலைவன் அஞ்சினான்.	அஞ்சு		False	True	False	public	NATIVE-CHECK-NUM-2
NUM-X-0616-C1-SG	NUM-X-0616	NUM-007	number		C1	2	0.5000	definite-np	literary		The leader feared shortly after that.	in_sentence	SG	தலைவன் அஞ்சினான்.	talaivaṉ añciṉāṉ.	[13, 16]	ான்	தலைவர்கள் அஞ்சினார்கள்.	அஞ்சு		False	True	False	public	NATIVE-CHECK-NUM-2
NUM-X-0616-C2-PL	NUM-X-0616	NUM-007	number		C2	2	0.5000	definite-np	literary	The young men in the dock had said nothing.	The accused feared shortly after that.	prior_sentence	PL	அஞ்சினார்கள்.	añciṉārkaḷ.	[6, 12]	ார்கள்	அஞ்சினான்.	அஞ்சு		False	True	False	public	NATIVE-CHECK-NUM-2
NUM-X-0616-C2-SG	NUM-X-0616	NUM-007	number		C2	2	0.5000	definite-np	literary	The young man in the dock had said nothing.	The accused feared shortly after that.	prior_sentence	SG	அஞ்சினான்.	añciṉāṉ.	[6, 9]	ான்	அஞ்சினார்கள்.	அஞ்சு		False	True	False	public	NATIVE-CHECK-NUM-2
NUM-X-0616-C3-053	NUM-X-0616	NUM-007	number		C3	2	0.5000	definite-np	literary	The old clock in the corner had stopped working.	The accused feared shortly after that.	absent				[]		அஞ்சினான்.|அஞ்சினார்கள்.	அஞ்சு		False	True	False	public	NATIVE-CHECK-NUM-2
NUM-X-0617-C1-PL	NUM-X-0617	NUM-007	number		C1	2	0.5000	definite-np	literary		The warriors came shortly after that.	in_sentence	PL	வீரர்கள் வந்தார்கள்.	vīrarkaḷ vantārkaḷ.	[13, 19]	ார்கள்	வீரன் வந்தான்.	வா		False	True	False	public	NATIVE-CHECK-NUM-2
NUM-X-0617-C1-SG	NUM-X-0617	NUM-007	number		C1	2	0.5000	definite-np	literary		The warrior came shortly after that.	in_sentence	SG	வீரன் வந்தான்.	vīraṉ vantāṉ.	[10, 13]	ான்	வீரர்கள் வந்தார்கள்.	வா		False	True	False	public	NATIVE-CHECK-NUM-2
NUM-X-0617-C2-PL	NUM-X-0617	NUM-007	number		C2	2	0.5000	definite-np	literary	Two dozen young men had been brought in that night.	The accused came shortly after that.	prior_sentence	PL	வந்தார்கள்.	vantārkaḷ.	[4, 10]	ார்கள்	வந்தான்.	வா		False	True	False	public	NATIVE-CHECK-NUM-2
NUM-X-0617-C2-SG	NUM-X-0617	NUM-007	number		C2	2	0.5000	definite-np	literary	A lone young man had been brought in that night.	The accused came shortly after that.	prior_sentence	SG	வந்தான்.	vantāṉ.	[4, 7]	ான்	வந்தார்கள்.	வா		False	True	False	public	NATIVE-CHECK-NUM-2
NUM-X-0617-C3-054	NUM-X-0617	NUM-007	number		C3	2	0.5000	definite-np	literary	A heavy iron gate had been shut for that night.	The accused came shortly after that.	absent				[]		வந்தான்.|வந்தார்கள்.	வா		False	True	False	public	NATIVE-CHECK-NUM-2
NUM-X-0618-C1-PL	NUM-X-0618	NUM-007	number		C1	2	0.5000	definite-np	literary		The warriors ran shortly after that.	in_sentence	PL	வீரர்கள் ஓடினார்கள்.	vīrarkaḷ ōṭiṉārkaḷ.	[13, 19]	ார்கள்	வீரன் ஓடினான்.	ஓடு		False	True	False	public	NATIVE-CHECK-NUM-2
NUM-X-0618-C1-SG	NUM-X-0618	NUM-007	number		C1	2	0.5000	definite-np	literary		The warrior ran shortly after that.	in_sentence	SG	வீரன் ஓடினான்.	vīraṉ ōṭiṉāṉ.	[10, 13]	ான்	வீரர்கள் ஓடினார்கள்.	ஓடு		False	True	False	public	NATIVE-CHECK-NUM-2
NUM-X-0618-C2-PL	NUM-X-0618	NUM-007	number		C2	2	0.5000	definite-np	literary	Nine young men had been held since the previous evening.	The accused ran shortly after that.	prior_sentence	PL	ஓடினார்கள்.	ōṭiṉārkaḷ.	[4, 10]	ார்கள்	ஓடினான்.	ஓடு		False	True	False	public	NATIVE-CHECK-NUM-2
NUM-X-0618-C2-SG	NUM-X-0618	NUM-007	number		C2	2	0.5000	definite-np	literary	One young man had been held since the previous evening.	The accused ran shortly after that.	prior_sentence	SG	ஓடினான்.	ōṭiṉāṉ.	[4, 7]	ான்	ஓடினார்கள்.	ஓடு		False	True	False	public	NATIVE-CHECK-NUM-2
NUM-X-0618-C3-055	NUM-X-0618	NUM-007	number		C3	2	0.5000	definite-np	literary	A small lamp had been burning since the previous evening.	The accused ran shortly after that.	absent				[]		ஓடினான்.|ஓடினார்கள்.	ஓடு		False	True	False	public	NATIVE-CHECK-NUM-2
NUM-X-0619-C1-PL	NUM-X-0619	NUM-008	number		C1	2	0.5000	definite-np	literary		The warriors walked near the entrance.	in_sentence	PL	வீரர்கள் நடந்தார்கள்.	vīrarkaḷ naṭantārkaḷ.	[14, 20]	ார்கள்	வீரன் நடந்தான்.	நட		False	True	False	public	NATIVE-CHECK-NUM-2
NUM-X-0619-C1-SG	NUM-X-0619	NUM-008	number		C1	2	0.5000	definite-np	literary		The warrior walked near the entrance.	in_sentence	SG	வீரன் நடந்தான்.	vīraṉ naṭantāṉ.	[11, 14]	ான்	வீரர்கள் நடந்தார்கள்.	நட		False	True	False	public	NATIVE-CHECK-NUM-2
NUM-X-0619-C2-PL	NUM-X-0619	NUM-008	number		C2	2	0.5000	definite-np	literary	Six young men had been accused of the theft.	The accused walked near the entrance.	prior_sentence	PL	நடந்தார்கள்.	naṭantārkaḷ.	[5, 11]	ார்கள்	நடந்தான்.	நட		False	True	False	public	NATIVE-CHECK-NUM-2
NUM-X-0619-C2-SG	NUM-X-0619	NUM-008	number		C2	2	0.5000	definite-np	literary	One young man had been accused of the theft.	The accused walked near the entrance.	prior_sentence	SG	நடந்தான்.	naṭantāṉ.	[5, 8]	ான்	நடந்தார்கள்.	நட		False	True	False	public	NATIVE-CHECK-NUM-2
NUM-X-0619-C3-056	NUM-X-0619	NUM-008	number		C3	2	0.5000	definite-np	literary	A short notice about the theft had gone up.	The accused walked near the entrance.	absent				[]		நடந்தான்.|நடந்தார்கள்.	நட		False	True	False	public	NATIVE-CHECK-NUM-2
NUM-X-0620-C1-PL	NUM-X-0620	NUM-008	number		C1	2	0.5000	definite-np	literary		The warriors played near the entrance.	in_sentence	PL	வீரர்கள் விளையாடினார்கள்.	vīrarkaḷ viḷaiyāṭiṉārkaḷ.	[18, 24]	ார்கள்	வீரன் விளையாடினான்.	விளையாடு		False	True	False	public	NATIVE-CHECK-NUM-2
NUM-X-0620-C1-SG	NUM-X-0620	NUM-008	number		C1	2	0.5000	definite-np	literary		The warrior played near the entrance.	in_sentence	SG	வீரன் விளையாடினான்.	vīraṉ viḷaiyāṭiṉāṉ.	[15, 18]	ான்	வீரர்கள் விளையாடினார்கள்.	விளையாடு		False	True	False	public	NATIVE-CHECK-NUM-2
NUM-X-0620-C2-PL	NUM-X-0620	NUM-008	number		C2	2	0.5000	definite-np	literary	Almost twenty young men were named in the report.	The accused played near the entrance.	prior_sentence	PL	விளையாடினார்கள்.	viḷaiyāṭiṉārkaḷ.	[9, 15]	ார்கள்	விளையாடினான்.	விளையாடு		False	True	False	public	NATIVE-CHECK-NUM-2
NUM-X-0620-C2-SG	NUM-X-0620	NUM-008	number		C2	2	0.5000	definite-np	literary	Only one young man was named in the report.	The accused played near the entrance.	prior_sentence	SG	விளையாடினான்.	viḷaiyāṭiṉāṉ.	[9, 12]	ான்	விளையாடினார்கள்.	விளையாடு		False	True	False	public	NATIVE-CHECK-NUM-2
NUM-X-0620-C3-057	NUM-X-0620	NUM-008	number		C3	2	0.5000	definite-np	literary	Only a short summary was printed in the report.	The accused played near the entrance.	absent				[]		விளையாடினான்.|விளையாடினார்கள்.	விளையாடு		False	True	False	public	NATIVE-CHECK-NUM-2
NUM-X-0621-C1-PL	NUM-X-0621	NUM-008	number		C1	2	0.5000	definite-np	literary		The warriors cried near the entrance.	in_sentence	PL	வீரர்கள் அழுதார்கள்.	vīrarkaḷ aḻutārkaḷ.	[13, 19]	ார்கள்	வீரன் அழுதான்.	அழு		False	True	False	public	NATIVE-CHECK-NUM-2
NUM-X-0621-C1-SG	NUM-X-0621	NUM-008	number		C1	2	0.5000	definite-np	literary		The warrior cried near the entrance.	in_sentence	SG	வீரன் அழுதான்.	vīraṉ aḻutāṉ.	[10, 13]	ான்	வீரர்கள் அழுதார்கள்.	அழு		False	True	False	public	NATIVE-CHECK-NUM-2
NUM-X-0621-C2-PL	NUM-X-0621	NUM-008	number		C2	2	0.5000	definite-np	literary	About twelve young men stood before the magistrate that morning.	The accused cried near the entrance.	prior_sentence	PL	அழுதார்கள்.	aḻutārkaḷ.	[4, 10]	ார்கள்	அழுதான்.	அழு		False	True	False	public	NATIVE-CHECK-NUM-2
NUM-X-0621-C2-SG	NUM-X-0621	NUM-008	number		C2	2	0.5000	definite-np	literary	A single young man stood before the magistrate that morning.	The accused cried near the entrance.	prior_sentence	SG	அழுதான்.	aḻutāṉ.	[4, 7]	ான்	அழுதார்கள்.	அழு		False	True	False	public	NATIVE-CHECK-NUM-2
NUM-X-0621-C3-058	NUM-X-0621	NUM-008	number		C3	2	0.5000	definite-np	literary	A long queue had formed before the magistrate that morning.	The accused cried near the entrance.	absent				[]		அழுதான்.|அழுதார்கள்.	அழு		False	True	False	public	NATIVE-CHECK-NUM-2
NUM-X-0622-C1-PL	NUM-X-0622	NUM-008	number		C1	2	0.5000	definite-np	literary		The warriors laughed near the entrance.	in_sentence	PL	வீரர்கள் சிரித்தார்கள்.	vīrarkaḷ cirittārkaḷ.	[16, 22]	ார்கள்	வீரன் சிரித்தான்.	சிரி		False	True	False	public	NATIVE-CHECK-NUM-2
NUM-X-0622-C1-SG	NUM-X-0622	NUM-008	number		C1	2	0.5000	definite-np	literary		The warrior laughed near the entrance.	in_sentence	SG	வீரன் சிரித்தான்.	vīraṉ cirittāṉ.	[13, 16]	ான்	வீரர்கள் சிரித்தார்கள்.	சிரி		False	True	False	public	NATIVE-CHECK-NUM-2
NUM-X-0622-C2-PL	NUM-X-0622	NUM-008	number		C2	2	0.5000	definite-np	literary	Nearly ten young men were waiting in the corridor outside.	The accused laughed near the entrance.	prior_sentence	PL	சிரித்தார்கள்.	cirittārkaḷ.	[7, 13]	ார்கள்	சிரித்தான்.	சிரி		False	True	False	public	NATIVE-CHECK-NUM-2
NUM-X-0622-C2-SG	NUM-X-0622	NUM-008	number		C2	2	0.5000	definite-np	literary	Just one young man was waiting in the corridor outside.	The accused laughed near the entrance.	prior_sentence	SG	சிரித்தான்.	cirittāṉ.	[7, 10]	ான்	சிரித்தார்கள்.	சிரி		False	True	False	public	NATIVE-CHECK-NUM-2
NUM-X-0622-C3-059	NUM-X-0622	NUM-008	number		C3	2	0.5000	definite-np	literary	A long wooden bench was standing in the corridor outside.	The accused laughed near the entrance.	absent				[]		சிரித்தான்.|சிரித்தார்கள்.	சிரி		False	True	False	public	NATIVE-CHECK-NUM-2
NUM-X-0623-C1-PL	NUM-X-0623	NUM-008	number		C1	2	0.5000	definite-np	literary		The warriors flew near the entrance.	in_sentence	PL	வீரர்கள் பறந்தார்கள்.	vīrarkaḷ paṟantārkaḷ.	[14, 20]	ார்கள்	வீரன் பறந்தான்.	பற		False	True	False	public	NATIVE-CHECK-NUM-2
NUM-X-0623-C1-SG	NUM-X-0623	NUM-008	number		C1	2	0.5000	definite-np	literary		The warrior flew near the entrance.	in_sentence	SG	வீரன் பறந்தான்.	vīraṉ paṟantāṉ.	[11, 14]	ான்	வீரர்கள் பறந்தார்கள்.	பற		False	True	False	public	NATIVE-CHECK-NUM-2
NUM-X-0623-C2-PL	NUM-X-0623	NUM-008	number		C2	2	0.5000	definite-np	literary	Four young men had been charged the previous week.	The accused flew near the entrance.	prior_sentence	PL	பறந்தார்கள்.	paṟantārkaḷ.	[5, 11]	ார்கள்	பறந்தான்.	பற		False	True	False	public	NATIVE-CHECK-NUM-2
NUM-X-0623-C2-SG	NUM-X-0623	NUM-008	number		C2	2	0.5000	definite-np	literary	One young man had been charged the previous week.	The accused flew near the entrance.	prior_sentence	SG	பறந்தான்.	paṟantāṉ.	[5, 8]	ான்	பறந்தார்கள்.	பற		False	True	False	public	NATIVE-CHECK-NUM-2
NUM-X-0623-C3-060	NUM-X-0623	NUM-008	number		C3	2	0.5000	definite-np	literary	A new notice had been posted the previous week.	The accused flew near the entrance.	absent				[]		பறந்தான்.|பறந்தார்கள்.	பற		False	True	False	public	NATIVE-CHECK-NUM-2
NUM-X-0624-C1-PL	NUM-X-0624	NUM-008	number		C1	2	0.5000	definite-np	literary		The warriors swam near the entrance.	in_sentence	PL	வீரர்கள் நீந்தினார்கள்.	vīrarkaḷ nīntiṉārkaḷ.	[16, 22]	ார்கள்	வீரன் நீந்தினான்.	நீந்து		False	True	False	public	NATIVE-CHECK-NUM-2
NUM-X-0624-C1-SG	NUM-X-0624	NUM-008	number		C1	2	0.5000	definite-np	literary		The warrior swam near the entrance.	in_sentence	SG	வீரன் நீந்தினான்.	vīraṉ nīntiṉāṉ.	[13, 16]	ான்	வீரர்கள் நீந்தினார்கள்.	நீந்து		False	True	False	public	NATIVE-CHECK-NUM-2
NUM-X-0624-C2-PL	NUM-X-0624	NUM-008	number		C2	2	0.5000	definite-np	literary	The young men in the dock had said nothing.	The accused swam near the entrance.	prior_sentence	PL	நீந்தினார்கள்.	nīntiṉārkaḷ.	[7, 13]	ார்கள்	நீந்தினான்.	நீந்து		False	True	False	public	NATIVE-CHECK-NUM-2
NUM-X-0624-C2-SG	NUM-X-0624	NUM-008	number		C2	2	0.5000	definite-np	literary	The young man in the dock had said nothing.	The accused swam near the entrance.	prior_sentence	SG	நீந்தினான்.	nīntiṉāṉ.	[7, 10]	ான்	நீந்தினார்கள்.	நீந்து		False	True	False	public	NATIVE-CHECK-NUM-2
NUM-X-0624-C3-061	NUM-X-0624	NUM-008	number		C3	2	0.5000	definite-np	literary	The old clock in the corner had stopped working.	The accused swam near the entrance.	absent				[]		நீந்தினான்.|நீந்தினார்கள்.	நீந்து		False	True	False	public	NATIVE-CHECK-NUM-2
NUM-X-0625-C1-PL	NUM-X-0625	NUM-008	number		C1	2	0.5000	definite-np	literary		The warriors spoke near the entrance.	in_sentence	PL	வீரர்கள் பேசினார்கள்.	vīrarkaḷ pēciṉārkaḷ.	[14, 20]	ார்கள்	வீரன் பேசினான்.	பேசு		False	True	False	public	NATIVE-CHECK-NUM-2
NUM-X-0625-C1-SG	NUM-X-0625	NUM-008	number		C1	2	0.5000	definite-np	literary		The warrior spoke near the entrance.	in_sentence	SG	வீரன் பேசினான்.	vīraṉ pēciṉāṉ.	[11, 14]	ான்	வீரர்கள் பேசினார்கள்.	பேசு		False	True	False	public	NATIVE-CHECK-NUM-2
NUM-X-0625-C2-PL	NUM-X-0625	NUM-008	number		C2	2	0.5000	definite-np	literary	Two dozen young men had been brought in that night.	The accused spoke near the entrance.	prior_sentence	PL	பேசினார்கள்.	pēciṉārkaḷ.	[5, 11]	ார்கள்	பேசினான்.	பேசு		False	True	False	public	NATIVE-CHECK-NUM-2
NUM-X-0625-C2-SG	NUM-X-0625	NUM-008	number		C2	2	0.5000	definite-np	literary	A lone young man had been brought in that night.	The accused spoke near the entrance.	prior_sentence	SG	பேசினான்.	pēciṉāṉ.	[5, 8]	ான்	பேசினார்கள்.	பேசு		False	True	False	public	NATIVE-CHECK-NUM-2
NUM-X-0625-C3-062	NUM-X-0625	NUM-008	number		C3	2	0.5000	definite-np	literary	A heavy iron gate had been shut for that night.	The accused spoke near the entrance.	absent				[]		பேசினான்.|பேசினார்கள்.	பேசு		False	True	False	public	NATIVE-CHECK-NUM-2
NUM-X-0626-C1-PL	NUM-X-0626	NUM-008	number		C1	2	0.5000	definite-np	literary		The warriors rose near the entrance.	in_sentence	PL	வீரர்கள் எழுந்தார்கள்.	vīrarkaḷ eḻuntārkaḷ.	[15, 21]	ார்கள்	வீரன் எழுந்தான்.	எழு		False	True	False	public	NATIVE-CHECK-NUM-2
NUM-X-0626-C1-SG	NUM-X-0626	NUM-008	number		C1	2	0.5000	definite-np	literary		The warrior rose near the entrance.	in_sentence	SG	வீரன் எழுந்தான்.	vīraṉ eḻuntāṉ.	[12, 15]	ான்	வீரர்கள் எழுந்தார்கள்.	எழு		False	True	False	public	NATIVE-CHECK-NUM-2
NUM-X-0626-C2-PL	NUM-X-0626	NUM-008	number		C2	2	0.5000	definite-np	literary	Nine young men had been held since the previous evening.	The accused rose near the entrance.	prior_sentence	PL	எழுந்தார்கள்.	eḻuntārkaḷ.	[6, 12]	ார்கள்	எழுந்தான்.	எழு		False	True	False	public	NATIVE-CHECK-NUM-2
NUM-X-0626-C2-SG	NUM-X-0626	NUM-008	number		C2	2	0.5000	definite-np	literary	One young man had been held since the previous evening.	The accused rose near the entrance.	prior_sentence	SG	எழுந்தான்.	eḻuntāṉ.	[6, 9]	ான்	எழுந்தார்கள்.	எழு		False	True	False	public	NATIVE-CHECK-NUM-2
NUM-X-0626-C3-063	NUM-X-0626	NUM-008	number		C3	2	0.5000	definite-np	literary	A small lamp had been burning since the previous evening.	The accused rose near the entrance.	absent				[]		எழுந்தான்.|எழுந்தார்கள்.	எழு		False	True	False	public	NATIVE-CHECK-NUM-2
NUM-X-0627-C1-PL	NUM-X-0627	NUM-009	number		C1	2	0.5000	definite-np	literary		The warriors sat while it was still dark.	in_sentence	PL	வீரர்கள் உட்கார்ந்தார்கள்.	vīrarkaḷ uṭkārntārkaḷ.	[19, 25]	ார்கள்	வீரன் உட்கார்ந்தான்.	உட்கார்		False	True	False	public	NATIVE-CHECK-NUM-2
NUM-X-0627-C1-SG	NUM-X-0627	NUM-009	number		C1	2	0.5000	definite-np	literary		The warrior sat while it was still dark.	in_sentence	SG	வீரன் உட்கார்ந்தான்.	vīraṉ uṭkārntāṉ.	[16, 19]	ான்	வீரர்கள் உட்கார்ந்தார்கள்.	உட்கார்		False	True	False	public	NATIVE-CHECK-NUM-2
NUM-X-0627-C2-PL	NUM-X-0627	NUM-009	number		C2	2	0.5000	definite-np	literary	Six young men had been accused of the theft.	The accused sat while it was still dark.	prior_sentence	PL	உட்கார்ந்தார்கள்.	uṭkārntārkaḷ.	[10, 16]	ார்கள்	உட்கார்ந்தான்.	உட்கார்		False	True	False	public	NATIVE-CHECK-NUM-2
NUM-X-0627-C2-SG	NUM-X-0627	NUM-009	number		C2	2	0.5000	definite-np	literary	One young man had been accused of the theft.	The accused sat while it was still dark.	prior_sentence	SG	உட்கார்ந்தான்.	uṭkārntāṉ.	[10, 13]	ான்	உட்கார்ந்தார்கள்.	உட்கார்		False	True	False	public	NATIVE-CHECK-NUM-2
NUM-X-0627-C3-064	NUM-X-0627	NUM-009	number		C3	2	0.5000	definite-np	literary	A short notice about the theft had gone up.	The accused sat while it was still dark.	absent				[]		உட்கார்ந்தான்.|உட்கார்ந்தார்கள்.	உட்கார்		False	True	False	public	NATIVE-CHECK-NUM-2
NUM-X-0628-C1-PL	NUM-X-0628	NUM-009	number		C1	2	0.5000	definite-np	literary		The warriors climbed while it was still dark.	in_sentence	PL	வீரர்கள் ஏறினார்கள்.	vīrarkaḷ ēṟiṉārkaḷ.	[13, 19]	ார்கள்	வீரன் ஏறினான்.	ஏறு		False	True	False	public	NATIVE-CHECK-NUM-2
NUM-X-0628-C1-SG	NUM-X-0628	NUM-009	number		C1	2	0.5000	definite-np	literary		The warrior climbed while it was still dark.	in_sentence	SG	வீரன் ஏறினான்.	vīraṉ ēṟiṉāṉ.	[10, 13]	ான்	வீரர்கள் ஏறினார்கள்.	ஏறு		False	True	False	public	NATIVE-CHECK-NUM-2
NUM-X-0628-C2-PL	NUM-X-0628	NUM-009	number		C2	2	0.5000	definite-np	literary	Almost twenty young men were named in the report.	The accused climbed while it was still dark.	prior_sentence	PL	ஏறினார்கள்.	ēṟiṉārkaḷ.	[4, 10]	ார்கள்	ஏறினான்.	ஏறு		False	True	False	public	NATIVE-CHECK-NUM-2
NUM-X-0628-C2-SG	NUM-X-0628	NUM-009	number		C2	2	0.5000	definite-np	literary	Only one young man was named in the report.	The accused climbed while it was still dark.	prior_sentence	SG	ஏறினான்.	ēṟiṉāṉ.	[4, 7]	ான்	ஏறினார்கள்.	ஏறு		False	True	False	public	NATIVE-CHECK-NUM-2
NUM-X-0628-C3-065	NUM-X-0628	NUM-009	number		C3	2	0.5000	definite-np	literary	Only a short summary was printed in the report.	The accused climbed while it was still dark.	absent				[]		ஏறினான்.|ஏறினார்கள்.	ஏறு		False	True	False	public	NATIVE-CHECK-NUM-2
NUM-X-0629-C1-PL	NUM-X-0629	NUM-009	number		C1	2	0.5000	definite-np	literary		The warriors descended while it was still dark.	in_sentence	PL	வீரர்கள் இறங்கினார்கள்.	vīrarkaḷ iṟaṅkiṉārkaḷ.	[16, 22]	ார்கள்	வீரன் இறங்கினான்.	இறங்கு		False	True	False	public	NATIVE-CHECK-NUM-2
NUM-X-0629-C1-SG	NUM-X-0629	NUM-009	number		C1	2	0.5000	definite-np	literary		The warrior descended while it was still dark.	in_sentence	SG	வீரன் இறங்கினான்.	vīraṉ iṟaṅkiṉāṉ.	[13, 16]	ான்	வீரர்கள் இறங்கினார்கள்.	இறங்கு		False	True	False	public	NATIVE-CHECK-NUM-2
NUM-X-0629-C2-PL	NUM-X-0629	NUM-009	number		C2	2	0.5000	definite-np	literary	About twelve young men stood before the magistrate that morning.	The accused descended while it was still dark.	prior_sentence	PL	இறங்கினார்கள்.	iṟaṅkiṉārkaḷ.	[7, 13]	ார்கள்	இறங்கினான்.	இறங்கு		False	True	False	public	NATIVE-CHECK-NUM-2
NUM-X-0629-C2-SG	NUM-X-0629	NUM-009	number		C2	2	0.5000	definite-np	literary	A single young man stood before the magistrate that morning.	The accused descended while it was still dark.	prior_sentence	SG	இறங்கினான்.	iṟaṅkiṉāṉ.	[7, 10]	ான்	இறங்கினார்கள்.	இறங்கு		False	True	False	public	NATIVE-CHECK-NUM-2
NUM-X-0629-C3-066	NUM-X-0629	NUM-009	number		C3	2	0.5000	definite-np	literary	A long queue had formed before the magistrate that morning.	The accused descended while it was still dark.	absent				[]		இறங்கினான்.|இறங்கினார்கள்.	இறங்கு		False	True	False	public	NATIVE-CHECK-NUM-2
NUM-X-0630-C1-PL	NUM-X-0630	NUM-009	number		C1	2	0.5000	definite-np	literary		The warriors went while it was still dark.	in_sentence	PL	வீரர்கள் சென்றார்கள்.	vīrarkaḷ ceṉṟārkaḷ.	[14, 20]	ார்கள்	வீரன் சென்றான்.	செல்		False	True	False	public	NATIVE-CHECK-NUM-2
NUM-X-0630-C1-SG	NUM-X-0630	NUM-009	number		C1	2	0.5000	definite-np	literary		The warrior went while it was still dark.	in_sentence	SG	வீரன் சென்றான்.	vīraṉ ceṉṟāṉ.	[11, 14]	ான்	வீரர்கள் சென்றார்கள்.	செல்		False	True	False	public	NATIVE-CHECK-NUM-2
NUM-X-0630-C2-PL	NUM-X-0630	NUM-009	number		C2	2	0.5000	definite-np	literary	Nearly ten young men were waiting in the corridor outside.	The accused went while it was still dark.	prior_sentence	PL	சென்றார்கள்.	ceṉṟārkaḷ.	[5, 11]	ார்கள்	சென்றான்.	செல்		False	True	False	public	NATIVE-CHECK-NUM-2
NUM-X-0630-C2-SG	NUM-X-0630	NUM-009	number		C2	2	0.5000	definite-np	literary	Just one young man was waiting in the corridor outside.	The accused went while it was still dark.	prior_sentence	SG	சென்றான்.	ceṉṟāṉ.	[5, 8]	ான்	சென்றார்கள்.	செல்		False	True	False	public	NATIVE-CHECK-NUM-2
NUM-X-0630-C3-067	NUM-X-0630	NUM-009	number		C3	2	0.5000	definite-np	literary	A long wooden bench was standing in the corridor outside.	The accused went while it was still dark.	absent				[]		சென்றான்.|சென்றார்கள்.	செல்		False	True	False	public	NATIVE-CHECK-NUM-2
NUM-X-0631-C1-PL	NUM-X-0631	NUM-009	number		C1	2	0.5000	definite-np	literary		The warriors moved while it was still dark.	in_sentence	PL	வீரர்கள் நகர்ந்தார்கள்.	vīrarkaḷ nakarntārkaḷ.	[16, 22]	ார்கள்	வீரன் நகர்ந்தான்.	நகர்		False	True	False	public	NATIVE-CHECK-NUM-2
NUM-X-0631-C1-SG	NUM-X-0631	NUM-009	number		C1	2	0.5000	definite-np	literary		The warrior moved while it was still dark.	in_sentence	SG	வீரன் நகர்ந்தான்.	vīraṉ nakarntāṉ.	[13, 16]	ான்	வீரர்கள் நகர்ந்தார்கள்.	நகர்		False	True	False	public	NATIVE-CHECK-NUM-2
NUM-X-0631-C2-PL	NUM-X-0631	NUM-009	number		C2	2	0.5000	definite-np	literary	Four young men had been charged the previous week.	The accused moved while it was still dark.	prior_sentence	PL	நகர்ந்தார்கள்.	nakarntārkaḷ.	[7, 13]	ார்கள்	நகர்ந்தான்.	நகர்		False	True	False	public	NATIVE-CHECK-NUM-2
NUM-X-0631-C2-SG	NUM-X-0631	NUM-009	number		C2	2	0.5000	definite-np	literary	One young man had been charged the previous week.	The accused moved while it was still dark.	prior_sentence	SG	நகர்ந்தான்.	nakarntāṉ.	[7, 10]	ான்	நகர்ந்தார்கள்.	நகர்		False	True	False	public	NATIVE-CHECK-NUM-2
NUM-X-0631-C3-068	NUM-X-0631	NUM-009	number		C3	2	0.5000	definite-np	literary	A new notice had been posted the previous week.	The accused moved while it was still dark.	absent				[]		நகர்ந்தான்.|நகர்ந்தார்கள்.	நகர்		False	True	False	public	NATIVE-CHECK-NUM-2
NUM-X-0632-C1-PL	NUM-X-0632	NUM-009	number		C1	2	0.5000	definite-np	literary		The warriors jumped while it was still dark.	in_sentence	PL	வீரர்கள் குதித்தார்கள்.	vīrarkaḷ kutittārkaḷ.	[16, 22]	ார்கள்	வீரன் குதித்தான்.	குதி		False	True	False	public	NATIVE-CHECK-NUM-2
NUM-X-0632-C1-SG	NUM-X-0632	NUM-009	number		C1	2	0.5000	definite-np	literary		The warrior jumped while it was still dark.	in_sentence	SG	வீரன் குதித்தான்.	vīraṉ kutittāṉ.	[13, 16]	ான்	வீரர்கள் குதித்தார்கள்.	குதி		False	True	False	public	NATIVE-CHECK-NUM-2
NUM-X-0632-C2-PL	NUM-X-0632	NUM-009	number		C2	2	0.5000	definite-np	literary	The young men in the dock had said nothing.	The accused jumped while it was still dark.	prior_sentence	PL	குதித்தார்கள்.	kutittārkaḷ.	[7, 13]	ார்கள்	குதித்தான்.	குதி		False	True	False	public	NATIVE-CHECK-NUM-2
NUM-X-0632-C2-SG	NUM-X-0632	NUM-009	number		C2	2	0.5000	definite-np	literary	The young man in the dock had said nothing.	The accused jumped while it was still dark.	prior_sentence	SG	குதித்தான்.	kutittāṉ.	[7, 10]	ான்	குதித்தார்கள்.	குதி		False	True	False	public	NATIVE-CHECK-NUM-2
NUM-X-0632-C3-069	NUM-X-0632	NUM-009	number		C3	2	0.5000	definite-np	literary	The old clock in the corner had stopped working.	The accused jumped while it was still dark.	absent				[]		குதித்தான்.|குதித்தார்கள்.	குதி		False	True	False	public	NATIVE-CHECK-NUM-2
NUM-X-0633-C1-PL	NUM-X-0633	NUM-009	number		C1	2	0.5000	definite-np	literary		The warriors smiled while it was still dark.	in_sentence	PL	வீரர்கள் நகைத்தார்கள்.	vīrarkaḷ nakaittārkaḷ.	[15, 21]	ார்கள்	வீரன் நகைத்தான்.	நகை		False	True	False	public	NATIVE-CHECK-NUM-2
NUM-X-0633-C1-SG	NUM-X-0633	NUM-009	number		C1	2	0.5000	definite-np	literary		The warrior smiled while it was still dark.	in_sentence	SG	வீரன் நகைத்தான்.	vīraṉ nakaittāṉ.	[12, 15]	ான்	வீரர்கள் நகைத்தார்கள்.	நகை		False	True	False	public	NATIVE-CHECK-NUM-2
NUM-X-0633-C2-PL	NUM-X-0633	NUM-009	number		C2	2	0.5000	definite-np	literary	Two dozen young men had been brought in that night.	The accused smiled while it was still dark.	prior_sentence	PL	நகைத்தார்கள்.	nakaittārkaḷ.	[6, 12]	ார்கள்	நகைத்தான்.	நகை		False	True	False	public	NATIVE-CHECK-NUM-2
NUM-X-0633-C2-SG	NUM-X-0633	NUM-009	number		C2	2	0.5000	definite-np	literary	A lone young man had been brought in that night.	The accused smiled while it was still dark.	prior_sentence	SG	நகைத்தான்.	nakaittāṉ.	[6, 9]	ான்	நகைத்தார்கள்.	நகை		False	True	False	public	NATIVE-CHECK-NUM-2
NUM-X-0633-C3-070	NUM-X-0633	NUM-009	number		C3	2	0.5000	definite-np	literary	A heavy iron gate had been shut for that night.	The accused smiled while it was still dark.	absent				[]		நகைத்தான்.|நகைத்தார்கள்.	நகை		False	True	False	public	NATIVE-CHECK-NUM-2
NUM-X-0634-C1-PL	NUM-X-0634	NUM-009	number		C1	2	0.5000	definite-np	literary		The warriors feared while it was still dark.	in_sentence	PL	வீரர்கள் அஞ்சினார்கள்.	vīrarkaḷ añciṉārkaḷ.	[15, 21]	ார்கள்	வீரன் அஞ்சினான்.	அஞ்சு		False	True	False	public	NATIVE-CHECK-NUM-2
NUM-X-0634-C1-SG	NUM-X-0634	NUM-009	number		C1	2	0.5000	definite-np	literary		The warrior feared while it was still dark.	in_sentence	SG	வீரன் அஞ்சினான்.	vīraṉ añciṉāṉ.	[12, 15]	ான்	வீரர்கள் அஞ்சினார்கள்.	அஞ்சு		False	True	False	public	NATIVE-CHECK-NUM-2
NUM-X-0634-C2-PL	NUM-X-0634	NUM-009	number		C2	2	0.5000	definite-np	literary	Nine young men had been held since the previous evening.	The accused feared while it was still dark.	prior_sentence	PL	அஞ்சினார்கள்.	añciṉārkaḷ.	[6, 12]	ார்கள்	அஞ்சினான்.	அஞ்சு		False	True	False	public	NATIVE-CHECK-NUM-2
NUM-X-0634-C2-SG	NUM-X-0634	NUM-009	number		C2	2	0.5000	definite-np	literary	One young man had been held since the previous evening.	The accused feared while it was still dark.	prior_sentence	SG	அஞ்சினான்.	añciṉāṉ.	[6, 9]	ான்	அஞ்சினார்கள்.	அஞ்சு		False	True	False	public	NATIVE-CHECK-NUM-2
NUM-X-0634-C3-071	NUM-X-0634	NUM-009	number		C3	2	0.5000	definite-np	literary	A small lamp had been burning since the previous evening.	The accused feared while it was still dark.	absent				[]		அஞ்சினான்.|அஞ்சினார்கள்.	அஞ்சு		False	True	False	public	NATIVE-CHECK-NUM-2
NUM-X-0635-C1-PL	NUM-X-0635	NUM-010	number		C1	2	0.5000	definite-np	literary		The guards came once the gate opened.	in_sentence	PL	காவலர்கள் வந்தார்கள்.	kāvalarkaḷ vantārkaḷ.	[14, 20]	ார்கள்	காவலன் வந்தான்.	வா		False	True	False	public	NATIVE-CHECK-NUM-2
NUM-X-0635-C1-SG	NUM-X-0635	NUM-010	number		C1	2	0.5000	definite-np	literary		The guard came once the gate opened.	in_sentence	SG	காவலன் வந்தான்.	kāvalaṉ vantāṉ.	[11, 14]	ான்	காவலர்கள் வந்தார்கள்.	வா		False	True	False	public	NATIVE-CHECK-NUM-2
NUM-X-0635-C2-PL	NUM-X-0635	NUM-010	number		C2	2	0.5000	definite-np	literary	Six young men had been accused of the theft.	The accused came once the gate opened.	prior_sentence	PL	வந்தார்கள்.	vantārkaḷ.	[4, 10]	ார்கள்	வந்தான்.	வா		False	True	False	public	NATIVE-CHECK-NUM-2
NUM-X-0635-C2-SG	NUM-X-0635	NUM-010	number		C2	2	0.5000	definite-np	literary	One young man had been accused of the theft.	The accused came once the gate opened.	prior_sentence	SG	வந்தான்.	vantāṉ.	[4, 7]	ான்	வந்தார்கள்.	வா		False	True	False	public	NATIVE-CHECK-NUM-2
NUM-X-0635-C3-072	NUM-X-0635	NUM-010	number		C3	2	0.5000	definite-np	literary	A short notice about the theft had gone up.	The accused came once the gate opened.	absent				[]		வந்தான்.|வந்தார்கள்.	வா		False	True	False	public	NATIVE-CHECK-NUM-2
NUM-X-0636-C1-PL	NUM-X-0636	NUM-010	number		C1	2	0.5000	definite-np	literary		The guards ran once the gate opened.	in_sentence	PL	காவலர்கள் ஓடினார்கள்.	kāvalarkaḷ ōṭiṉārkaḷ.	[14, 20]	ார்கள்	காவலன் ஓடினான்.	ஓடு		False	True	False	public	NATIVE-CHECK-NUM-2
NUM-X-0636-C1-SG	NUM-X-0636	NUM-010	number		C1	2	0.5000	definite-np	literary		The guard ran once the gate opened.	in_sentence	SG	காவலன் ஓடினான்.	kāvalaṉ ōṭiṉāṉ.	[11, 14]	ான்	காவலர்கள் ஓடினார்கள்.	ஓடு		False	True	False	public	NATIVE-CHECK-NUM-2
NUM-X-0636-C2-PL	NUM-X-0636	NUM-010	number		C2	2	0.5000	definite-np	literary	Almost twenty young men were named in the report.	The accused ran once the gate opened.	prior_sentence	PL	ஓடினார்கள்.	ōṭiṉārkaḷ.	[4, 10]	ார்கள்	ஓடினான்.	ஓடு		False	True	False	public	NATIVE-CHECK-NUM-2
NUM-X-0636-C2-SG	NUM-X-0636	NUM-010	number		C2	2	0.5000	definite-np	literary	Only one young man was named in the report.	The accused ran once the gate opened.	prior_sentence	SG	ஓடினான்.	ōṭiṉāṉ.	[4, 7]	ான்	ஓடினார்கள்.	ஓடு		False	True	False	public	NATIVE-CHECK-NUM-2
NUM-X-0636-C3-073	NUM-X-0636	NUM-010	number		C3	2	0.5000	definite-np	literary	Only a short summary was printed in the report.	The accused ran once the gate opened.	absent				[]		ஓடினான்.|ஓடினார்கள்.	ஓடு		False	True	False	public	NATIVE-CHECK-NUM-2
NUM-X-0637-C1-PL	NUM-X-0637	NUM-010	number		C1	2	0.5000	definite-np	literary		The guards walked once the gate opened.	in_sentence	PL	காவலர்கள் நடந்தார்கள்.	kāvalarkaḷ naṭantārkaḷ.	[15, 21]	ார்கள்	காவலன் நடந்தான்.	நட		False	True	False	public	NATIVE-CHECK-NUM-2
NUM-X-0637-C1-SG	NUM-X-0637	NUM-010	number		C1	2	0.5000	definite-np	literary		The guard walked once the gate opened.	in_sentence	SG	காவலன் நடந்தான்.	kāvalaṉ naṭantāṉ.	[12, 15]	ான்	காவலர்கள் நடந்தார்கள்.	நட		False	True	False	public	NATIVE-CHECK-NUM-2
NUM-X-0637-C2-PL	NUM-X-0637	NUM-010	number		C2	2	0.5000	definite-np	literary	About twelve young men stood before the magistrate that morning.	The accused walked once the gate opened.	prior_sentence	PL	நடந்தார்கள்.	naṭantārkaḷ.	[5, 11]	ார்கள்	நடந்தான்.	நட		False	True	False	public	NATIVE-CHECK-NUM-2
NUM-X-0637-C2-SG	NUM-X-0637	NUM-010	number		C2	2	0.5000	definite-np	literary	A single young man stood before the magistrate that morning.	The accused walked once the gate opened.	prior_sentence	SG	நடந்தான்.	naṭantāṉ.	[5, 8]	ான்	நடந்தார்கள்.	நட		False	True	False	public	NATIVE-CHECK-NUM-2
NUM-X-0637-C3-074	NUM-X-0637	NUM-010	number		C3	2	0.5000	definite-np	literary	A long queue had formed before the magistrate that morning.	The accused walked once the gate opened.	absent				[]		நடந்தான்.|நடந்தார்கள்.	நட		False	True	False	public	NATIVE-CHECK-NUM-2
NUM-X-0638-C1-PL	NUM-X-0638	NUM-010	number		C1	2	0.5000	definite-np	literary		The guards played once the gate opened.	in_sentence	PL	காவலர்கள் விளையாடினார்கள்.	kāvalarkaḷ viḷaiyāṭiṉārkaḷ.	[19, 25]	ார்கள்	காவலன் விளையாடினான்.	விளையாடு		False	True	False	public	NATIVE-CHECK-NUM-2
NUM-X-0638-C1-SG	NUM-X-0638	NUM-010	number		C1	2	0.5000	definite-np	literary		The guard played once the gate opened.	in_sentence	SG	காவலன் விளையாடினான்.	kāvalaṉ viḷaiyāṭiṉāṉ.	[16, 19]	ான்	காவலர்கள் விளையாடினார்கள்.	விளையாடு		False	True	False	public	NATIVE-CHECK-NUM-2
NUM-X-0638-C2-PL	NUM-X-0638	NUM-010	number		C2	2	0.5000	definite-np	literary	Nearly ten young men were waiting in the corridor outside.	The accused played once the gate opened.	prior_sentence	PL	விளையாடினார்கள்.	viḷaiyāṭiṉārkaḷ.	[9, 15]	ார்கள்	விளையாடினான்.	விளையாடு		False	True	False	public	NATIVE-CHECK-NUM-2
NUM-X-0638-C2-SG	NUM-X-0638	NUM-010	number		C2	2	0.5000	definite-np	literary	Just one young man was waiting in the corridor outside.	The accused played once the gate opened.	prior_sentence	SG	விளையாடினான்.	viḷaiyāṭiṉāṉ.	[9, 12]	ான்	விளையாடினார்கள்.	விளையாடு		False	True	False	public	NATIVE-CHECK-NUM-2
NUM-X-0638-C3-075	NUM-X-0638	NUM-010	number		C3	2	0.5000	definite-np	literary	A long wooden bench was standing in the corridor outside.	The accused played once the gate opened.	absent				[]		விளையாடினான்.|விளையாடினார்கள்.	விளையாடு		False	True	False	public	NATIVE-CHECK-NUM-2
NUM-X-0639-C1-PL	NUM-X-0639	NUM-010	number		C1	2	0.5000	definite-np	literary		The guards cried once the gate opened.	in_sentence	PL	காவலர்கள் அழுதார்கள்.	kāvalarkaḷ aḻutārkaḷ.	[14, 20]	ார்கள்	காவலன் அழுதான்.	அழு		False	True	False	public	NATIVE-CHECK-NUM-2
NUM-X-0639-C1-SG	NUM-X-0639	NUM-010	number		C1	2	0.5000	definite-np	literary		The guard cried once the gate opened.	in_sentence	SG	காவலன் அழுதான்.	kāvalaṉ aḻutāṉ.	[11, 14]	ான்	காவலர்கள் அழுதார்கள்.	அழு		False	True	False	public	NATIVE-CHECK-NUM-2
NUM-X-0639-C2-PL	NUM-X-0639	NUM-010	number		C2	2	0.5000	definite-np	literary	Four young men had been charged the previous week.	The accused cried once the gate opened.	prior_sentence	PL	அழுதார்கள்.	aḻutārkaḷ.	[4, 10]	ார்கள்	அழுதான்.	அழு		False	True	False	public	NATIVE-CHECK-NUM-2
NUM-X-0639-C2-SG	NUM-X-0639	NUM-010	number		C2	2	0.5000	definite-np	literary	One young man had been charged the previous week.	The accused cried once the gate opened.	prior_sentence	SG	அழுதான்.	aḻutāṉ.	[4, 7]	ான்	அழுதார்கள்.	அழு		False	True	False	public	NATIVE-CHECK-NUM-2
NUM-X-0639-C3-076	NUM-X-0639	NUM-010	number		C3	2	0.5000	definite-np	literary	A new notice had been posted the previous week.	The accused cried once the gate opened.	absent				[]		அழுதான்.|அழுதார்கள்.	அழு		False	True	False	public	NATIVE-CHECK-NUM-2
NUM-X-0640-C1-PL	NUM-X-0640	NUM-010	number		C1	2	0.5000	definite-np	literary		The guards laughed once the gate opened.	in_sentence	PL	காவலர்கள் சிரித்தார்கள்.	kāvalarkaḷ cirittārkaḷ.	[17, 23]	ார்கள்	காவலன் சிரித்தான்.	சிரி		False	True	False	public	NATIVE-CHECK-NUM-2
NUM-X-0640-C1-SG	NUM-X-0640	NUM-010	number		C1	2	0.5000	definite-np	literary		The guard laughed once the gate opened.	in_sentence	SG	காவலன் சிரித்தான்.	kāvalaṉ cirittāṉ.	[14, 17]	ான்	காவலர்கள் சிரித்தார்கள்.	சிரி		False	True	False	public	NATIVE-CHECK-NUM-2
NUM-X-0640-C2-PL	NUM-X-0640	NUM-010	number		C2	2	0.5000	definite-np	literary	The young men in the dock had said nothing.	The accused laughed once the gate opened.	prior_sentence	PL	சிரித்தார்கள்.	cirittārkaḷ.	[7, 13]	ார்கள்	சிரித்தான்.	சிரி		False	True	False	public	NATIVE-CHECK-NUM-2
NUM-X-0640-C2-SG	NUM-X-0640	NUM-010	number		C2	2	0.5000	definite-np	literary	The young man in the dock had said nothing.	The accused laughed once the gate opened.	prior_sentence	SG	சிரித்தான்.	cirittāṉ.	[7, 10]	ான்	சிரித்தார்கள்.	சிரி		False	True	False	public	NATIVE-CHECK-NUM-2
NUM-X-0640-C3-077	NUM-X-0640	NUM-010	number		C3	2	0.5000	definite-np	literary	The old clock in the corner had stopped working.	The accused laughed once the gate opened.	absent				[]		சிரித்தான்.|சிரித்தார்கள்.	சிரி		False	True	False	public	NATIVE-CHECK-NUM-2
NUM-X-0641-C1-PL	NUM-X-0641	NUM-010	number		C1	2	0.5000	definite-np	literary		The guards flew once the gate opened.	in_sentence	PL	காவலர்கள் பறந்தார்கள்.	kāvalarkaḷ paṟantārkaḷ.	[15, 21]	ார்கள்	காவலன் பறந்தான்.	பற		False	True	False	public	NATIVE-CHECK-NUM-2
NUM-X-0641-C1-SG	NUM-X-0641	NUM-010	number		C1	2	0.5000	definite-np	literary		The guard flew once the gate opened.	in_sentence	SG	காவலன் பறந்தான்.	kāvalaṉ paṟantāṉ.	[12, 15]	ான்	காவலர்கள் பறந்தார்கள்.	பற		False	True	False	public	NATIVE-CHECK-NUM-2
NUM-X-0641-C2-PL	NUM-X-0641	NUM-010	number		C2	2	0.5000	definite-np	literary	Two dozen young men had been brought in that night.	The accused flew once the gate opened.	prior_sentence	PL	பறந்தார்கள்.	paṟantārkaḷ.	[5, 11]	ார்கள்	பறந்தான்.	பற		False	True	False	public	NATIVE-CHECK-NUM-2
NUM-X-0641-C2-SG	NUM-X-0641	NUM-010	number		C2	2	0.5000	definite-np	literary	A lone young man had been brought in that night.	The accused flew once the gate opened.	prior_sentence	SG	பறந்தான்.	paṟantāṉ.	[5, 8]	ான்	பறந்தார்கள்.	பற		False	True	False	public	NATIVE-CHECK-NUM-2
NUM-X-0641-C3-078	NUM-X-0641	NUM-010	number		C3	2	0.5000	definite-np	literary	A heavy iron gate had been shut for that night.	The accused flew once the gate opened.	absent				[]		பறந்தான்.|பறந்தார்கள்.	பற		False	True	False	public	NATIVE-CHECK-NUM-2
NUM-X-0642-C1-PL	NUM-X-0642	NUM-010	number		C1	2	0.5000	definite-np	literary		The guards swam once the gate opened.	in_sentence	PL	காவலர்கள் நீந்தினார்கள்.	kāvalarkaḷ nīntiṉārkaḷ.	[17, 23]	ார்கள்	காவலன் நீந்தினான்.	நீந்து		False	True	False	public	NATIVE-CHECK-NUM-2
NUM-X-0642-C1-SG	NUM-X-0642	NUM-010	number		C1	2	0.5000	definite-np	literary		The guard swam once the gate opened.	in_sentence	SG	காவலன் நீந்தினான்.	kāvalaṉ nīntiṉāṉ.	[14, 17]	ான்	காவலர்கள் நீந்தினார்கள்.	நீந்து		False	True	False	public	NATIVE-CHECK-NUM-2
NUM-X-0642-C2-PL	NUM-X-0642	NUM-010	number		C2	2	0.5000	definite-np	literary	Nine young men had been held since the previous evening.	The accused swam once the gate opened.	prior_sentence	PL	நீந்தினார்கள்.	nīntiṉārkaḷ.	[7, 13]	ார்கள்	நீந்தினான்.	நீந்து		False	True	False	public	NATIVE-CHECK-NUM-2
NUM-X-0642-C2-SG	NUM-X-0642	NUM-010	number		C2	2	0.5000	definite-np	literary	One young man had been held since the previous evening.	The accused swam once the gate opened.	prior_sentence	SG	நீந்தினான்.	nīntiṉāṉ.	[7, 10]	ான்	நீந்தினார்கள்.	நீந்து		False	True	False	public	NATIVE-CHECK-NUM-2
NUM-X-0642-C3-079	NUM-X-0642	NUM-010	number		C3	2	0.5000	definite-np	literary	A small lamp had been burning since the previous evening.	The accused swam once the gate opened.	absent				[]		நீந்தினான்.|நீந்தினார்கள்.	நீந்து		False	True	False	public	NATIVE-CHECK-NUM-2
NUM-X-0644-C0-PL	NUM-X-0644	NUM-002	number		C0	2	0.5000	definite-np	literary		The accused rose outside the hall.	instruction	PL	எழுந்தார்கள்.	eḻuntārkaḷ.	[6, 12]	ார்கள்	எழுந்தான்.	எழு		False	True	False	public	NATIVE-CHECK-NUM-2
NUM-X-0645-C0-SG	NUM-X-0645	NUM-003	number		C0	2	0.5000	definite-np	literary		The accused came before the others.	instruction	SG	வந்தான்.	vantāṉ.	[4, 7]	ான்	வந்தார்கள்.	வா		False	True	False	public	NATIVE-CHECK-NUM-2
NUM-X-0648-C0-PL	NUM-X-0648	NUM-002	number		C0	2	0.5000	definite-np	literary		The accused went outside the hall.	instruction	PL	சென்றார்கள்.	ceṉṟārkaḷ.	[5, 11]	ார்கள்	சென்றான்.	செல்		False	True	False	public	NATIVE-CHECK-NUM-2
NUM-X-0649-C0-SG	NUM-X-0649	NUM-003	number		C0	2	0.5000	definite-np	literary		The accused cried before the others.	instruction	SG	அழுதான்.	aḻutāṉ.	[4, 7]	ான்	அழுதார்கள்.	அழு		False	True	False	public	NATIVE-CHECK-NUM-2
NUM-X-0652-C0-PL	NUM-X-0652	NUM-002	number		C0	2	0.5000	definite-np	literary		The accused rose outside the hall.	instruction	PL	எழுந்தார்கள்.	eḻuntārkaḷ.	[6, 12]	ார்கள்	எழுந்தான்.	எழு		False	True	False	public	NATIVE-CHECK-NUM-2
NUM-X-0653-C0-SG	NUM-X-0653	NUM-003	number		C0	2	0.5000	definite-np	literary		The accused came before the others.	instruction	SG	வந்தான்.	vantāṉ.	[4, 7]	ான்	வந்தார்கள்.	வா		False	True	False	public	NATIVE-CHECK-NUM-2
NUM-X-0656-C0-PL	NUM-X-0656	NUM-002	number		C0	2	0.5000	definite-np	literary		The accused went outside the hall.	instruction	PL	சென்றார்கள்.	ceṉṟārkaḷ.	[5, 11]	ார்கள்	சென்றான்.	செல்		False	True	False	public	NATIVE-CHECK-NUM-2
NUM-X-0657-C0-SG	NUM-X-0657	NUM-003	number		C0	2	0.5000	definite-np	literary		The accused cried before the others.	instruction	SG	அழுதான்.	aḻutāṉ.	[4, 7]	ான்	அழுதார்கள்.	அழு		False	True	False	public	NATIVE-CHECK-NUM-2
NUM-X-0660-C0-PL	NUM-X-0660	NUM-002	number		C0	2	0.5000	definite-np	literary		The accused rose outside the hall.	instruction	PL	எழுந்தார்கள்.	eḻuntārkaḷ.	[6, 12]	ார்கள்	எழுந்தான்.	எழு		False	True	False	public	NATIVE-CHECK-NUM-2
NUM-X-0661-C0-SG	NUM-X-0661	NUM-003	number		C0	2	0.5000	definite-np	literary		The accused came before the others.	instruction	SG	வந்தான்.	vantāṉ.	[4, 7]	ான்	வந்தார்கள்.	வா		False	True	False	public	NATIVE-CHECK-NUM-2
NUM-X-0664-C0-PL	NUM-X-0664	NUM-002	number		C0	2	0.5000	definite-np	literary		The accused went outside the hall.	instruction	PL	சென்றார்கள்.	ceṉṟārkaḷ.	[5, 11]	ார்கள்	சென்றான்.	செல்		False	True	False	public	NATIVE-CHECK-NUM-2
NUM-X-0665-C0-SG	NUM-X-0665	NUM-003	number		C0	2	0.5000	definite-np	literary		The accused cried before the others.	instruction	SG	அழுதான்.	aḻutāṉ.	[4, 7]	ான்	அழுதார்கள்.	அழு		False	True	False	public	NATIVE-CHECK-NUM-2
NUM-X-0668-C0-PL	NUM-X-0668	NUM-002	number		C0	2	0.5000	definite-np	literary		The accused rose outside the hall.	instruction	PL	எழுந்தார்கள்.	eḻuntārkaḷ.	[6, 12]	ார்கள்	எழுந்தான்.	எழு		False	True	False	public	NATIVE-CHECK-NUM-2
NUM-X-0669-C0-SG	NUM-X-0669	NUM-003	number		C0	2	0.5000	definite-np	literary		The accused came before the others.	instruction	SG	வந்தான்.	vantāṉ.	[4, 7]	ான்	வந்தார்கள்.	வா		False	True	False	public	NATIVE-CHECK-NUM-2
NUM-X-0672-C0-PL	NUM-X-0672	NUM-002	number		C0	2	0.5000	definite-np	literary		The accused went outside the hall.	instruction	PL	சென்றார்கள்.	ceṉṟārkaḷ.	[5, 11]	ார்கள்	சென்றான்.	செல்		False	True	False	public	NATIVE-CHECK-NUM-2
NUM-X-0673-C0-SG	NUM-X-0673	NUM-003	number		C0	2	0.5000	definite-np	literary		The accused cried before the others.	instruction	SG	அழுதான்.	aḻutāṉ.	[4, 7]	ான்	அழுதார்கள்.	அழு		False	True	False	public	NATIVE-CHECK-NUM-2
NUM-X-0676-C0-PL	NUM-X-0676	NUM-002	number		C0	2	0.5000	definite-np	literary		The accused rose outside the hall.	instruction	PL	எழுந்தார்கள்.	eḻuntārkaḷ.	[6, 12]	ார்கள்	எழுந்தான்.	எழு		False	True	False	public	NATIVE-CHECK-NUM-2
NUM-X-0677-C0-SG	NUM-X-0677	NUM-003	number		C0	2	0.5000	definite-np	literary		The accused came before the others.	instruction	SG	வந்தான்.	vantāṉ.	[4, 7]	ான்	வந்தார்கள்.	வா		False	True	False	public	NATIVE-CHECK-NUM-2
NUM-X-0680-C0-PL	NUM-X-0680	NUM-002	number		C0	2	0.5000	definite-np	literary		The accused went outside the hall.	instruction	PL	சென்றார்கள்.	ceṉṟārkaḷ.	[5, 11]	ார்கள்	சென்றான்.	செல்		False	True	False	public	NATIVE-CHECK-NUM-2
NUM-X-0681-C0-SG	NUM-X-0681	NUM-003	number		C0	2	0.5000	definite-np	literary		The accused cried before the others.	instruction	SG	அழுதான்.	aḻutāṉ.	[4, 7]	ான்	அழுதார்கள்.	அழு		False	True	False	public	NATIVE-CHECK-NUM-2
RAT-X-0683-C1-AHRI	RAT-X-0683	RAT-001	rationality		C1	2	0.5000	clear	literary		The dogs came at dawn.	in_sentence	AHRI	நாய்கள் வந்தன.	nāykaḷ vantaṉa.	[12, 13]	ன	மாணவர்கள் வந்தார்கள்.	வா	PL	False	True	False	public	NATIVE-CHECK-RAT-2
RAT-X-0683-C1-UYAR	RAT-X-0683	RAT-001	rationality		C1	2	0.5000	clear	literary		The students came at dawn.	in_sentence	UYAR	மாணவர்கள் வந்தார்கள்.	māṇavarkaḷ vantārkaḷ.	[14, 20]	ார்கள்	நாய்கள் வந்தன.	வா	PL	False	True	False	public	NATIVE-CHECK-RAT-2
RAT-X-0683-C2-AHRI	RAT-X-0683	RAT-001	rationality		C2	2	0.5000	clear	literary	The horses had gathered outside since dawn.	They came at dawn.	prior_sentence	AHRI	வந்தன.	vantaṉa.	[4, 5]	ன	வந்தார்கள்.	வா	PL	False	True	False	public	NATIVE-CHECK-RAT-2
RAT-X-0683-C2-UYAR	RAT-X-0683	RAT-001	rationality		C2	2	0.5000	clear	literary	The students had gathered outside since dawn.	They came at dawn.	prior_sentence	UYAR	வந்தார்கள்.	vantārkaḷ.	[4, 10]	ார்கள்	வந்தன.	வா	PL	False	True	False	public	NATIVE-CHECK-RAT-2
RAT-X-0683-C3-000	RAT-X-0683	RAT-001	rationality		C3	2	0.5000	clear	literary	The sky had been overcast since dawn.	They came at dawn.	absent				[]		வந்தார்கள்.|வந்தன.	வா	PL	False	True	False	public	NATIVE-CHECK-RAT-2
RAT-X-0684-C1-AHRI	RAT-X-0684	RAT-001	rationality		C1	2	0.5000	clear	literary		The dogs ran at dawn.	in_sentence	AHRI	நாய்கள் ஓடினன.	nāykaḷ ōṭiṉaṉa.	[12, 13]	ன	மாணவர்கள் ஓடினார்கள்.	ஓடு	PL	False	True	False	public	NATIVE-CHECK-RAT-2
RAT-X-0684-C1-UYAR	RAT-X-0684	RAT-001	rationality		C1	2	0.5000	clear	literary		The students ran at dawn.	in_sentence	UYAR	மாணவர்கள் ஓடினார்கள்.	māṇavarkaḷ ōṭiṉārkaḷ.	[14, 20]	ார்கள்	நாய்கள் ஓடினன.	ஓடு	PL	False	True	False	public	NATIVE-CHECK-RAT-2
RAT-X-0684-C2-AHRI	RAT-X-0684	RAT-001	rationality		C2	2	0.5000	clear	literary	A group of elephants waited near the bridge.	They ran at dawn.	prior_sentence	AHRI	ஓடினன.	ōṭiṉaṉa.	[4, 5]	ன	ஓடினார்கள்.	ஓடு	PL	False	True	False	public	NATIVE-CHECK-RAT-2
RAT-X-0684-C2-UYAR	RAT-X-0684	RAT-001	rationality		C2	2	0.5000	clear	literary	A group of soldiers waited near the bridge.	They ran at dawn.	prior_sentence	UYAR	ஓடினார்கள்.	ōṭiṉārkaḷ.	[4, 10]	ார்கள்	ஓடினன.	ஓடு	PL	False	True	False	public	NATIVE-CHECK-RAT-2
RAT-X-0684-C3-001	RAT-X-0684	RAT-001	rationality		C3	2	0.5000	clear	literary	A long queue had formed somewhere beyond the bridge.	They ran at dawn.	absent				[]		ஓடினார்கள்.|ஓடினன.	ஓடு	PL	False	True	False	public	NATIVE-CHECK-RAT-2
RAT-X-0685-C1-AHRI	RAT-X-0685	RAT-001	rationality		C1	2	0.5000	clear	literary		The dogs walked at dawn.	in_sentence	AHRI	நாய்கள் நடந்தன.	nāykaḷ naṭantaṉa.	[13, 14]	ன	மாணவர்கள் நடந்தார்கள்.	நட	PL	False	True	False	public	NATIVE-CHECK-RAT-2
RAT-X-0685-C1-UYAR	RAT-X-0685	RAT-001	rationality		C1	2	0.5000	clear	literary		The students walked at dawn.	in_sentence	UYAR	மாணவர்கள் நடந்தார்கள்.	māṇavarkaḷ naṭantārkaḷ.	[15, 21]	ார்கள்	நாய்கள் நடந்தன.	நட	PL	False	True	False	public	NATIVE-CHECK-RAT-2
RAT-X-0685-C2-AHRI	RAT-X-0685	RAT-001	rationality		C2	2	0.5000	clear	literary	The carts were expected before the ceremony.	They walked at dawn.	prior_sentence	AHRI	நடந்தன.	naṭantaṉa.	[5, 6]	ன	நடந்தார்கள்.	நட	PL	False	True	False	public	NATIVE-CHECK-RAT-2
RAT-X-0685-C2-UYAR	RAT-X-0685	RAT-001	rationality		C2	2	0.5000	clear	literary	The doctors were expected before the ceremony.	They walked at dawn.	prior_sentence	UYAR	நடந்தார்கள்.	naṭantārkaḷ.	[5, 11]	ார்கள்	நடந்தன.	நட	PL	False	True	False	public	NATIVE-CHECK-RAT-2
RAT-X-0685-C3-002	RAT-X-0685	RAT-001	rationality		C3	2	0.5000	clear	literary	The rain was expected after the ceremony.	They walked at dawn.	absent				[]		நடந்தார்கள்.|நடந்தன.	நட	PL	False	True	False	public	NATIVE-CHECK-RAT-2
RAT-X-0686-C1-AHRI	RAT-X-0686	RAT-001	rationality		C1	2	0.5000	clear	literary		The dogs played at dawn.	in_sentence	AHRI	நாய்கள் விளையாடினன.	nāykaḷ viḷaiyāṭiṉaṉa.	[17, 18]	ன	மாணவர்கள் விளையாடினார்கள்.	விளையாடு	PL	False	True	False	public	NATIVE-CHECK-RAT-2
RAT-X-0686-C1-UYAR	RAT-X-0686	RAT-001	rationality		C1	2	0.5000	clear	literary		The students played at dawn.	in_sentence	UYAR	மாணவர்கள் விளையாடினார்கள்.	māṇavarkaḷ viḷaiyāṭiṉārkaḷ.	[19, 25]	ார்கள்	நாய்கள் விளையாடினன.	விளையாடு	PL	False	True	False	public	NATIVE-CHECK-RAT-2
RAT-X-0686-C2-AHRI	RAT-X-0686	RAT-001	rationality		C2	2	0.5000	clear	literary	Several tigers had been sighted near the village.	They played at dawn.	prior_sentence	AHRI	விளையாடினன.	viḷaiyāṭiṉaṉa.	[9, 10]	ன	விளையாடினார்கள்.	விளையாடு	PL	False	True	False	public	NATIVE-CHECK-RAT-2
RAT-X-0686-C2-UYAR	RAT-X-0686	RAT-001	rationality		C2	2	0.5000	clear	literary	Several officers had been posted to the village.	They played at dawn.	prior_sentence	UYAR	விளையாடினார்கள்.	viḷaiyāṭiṉārkaḷ.	[9, 15]	ார்கள்	விளையாடினன.	விளையாடு	PL	False	True	False	public	NATIVE-CHECK-RAT-2
RAT-X-0686-C3-003	RAT-X-0686	RAT-001	rationality		C3	2	0.5000	clear	literary	Several power cuts had been reported across the village.	They played at dawn.	absent				[]		விளையாடினார்கள்.|விளையாடினன.	விளையாடு	PL	False	True	False	public	NATIVE-CHECK-RAT-2
RAT-X-0687-C1-AHRI	RAT-X-0687	RAT-001	rationality		C1	2	0.5000	clear	literary		The dogs cried at dawn.	in_sentence	AHRI	நாய்கள் அழுதன.	nāykaḷ aḻutaṉa.	[12, 13]	ன	மாணவர்கள் அழுதார்கள்.	அழு	PL	False	True	False	public	NATIVE-CHECK-RAT-2
RAT-X-0687-C1-UYAR	RAT-X-0687	RAT-001	rationality		C1	2	0.5000	clear	literary		The students cried at dawn.	in_sentence	UYAR	மாணவர்கள் அழுதார்கள்.	māṇavarkaḷ aḻutārkaḷ.	[14, 20]	ார்கள்	நாய்கள் அழுதன.	அழு	PL	False	True	False	public	NATIVE-CHECK-RAT-2
RAT-X-0687-C2-AHRI	RAT-X-0687	RAT-001	rationality		C2	2	0.5000	clear	literary	The monkeys left the compound at four o'clock.	They cried at dawn.	prior_sentence	AHRI	அழுதன.	aḻutaṉa.	[4, 5]	ன	அழுதார்கள்.	அழு	PL	False	True	False	public	NATIVE-CHECK-RAT-2
RAT-X-0687-C2-UYAR	RAT-X-0687	RAT-001	rationality		C2	2	0.5000	clear	literary	The teachers left the compound at four o'clock.	They cried at dawn.	prior_sentence	UYAR	அழுதார்கள்.	aḻutārkaḷ.	[4, 10]	ார்கள்	அழுதன.	அழு	PL	False	True	False	public	NATIVE-CHECK-RAT-2
RAT-X-0687-C3-004	RAT-X-0687	RAT-001	rationality		C3	2	0.5000	clear	literary	The main gate closed at four o'clock.	They cried at dawn.	absent				[]		அழுதார்கள்.|அழுதன.	அழு	PL	False	True	False	public	NATIVE-CHECK-RAT-2
RAT-X-0688-C1-AHRI	RAT-X-0688	RAT-001	rationality		C1	2	0.5000	clear	literary		The dogs laughed at dawn.	in_sentence	AHRI	நாய்கள் சிரித்தன.	nāykaḷ cirittaṉa.	[15, 16]	ன	மாணவர்கள் சிரித்தார்கள்.	சிரி	PL	False	True	False	public	NATIVE-CHECK-RAT-2
RAT-X-0688-C1-UYAR	RAT-X-0688	RAT-001	rationality		C1	2	0.5000	clear	literary		The students laughed at dawn.	in_sentence	UYAR	மாணவர்கள் சிரித்தார்கள்.	māṇavarkaḷ cirittārkaḷ.	[17, 23]	ார்கள்	நாய்கள் சிரித்தன.	சிரி	PL	False	True	False	public	NATIVE-CHECK-RAT-2
RAT-X-0688-C2-AHRI	RAT-X-0688	RAT-001	rationality		C2	2	0.5000	clear	literary	The cattle had been standing there all afternoon.	They laughed at dawn.	prior_sentence	AHRI	சிரித்தன.	cirittaṉa.	[7, 8]	ன	சிரித்தார்கள்.	சிரி	PL	False	True	False	public	NATIVE-CHECK-RAT-2
RAT-X-0688-C2-UYAR	RAT-X-0688	RAT-001	rationality		C2	2	0.5000	clear	literary	The soldiers had been standing there all afternoon.	They laughed at dawn.	prior_sentence	UYAR	சிரித்தார்கள்.	cirittārkaḷ.	[7, 13]	ார்கள்	சிரித்தன.	சிரி	PL	False	True	False	public	NATIVE-CHECK-RAT-2
RAT-X-0688-C3-005	RAT-X-0688	RAT-001	rationality		C3	2	0.5000	clear	literary	A heavy stillness had been settling there all afternoon.	They laughed at dawn.	absent				[]		சிரித்தார்கள்.|சிரித்தன.	சிரி	PL	False	True	False	public	NATIVE-CHECK-RAT-2
RAT-X-0689-C1-AHRI	RAT-X-0689	RAT-001	rationality		C1	2	0.5000	clear	literary		The dogs flew at dawn.	in_sentence	AHRI	நாய்கள் பறந்தன.	nāykaḷ paṟantaṉa.	[13, 14]	ன	மாணவர்கள் பறந்தார்கள்.	பற	PL	False	True	False	public	NATIVE-CHECK-RAT-2
RAT-X-0689-C1-UYAR	RAT-X-0689	RAT-001	rationality		C1	2	0.5000	clear	literary		The students flew at dawn.	in_sentence	UYAR	மாணவர்கள் பறந்தார்கள்.	māṇavarkaḷ paṟantārkaḷ.	[15, 21]	ார்கள்	நாய்கள் பறந்தன.	பற	PL	False	True	False	public	NATIVE-CHECK-RAT-2
RAT-X-0689-C2-AHRI	RAT-X-0689	RAT-001	rationality		C2	2	0.5000	clear	literary	The horses had gathered outside since dawn.	They flew at dawn.	prior_sentence	AHRI	பறந்தன.	paṟantaṉa.	[5, 6]	ன	பறந்தார்கள்.	பற	PL	False	True	False	public	NATIVE-CHECK-RAT-2
RAT-X-0689-C2-UYAR	RAT-X-0689	RAT-001	rationality		C2	2	0.5000	clear	literary	The students had gathered outside since dawn.	They flew at dawn.	prior_sentence	UYAR	பறந்தார்கள்.	paṟantārkaḷ.	[5, 11]	ார்கள்	பறந்தன.	பற	PL	False	True	False	public	NATIVE-CHECK-RAT-2
RAT-X-0689-C3-006	RAT-X-0689	RAT-001	rationality		C3	2	0.5000	clear	literary	The sky had been overcast since dawn.	They flew at dawn.	absent				[]		பறந்தார்கள்.|பறந்தன.	பற	PL	False	True	False	public	NATIVE-CHECK-RAT-2
RAT-X-0690-C1-AHRI	RAT-X-0690	RAT-001	rationality		C1	2	0.5000	clear	literary		The dogs swam at dawn.	in_sentence	AHRI	நாய்கள் நீந்தினன.	nāykaḷ nīntiṉaṉa.	[15, 16]	ன	மாணவர்கள் நீந்தினார்கள்.	நீந்து	PL	False	True	False	public	NATIVE-CHECK-RAT-2
RAT-X-0690-C1-UYAR	RAT-X-0690	RAT-001	rationality		C1	2	0.5000	clear	literary		The students swam at dawn.	in_sentence	UYAR	மாணவர்கள் நீந்தினார்கள்.	māṇavarkaḷ nīntiṉārkaḷ.	[17, 23]	ார்கள்	நாய்கள் நீந்தினன.	நீந்து	PL	False	True	False	public	NATIVE-CHECK-RAT-2
RAT-X-0690-C2-AHRI	RAT-X-0690	RAT-001	rationality		C2	2	0.5000	clear	literary	A group of elephants waited near the bridge.	They swam at dawn.	prior_sentence	AHRI	நீந்தினன.	nīntiṉaṉa.	[7, 8]	ன	நீந்தினார்கள்.	நீந்து	PL	False	True	False	public	NATIVE-CHECK-RAT-2
RAT-X-0690-C2-UYAR	RAT-X-0690	RAT-001	rationality		C2	2	0.5000	clear	literary	A group of soldiers waited near the bridge.	They swam at dawn.	prior_sentence	UYAR	நீந்தினார்கள்.	nīntiṉārkaḷ.	[7, 13]	ார்கள்	நீந்தினன.	நீந்து	PL	False	True	False	public	NATIVE-CHECK-RAT-2
RAT-X-0690-C3-007	RAT-X-0690	RAT-001	rationality		C3	2	0.5000	clear	literary	A long queue had formed somewhere beyond the bridge.	They swam at dawn.	absent				[]		நீந்தினார்கள்.|நீந்தினன.	நீந்து	PL	False	True	False	public	NATIVE-CHECK-RAT-2
RAT-X-0691-C1-AHRI	RAT-X-0691	RAT-001	rationality		C1	2	0.5000	clear	literary		The dogs spoke at dawn.	in_sentence	AHRI	நாய்கள் பேசினன.	nāykaḷ pēciṉaṉa.	[13, 14]	ன	மாணவர்கள் பேசினார்கள்.	பேசு	PL	False	True	False	public	NATIVE-CHECK-RAT-2
RAT-X-0691-C1-UYAR	RAT-X-0691	RAT-001	rationality		C1	2	0.5000	clear	literary		The students spoke at dawn.	in_sentence	UYAR	மாணவர்கள் பேசினார்கள்.	māṇavarkaḷ pēciṉārkaḷ.	[15, 21]	ார்கள்	நாய்கள் பேசினன.	பேசு	PL	False	True	False	public	NATIVE-CHECK-RAT-2
RAT-X-0691-C2-AHRI	RAT-X-0691	RAT-001	rationality		C2	2	0.5000	clear	literary	The carts were expected before the ceremony.	They spoke at dawn.	prior_sentence	AHRI	பேசினன.	pēciṉaṉa.	[5, 6]	ன	பேசினார்கள்.	பேசு	PL	False	True	False	public	NATIVE-CHECK-RAT-2
RAT-X-0691-C2-UYAR	RAT-X-0691	RAT-001	rationality		C2	2	0.5000	clear	literary	The doctors were expected before the ceremony.	They spoke at dawn.	prior_sentence	UYAR	பேசினார்கள்.	pēciṉārkaḷ.	[5, 11]	ார்கள்	பேசினன.	பேசு	PL	False	True	False	public	NATIVE-CHECK-RAT-2
RAT-X-0691-C3-008	RAT-X-0691	RAT-001	rationality		C3	2	0.5000	clear	literary	The rain was expected after the ceremony.	They spoke at dawn.	absent				[]		பேசினார்கள்.|பேசினன.	பேசு	PL	False	True	False	public	NATIVE-CHECK-RAT-2
RAT-X-0692-C1-AHRI	RAT-X-0692	RAT-001	rationality		C1	2	0.5000	clear	literary		The dogs rose at dawn.	in_sentence	AHRI	நாய்கள் எழுந்தன.	nāykaḷ eḻuntaṉa.	[14, 15]	ன	மாணவர்கள் எழுந்தார்கள்.	எழு	PL	False	True	False	public	NATIVE-CHECK-RAT-2
RAT-X-0692-C1-UYAR	RAT-X-0692	RAT-001	rationality		C1	2	0.5000	clear	literary		The students rose at dawn.	in_sentence	UYAR	மாணவர்கள் எழுந்தார்கள்.	māṇavarkaḷ eḻuntārkaḷ.	[16, 22]	ார்கள்	நாய்கள் எழுந்தன.	எழு	PL	False	True	False	public	NATIVE-CHECK-RAT-2
RAT-X-0692-C2-AHRI	RAT-X-0692	RAT-001	rationality		C2	2	0.5000	clear	literary	Several tigers had been sighted near the village.	They rose at dawn.	prior_sentence	AHRI	எழுந்தன.	eḻuntaṉa.	[6, 7]	ன	எழுந்தார்கள்.	எழு	PL	False	True	False	public	NATIVE-CHECK-RAT-2
RAT-X-0692-C2-UYAR	RAT-X-0692	RAT-001	rationality		C2	2	0.5000	clear	literary	Several officers had been posted to the village.	They rose at dawn.	prior_sentence	UYAR	எழுந்தார்கள்.	eḻuntārkaḷ.	[6, 12]	ார்கள்	எழுந்தன.	எழு	PL	False	True	False	public	NATIVE-CHECK-RAT-2
RAT-X-0692-C3-009	RAT-X-0692	RAT-001	rationality		C3	2	0.5000	clear	literary	Several power cuts had been reported across the village.	They rose at dawn.	absent				[]		எழுந்தார்கள்.|எழுந்தன.	எழு	PL	False	True	False	public	NATIVE-CHECK-RAT-2
RAT-X-0693-C1-AHRI	RAT-X-0693	RAT-001	rationality		C1	2	0.5000	clear	literary		The dogs sat at dawn.	in_sentence	AHRI	நாய்கள் உட்கார்ந்தன.	nāykaḷ uṭkārntaṉa.	[18, 19]	ன	மாணவர்கள் உட்கார்ந்தார்கள்.	உட்கார்	PL	False	True	False	public	NATIVE-CHECK-RAT-2
RAT-X-0693-C1-UYAR	RAT-X-0693	RAT-001	rationality		C1	2	0.5000	clear	literary		The students sat at dawn.	in_sentence	UYAR	மாணவர்கள் உட்கார்ந்தார்கள்.	māṇavarkaḷ uṭkārntārkaḷ.	[20, 26]	ார்கள்	நாய்கள் உட்கார்ந்தன.	உட்கார்	PL	False	True	False	public	NATIVE-CHECK-RAT-2
RAT-X-0693-C2-AHRI	RAT-X-0693	RAT-001	rationality		C2	2	0.5000	clear	literary	The monkeys left the compound at four o'clock.	They sat at dawn.	prior_sentence	AHRI	உட்கார்ந்தன.	uṭkārntaṉa.	[10, 11]	ன	உட்கார்ந்தார்கள்.	உட்கார்	PL	False	True	False	public	NATIVE-CHECK-RAT-2
RAT-X-0693-C2-UYAR	RAT-X-0693	RAT-001	rationality		C2	2	0.5000	clear	literary	The teachers left the compound at four o'clock.	They sat at dawn.	prior_sentence	UYAR	உட்கார்ந்தார்கள்.	uṭkārntārkaḷ.	[10, 16]	ார்கள்	உட்கார்ந்தன.	உட்கார்	PL	False	True	False	public	NATIVE-CHECK-RAT-2
RAT-X-0693-C3-010	RAT-X-0693	RAT-001	rationality		C3	2	0.5000	clear	literary	The main gate closed at four o'clock.	They sat at dawn.	absent				[]		உட்கார்ந்தார்கள்.|உட்கார்ந்தன.	உட்கார்	PL	False	True	False	public	NATIVE-CHECK-RAT-2
RAT-X-0694-C1-AHRI	RAT-X-0694	RAT-001	rationality		C1	2	0.5000	clear	literary		The dogs climbed at dawn.	in_sentence	AHRI	நாய்கள் ஏறினன.	nāykaḷ ēṟiṉaṉa.	[12, 13]	ன	மாணவர்கள் ஏறினார்கள்.	ஏறு	PL	False	True	False	public	NATIVE-CHECK-RAT-2
RAT-X-0694-C1-UYAR	RAT-X-0694	RAT-001	rationality		C1	2	0.5000	clear	literary		The students climbed at dawn.	in_sentence	UYAR	மாணவர்கள் ஏறினார்கள்.	māṇavarkaḷ ēṟiṉārkaḷ.	[14, 20]	ார்கள்	நாய்கள் ஏறினன.	ஏறு	PL	False	True	False	public	NATIVE-CHECK-RAT-2
RAT-X-0694-C2-AHRI	RAT-X-0694	RAT-001	rationality		C2	2	0.5000	clear	literary	The cattle had been standing there all afternoon.	They climbed at dawn.	prior_sentence	AHRI	ஏறினன.	ēṟiṉaṉa.	[4, 5]	ன	ஏறினார்கள்.	ஏறு	PL	False	True	False	public	NATIVE-CHECK-RAT-2
RAT-X-0694-C2-UYAR	RAT-X-0694	RAT-001	rationality		C2	2	0.5000	clear	literary	The soldiers had been standing there all afternoon.	They climbed at dawn.	prior_sentence	UYAR	ஏறினார்கள்.	ēṟiṉārkaḷ.	[4, 10]	ார்கள்	ஏறினன.	ஏறு	PL	False	True	False	public	NATIVE-CHECK-RAT-2
RAT-X-0694-C3-011	RAT-X-0694	RAT-001	rationality		C3	2	0.5000	clear	literary	A heavy stillness had been settling there all afternoon.	They climbed at dawn.	absent				[]		ஏறினார்கள்.|ஏறினன.	ஏறு	PL	False	True	False	public	NATIVE-CHECK-RAT-2
RAT-X-0695-C1-AHRI	RAT-X-0695	RAT-001	rationality		C1	2	0.5000	clear	literary		The dogs descended at dawn.	in_sentence	AHRI	நாய்கள் இறங்கினன.	nāykaḷ iṟaṅkiṉaṉa.	[15, 16]	ன	மாணவர்கள் இறங்கினார்கள்.	இறங்கு	PL	False	True	False	public	NATIVE-CHECK-RAT-2
RAT-X-0695-C1-UYAR	RAT-X-0695	RAT-001	rationality		C1	2	0.5000	clear	literary		The students descended at dawn.	in_sentence	UYAR	மாணவர்கள் இறங்கினார்கள்.	māṇavarkaḷ iṟaṅkiṉārkaḷ.	[17, 23]	ார்கள்	நாய்கள் இறங்கினன.	இறங்கு	PL	False	True	False	public	NATIVE-CHECK-RAT-2
RAT-X-0695-C2-AHRI	RAT-X-0695	RAT-001	rationality		C2	2	0.5000	clear	literary	The horses had gathered outside since dawn.	They descended at dawn.	prior_sentence	AHRI	இறங்கினன.	iṟaṅkiṉaṉa.	[7, 8]	ன	இறங்கினார்கள்.	இறங்கு	PL	False	True	False	public	NATIVE-CHECK-RAT-2
RAT-X-0695-C2-UYAR	RAT-X-0695	RAT-001	rationality		C2	2	0.5000	clear	literary	The students had gathered outside since dawn.	They descended at dawn.	prior_sentence	UYAR	இறங்கினார்கள்.	iṟaṅkiṉārkaḷ.	[7, 13]	ார்கள்	இறங்கினன.	இறங்கு	PL	False	True	False	public	NATIVE-CHECK-RAT-2
RAT-X-0695-C3-012	RAT-X-0695	RAT-001	rationality		C3	2	0.5000	clear	literary	The sky had been overcast since dawn.	They descended at dawn.	absent				[]		இறங்கினார்கள்.|இறங்கினன.	இறங்கு	PL	False	True	False	public	NATIVE-CHECK-RAT-2
RAT-X-0696-C1-AHRI	RAT-X-0696	RAT-002	rationality		C1	2	0.5000	clear	literary		The dogs went near the river.	in_sentence	AHRI	நாய்கள் சென்றன.	nāykaḷ ceṉṟaṉa.	[13, 14]	ன	மாணவர்கள் சென்றார்கள்.	செல்	PL	False	True	False	public	NATIVE-CHECK-RAT-2
RAT-X-0696-C1-UYAR	RAT-X-0696	RAT-002	rationality		C1	2	0.5000	clear	literary		The students went near the river.	in_sentence	UYAR	மாணவர்கள் சென்றார்கள்.	māṇavarkaḷ ceṉṟārkaḷ.	[15, 21]	ார்கள்	நாய்கள் சென்றன.	செல்	PL	False	True	False	public	NATIVE-CHECK-RAT-2
RAT-X-0696-C2-AHRI	RAT-X-0696	RAT-002	rationality		C2	2	0.5000	clear	literary	A group of elephants waited near the bridge.	They went near the river.	prior_sentence	AHRI	சென்றன.	ceṉṟaṉa.	[5, 6]	ன	சென்றார்கள்.	செல்	PL	False	True	False	public	NATIVE-CHECK-RAT-2
RAT-X-0696-C2-UYAR	RAT-X-0696	RAT-002	rationality		C2	2	0.5000	clear	literary	A group of soldiers waited near the bridge.	They went near the river.	prior_sentence	UYAR	சென்றார்கள்.	ceṉṟārkaḷ.	[5, 11]	ார்கள்	சென்றன.	செல்	PL	False	True	False	public	NATIVE-CHECK-RAT-2
RAT-X-0696-C3-013	RAT-X-0696	RAT-002	rationality		C3	2	0.5000	clear	literary	A long queue had formed somewhere beyond the bridge.	They went near the river.	absent				[]		சென்றார்கள்.|சென்றன.	செல்	PL	False	True	False	public	NATIVE-CHECK-RAT-2
RAT-X-0697-C1-AHRI	RAT-X-0697	RAT-002	rationality		C1	2	0.5000	clear	literary		The dogs moved near the river.	in_sentence	AHRI	நாய்கள் நகர்ந்தன.	nāykaḷ nakarntaṉa.	[15, 16]	ன	மாணவர்கள் நகர்ந்தார்கள்.	நகர்	PL	False	True	False	public	NATIVE-CHECK-RAT-2
RAT-X-0697-C1-UYAR	RAT-X-0697	RAT-002	rationality		C1	2	0.5000	clear	literary		The students moved near the river.	in_sentence	UYAR	மாணவர்கள் நகர்ந்தார்கள்.	māṇavarkaḷ nakarntārkaḷ.	[17, 23]	ார்கள்	நாய்கள் நகர்ந்தன.	நகர்	PL	False	True	False	public	NATIVE-CHECK-RAT-2
RAT-X-0697-C2-AHRI	RAT-X-0697	RAT-002	rationality		C2	2	0.5000	clear	literary	The carts were expected before the ceremony.	They moved near the river.	prior_sentence	AHRI	நகர்ந்தன.	nakarntaṉa.	[7, 8]	ன	நகர்ந்தார்கள்.	நகர்	PL	False	True	False	public	NATIVE-CHECK-RAT-2
RAT-X-0697-C2-UYAR	RAT-X-0697	RAT-002	rationality		C2	2	0.5000	clear	literary	The doctors were expected before the ceremony.	They moved near the river.	prior_sentence	UYAR	நகர்ந்தார்கள்.	nakarntārkaḷ.	[7, 13]	ார்கள்	நகர்ந்தன.	நகர்	PL	False	True	False	public	NATIVE-CHECK-RAT-2
RAT-X-0697-C3-014	RAT-X-0697	RAT-002	rationality		C3	2	0.5000	clear	literary	The rain was expected after the ceremony.	They moved near the river.	absent				[]		நகர்ந்தார்கள்.|நகர்ந்தன.	நகர்	PL	False	True	False	public	NATIVE-CHECK-RAT-2
RAT-X-0698-C1-AHRI	RAT-X-0698	RAT-002	rationality		C1	2	0.5000	clear	literary		The dogs jumped near the river.	in_sentence	AHRI	நாய்கள் குதித்தன.	nāykaḷ kutittaṉa.	[15, 16]	ன	மாணவர்கள் குதித்தார்கள்.	குதி	PL	False	True	False	public	NATIVE-CHECK-RAT-2
RAT-X-0698-C1-UYAR	RAT-X-0698	RAT-002	rationality		C1	2	0.5000	clear	literary		The students jumped near the river.	in_sentence	UYAR	மாணவர்கள் குதித்தார்கள்.	māṇavarkaḷ kutittārkaḷ.	[17, 23]	ார்கள்	நாய்கள் குதித்தன.	குதி	PL	False	True	False	public	NATIVE-CHECK-RAT-2
RAT-X-0698-C2-AHRI	RAT-X-0698	RAT-002	rationality		C2	2	0.5000	clear	literary	Several tigers had been sighted near the village.	They jumped near the river.	prior_sentence	AHRI	குதித்தன.	kutittaṉa.	[7, 8]	ன	குதித்தார்கள்.	குதி	PL	False	True	False	public	NATIVE-CHECK-RAT-2
RAT-X-0698-C2-UYAR	RAT-X-0698	RAT-002	rationality		C2	2	0.5000	clear	literary	Several officers had been posted to the village.	They jumped near the river.	prior_sentence	UYAR	குதித்தார்கள்.	kutittārkaḷ.	[7, 13]	ார்கள்	குதித்தன.	குதி	PL	False	True	False	public	NATIVE-CHECK-RAT-2
RAT-X-0698-C3-015	RAT-X-0698	RAT-002	rationality		C3	2	0.5000	clear	literary	Several power cuts had been reported across the village.	They jumped near the river.	absent				[]		குதித்தார்கள்.|குதித்தன.	குதி	PL	False	True	False	public	NATIVE-CHECK-RAT-2
RAT-X-0699-C1-AHRI	RAT-X-0699	RAT-002	rationality		C1	2	0.5000	clear	literary		The dogs smiled near the river.	in_sentence	AHRI	நாய்கள் நகைத்தன.	nāykaḷ nakaittaṉa.	[14, 15]	ன	மாணவர்கள் நகைத்தார்கள்.	நகை	PL	False	True	False	public	NATIVE-CHECK-RAT-2
RAT-X-0699-C1-UYAR	RAT-X-0699	RAT-002	rationality		C1	2	0.5000	clear	literary		The students smiled near the river.	in_sentence	UYAR	மாணவர்கள் நகைத்தார்கள்.	māṇavarkaḷ nakaittārkaḷ.	[16, 22]	ார்கள்	நாய்கள் நகைத்தன.	நகை	PL	False	True	False	public	NATIVE-CHECK-RAT-2
RAT-X-0699-C2-AHRI	RAT-X-0699	RAT-002	rationality		C2	2	0.5000	clear	literary	The monkeys left the compound at four o'clock.	They smiled near the river.	prior_sentence	AHRI	நகைத்தன.	nakaittaṉa.	[6, 7]	ன	நகைத்தார்கள்.	நகை	PL	False	True	False	public	NATIVE-CHECK-RAT-2
RAT-X-0699-C2-UYAR	RAT-X-0699	RAT-002	rationality		C2	2	0.5000	clear	literary	The teachers left the compound at four o'clock.	They smiled near the river.	prior_sentence	UYAR	நகைத்தார்கள்.	nakaittārkaḷ.	[6, 12]	ார்கள்	நகைத்தன.	நகை	PL	False	True	False	public	NATIVE-CHECK-RAT-2
RAT-X-0699-C3-016	RAT-X-0699	RAT-002	rationality		C3	2	0.5000	clear	literary	The main gate closed at four o'clock.	They smiled near the river.	absent				[]		நகைத்தார்கள்.|நகைத்தன.	நகை	PL	False	True	False	public	NATIVE-CHECK-RAT-2
RAT-X-0700-C1-AHRI	RAT-X-0700	RAT-002	rationality		C1	2	0.5000	clear	literary		The dogs feared near the river.	in_sentence	AHRI	நாய்கள் அஞ்சினன.	nāykaḷ añciṉaṉa.	[14, 15]	ன	மாணவர்கள் அஞ்சினார்கள்.	அஞ்சு	PL	False	True	False	public	NATIVE-CHECK-RAT-2
RAT-X-0700-C1-UYAR	RAT-X-0700	RAT-002	rationality		C1	2	0.5000	clear	literary		The students feared near the river.	in_sentence	UYAR	மாணவர்கள் அஞ்சினார்கள்.	māṇavarkaḷ añciṉārkaḷ.	[16, 22]	ார்கள்	நாய்கள் அஞ்சினன.	அஞ்சு	PL	False	True	False	public	NATIVE-CHECK-RAT-2
RAT-X-0700-C2-AHRI	RAT-X-0700	RAT-002	rationality		C2	2	0.5000	clear	literary	The cattle had been standing there all afternoon.	They feared near the river.	prior_sentence	AHRI	அஞ்சினன.	añciṉaṉa.	[6, 7]	ன	அஞ்சினார்கள்.	அஞ்சு	PL	False	True	False	public	NATIVE-CHECK-RAT-2
RAT-X-0700-C2-UYAR	RAT-X-0700	RAT-002	rationality		C2	2	0.5000	clear	literary	The soldiers had been standing there all afternoon.	They feared near the river.	prior_sentence	UYAR	அஞ்சினார்கள்.	añciṉārkaḷ.	[6, 12]	ார்கள்	அஞ்சினன.	அஞ்சு	PL	False	True	False	public	NATIVE-CHECK-RAT-2
RAT-X-0700-C3-017	RAT-X-0700	RAT-002	rationality		C3	2	0.5000	clear	literary	A heavy stillness had been settling there all afternoon.	They feared near the river.	absent				[]		அஞ்சினார்கள்.|அஞ்சினன.	அஞ்சு	PL	False	True	False	public	NATIVE-CHECK-RAT-2
RAT-X-0701-C1-AHRI	RAT-X-0701	RAT-002	rationality		C1	2	0.5000	clear	literary		The cats came near the river.	in_sentence	AHRI	பூனைகள் வந்தன.	pūṉaikaḷ vantaṉa.	[12, 13]	ன	அரசர்கள் வந்தார்கள்.	வா	PL	False	True	False	public	NATIVE-CHECK-RAT-2
RAT-X-0701-C1-UYAR	RAT-X-0701	RAT-002	rationality		C1	2	0.5000	clear	literary		The kings came near the river.	in_sentence	UYAR	அரசர்கள் வந்தார்கள்.	aracarkaḷ vantārkaḷ.	[13, 19]	ார்கள்	பூனைகள் வந்தன.	வா	PL	False	True	False	public	NATIVE-CHECK-RAT-2
RAT-X-0701-C2-AHRI	RAT-X-0701	RAT-002	rationality		C2	2	0.5000	clear	literary	The horses had gathered outside since dawn.	They came near the river.	prior_sentence	AHRI	வந்தன.	vantaṉa.	[4, 5]	ன	வந்தார்கள்.	வா	PL	False	True	False	public	NATIVE-CHECK-RAT-2
RAT-X-0701-C2-UYAR	RAT-X-0701	RAT-002	rationality		C2	2	0.5000	clear	literary	The students had gathered outside since dawn.	They came near the river.	prior_sentence	UYAR	வந்தார்கள்.	vantārkaḷ.	[4, 10]	ார்கள்	வந்தன.	வா	PL	False	True	False	public	NATIVE-CHECK-RAT-2
RAT-X-0701-C3-018	RAT-X-0701	RAT-002	rationality		C3	2	0.5000	clear	literary	The sky had been overcast since dawn.	They came near the river.	absent				[]		வந்தார்கள்.|வந்தன.	வா	PL	False	True	False	public	NATIVE-CHECK-RAT-2
RAT-X-0702-C1-AHRI	RAT-X-0702	RAT-002	rationality		C1	2	0.5000	clear	literary		The cats ran near the river.	in_sentence	AHRI	பூனைகள் ஓடினன.	pūṉaikaḷ ōṭiṉaṉa.	[12, 13]	ன	அரசர்கள் ஓடினார்கள்.	ஓடு	PL	False	True	False	public	NATIVE-CHECK-RAT-2
RAT-X-0702-C1-UYAR	RAT-X-0702	RAT-002	rationality		C1	2	0.5000	clear	literary		The kings ran near the river.	in_sentence	UYAR	அரசர்கள் ஓடினார்கள்.	aracarkaḷ ōṭiṉārkaḷ.	[13, 19]	ார்கள்	பூனைகள் ஓடினன.	ஓடு	PL	False	True	False	public	NATIVE-CHECK-RAT-2
RAT-X-0702-C2-AHRI	RAT-X-0702	RAT-002	rationality		C2	2	0.5000	clear	literary	A group of elephants waited near the bridge.	They ran near the river.	prior_sentence	AHRI	ஓடினன.	ōṭiṉaṉa.	[4, 5]	ன	ஓடினார்கள்.	ஓடு	PL	False	True	False	public	NATIVE-CHECK-RAT-2
RAT-X-0702-C2-UYAR	RAT-X-0702	RAT-002	rationality		C2	2	0.5000	clear	literary	A group of soldiers waited near the bridge.	They ran near the river.	prior_sentence	UYAR	ஓடினார்கள்.	ōṭiṉārkaḷ.	[4, 10]	ார்கள்	ஓடினன.	ஓடு	PL	False	True	False	public	NATIVE-CHECK-RAT-2
RAT-X-0702-C3-019	RAT-X-0702	RAT-002	rationality		C3	2	0.5000	clear	literary	A long queue had formed somewhere beyond the bridge.	They ran near the river.	absent				[]		ஓடினார்கள்.|ஓடினன.	ஓடு	PL	False	True	False	public	NATIVE-CHECK-RAT-2
RAT-X-0703-C1-AHRI	RAT-X-0703	RAT-002	rationality		C1	2	0.5000	clear	literary		The cats walked near the river.	in_sentence	AHRI	பூனைகள் நடந்தன.	pūṉaikaḷ naṭantaṉa.	[13, 14]	ன	அரசர்கள் நடந்தார்கள்.	நட	PL	False	True	False	public	NATIVE-CHECK-RAT-2
RAT-X-0703-C1-UYAR	RAT-X-0703	RAT-002	rationality		C1	2	0.5000	clear	literary		The kings walked near the river.	in_sentence	UYAR	அரசர்கள் நடந்தார்கள்.	aracarkaḷ naṭantārkaḷ.	[14, 20]	ார்கள்	பூனைகள் நடந்தன.	நட	PL	False	True	False	public	NATIVE-CHECK-RAT-2
RAT-X-0703-C2-AHRI	RAT-X-0703	RAT-002	rationality		C2	2	0.5000	clear	literary	The carts were expected before the ceremony.	They walked near the river.	prior_sentence	AHRI	நடந்தன.	naṭantaṉa.	[5, 6]	ன	நடந்தார்கள்.	நட	PL	False	True	False	public	NATIVE-CHECK-RAT-2
RAT-X-0703-C2-UYAR	RAT-X-0703	RAT-002	rationality		C2	2	0.5000	clear	literary	The doctors were expected before the ceremony.	They walked near the river.	prior_sentence	UYAR	நடந்தார்கள்.	naṭantārkaḷ.	[5, 11]	ார்கள்	நடந்தன.	நட	PL	False	True	False	public	NATIVE-CHECK-RAT-2
RAT-X-0703-C3-020	RAT-X-0703	RAT-002	rationality		C3	2	0.5000	clear	literary	The rain was expected after the ceremony.	They walked near the river.	absent				[]		நடந்தார்கள்.|நடந்தன.	நட	PL	False	True	False	public	NATIVE-CHECK-RAT-2
RAT-X-0704-C1-AHRI	RAT-X-0704	RAT-002	rationality		C1	2	0.5000	clear	literary		The cats played near the river.	in_sentence	AHRI	பூனைகள் விளையாடினன.	pūṉaikaḷ viḷaiyāṭiṉaṉa.	[17, 18]	ன	அரசர்கள் விளையாடினார்கள்.	விளையாடு	PL	False	True	False	public	NATIVE-CHECK-RAT-2
RAT-X-0704-C1-UYAR	RAT-X-0704	RAT-002	rationality		C1	2	0.5000	clear	literary		The kings played near the river.	in_sentence	UYAR	அரசர்கள் விளையாடினார்கள்.	aracarkaḷ viḷaiyāṭiṉārkaḷ.	[18, 24]	ார்கள்	பூனைகள் விளையாடினன.	விளையாடு	PL	False	True	False	public	NATIVE-CHECK-RAT-2
RAT-X-0704-C2-AHRI	RAT-X-0704	RAT-002	rationality		C2	2	0.5000	clear	literary	Several tigers had been sighted near the village.	They played near the river.	prior_sentence	AHRI	விளையாடினன.	viḷaiyāṭiṉaṉa.	[9, 10]	ன	விளையாடினார்கள்.	விளையாடு	PL	False	True	False	public	NATIVE-CHECK-RAT-2
RAT-X-0704-C2-UYAR	RAT-X-0704	RAT-002	rationality		C2	2	0.5000	clear	literary	Several officers had been posted to the village.	They played near the river.	prior_sentence	UYAR	விளையாடினார்கள்.	viḷaiyāṭiṉārkaḷ.	[9, 15]	ார்கள்	விளையாடினன.	விளையாடு	PL	False	True	False	public	NATIVE-CHECK-RAT-2
RAT-X-0704-C3-021	RAT-X-0704	RAT-002	rationality		C3	2	0.5000	clear	literary	Several power cuts had been reported across the village.	They played near the river.	absent				[]		விளையாடினார்கள்.|விளையாடினன.	விளையாடு	PL	False	True	False	public	NATIVE-CHECK-RAT-2
RAT-X-0705-C1-AHRI	RAT-X-0705	RAT-002	rationality		C1	2	0.5000	clear	literary		The cats cried near the river.	in_sentence	AHRI	பூனைகள் அழுதன.	pūṉaikaḷ aḻutaṉa.	[12, 13]	ன	அரசர்கள் அழுதார்கள்.	அழு	PL	False	True	False	public	NATIVE-CHECK-RAT-2
RAT-X-0705-C1-UYAR	RAT-X-0705	RAT-002	rationality		C1	2	0.5000	clear	literary		The kings cried near the river.	in_sentence	UYAR	அரசர்கள் அழுதார்கள்.	aracarkaḷ aḻutārkaḷ.	[13, 19]	ார்கள்	பூனைகள் அழுதன.	அழு	PL	False	True	False	public	NATIVE-CHECK-RAT-2
RAT-X-0705-C2-AHRI	RAT-X-0705	RAT-002	rationality		C2	2	0.5000	clear	literary	The monkeys left the compound at four o'clock.	They cried near the river.	prior_sentence	AHRI	அழுதன.	aḻutaṉa.	[4, 5]	ன	அழுதார்கள்.	அழு	PL	False	True	False	public	NATIVE-CHECK-RAT-2
RAT-X-0705-C2-UYAR	RAT-X-0705	RAT-002	rationality		C2	2	0.5000	clear	literary	The teachers left the compound at four o'clock.	They cried near the river.	prior_sentence	UYAR	அழுதார்கள்.	aḻutārkaḷ.	[4, 10]	ார்கள்	அழுதன.	அழு	PL	False	True	False	public	NATIVE-CHECK-RAT-2
RAT-X-0705-C3-022	RAT-X-0705	RAT-002	rationality		C3	2	0.5000	clear	literary	The main gate closed at four o'clock.	They cried near the river.	absent				[]		அழுதார்கள்.|அழுதன.	அழு	PL	False	True	False	public	NATIVE-CHECK-RAT-2
RAT-X-0706-C1-AHRI	RAT-X-0706	RAT-002	rationality		C1	2	0.5000	clear	literary		The cats laughed near the river.	in_sentence	AHRI	பூனைகள் சிரித்தன.	pūṉaikaḷ cirittaṉa.	[15, 16]	ன	அரசர்கள் சிரித்தார்கள்.	சிரி	PL	False	True	False	public	NATIVE-CHECK-RAT-2
RAT-X-0706-C1-UYAR	RAT-X-0706	RAT-002	rationality		C1	2	0.5000	clear	literary		The kings laughed near the river.	in_sentence	UYAR	அரசர்கள் சிரித்தார்கள்.	aracarkaḷ cirittārkaḷ.	[16, 22]	ார்கள்	பூனைகள் சிரித்தன.	சிரி	PL	False	True	False	public	NATIVE-CHECK-RAT-2
RAT-X-0706-C2-AHRI	RAT-X-0706	RAT-002	rationality		C2	2	0.5000	clear	literary	The cattle had been standing there all afternoon.	They laughed near the river.	prior_sentence	AHRI	சிரித்தன.	cirittaṉa.	[7, 8]	ன	சிரித்தார்கள்.	சிரி	PL	False	True	False	public	NATIVE-CHECK-RAT-2
RAT-X-0706-C2-UYAR	RAT-X-0706	RAT-002	rationality		C2	2	0.5000	clear	literary	The soldiers had been standing there all afternoon.	They laughed near the river.	prior_sentence	UYAR	சிரித்தார்கள்.	cirittārkaḷ.	[7, 13]	ார்கள்	சிரித்தன.	சிரி	PL	False	True	False	public	NATIVE-CHECK-RAT-2
RAT-X-0706-C3-023	RAT-X-0706	RAT-002	rationality		C3	2	0.5000	clear	literary	A heavy stillness had been settling there all afternoon.	They laughed near the river.	absent				[]		சிரித்தார்கள்.|சிரித்தன.	சிரி	PL	False	True	False	public	NATIVE-CHECK-RAT-2
RAT-X-0707-C1-AHRI	RAT-X-0707	RAT-002	rationality		C1	2	0.5000	clear	literary		The cats flew near the river.	in_sentence	AHRI	பூனைகள் பறந்தன.	pūṉaikaḷ paṟantaṉa.	[13, 14]	ன	அரசர்கள் பறந்தார்கள்.	பற	PL	False	True	False	public	NATIVE-CHECK-RAT-2
RAT-X-0707-C1-UYAR	RAT-X-0707	RAT-002	rationality		C1	2	0.5000	clear	literary		The kings flew near the river.	in_sentence	UYAR	அரசர்கள் பறந்தார்கள்.	aracarkaḷ paṟantārkaḷ.	[14, 20]	ார்கள்	பூனைகள் பறந்தன.	பற	PL	False	True	False	public	NATIVE-CHECK-RAT-2
RAT-X-0707-C2-AHRI	RAT-X-0707	RAT-002	rationality		C2	2	0.5000	clear	literary	The horses had gathered outside since dawn.	They flew near the river.	prior_sentence	AHRI	பறந்தன.	paṟantaṉa.	[5, 6]	ன	பறந்தார்கள்.	பற	PL	False	True	False	public	NATIVE-CHECK-RAT-2
RAT-X-0707-C2-UYAR	RAT-X-0707	RAT-002	rationality		C2	2	0.5000	clear	literary	The students had gathered outside since dawn.	They flew near the river.	prior_sentence	UYAR	பறந்தார்கள்.	paṟantārkaḷ.	[5, 11]	ார்கள்	பறந்தன.	பற	PL	False	True	False	public	NATIVE-CHECK-RAT-2
RAT-X-0707-C3-024	RAT-X-0707	RAT-002	rationality		C3	2	0.5000	clear	literary	The sky had been overcast since dawn.	They flew near the river.	absent				[]		பறந்தார்கள்.|பறந்தன.	பற	PL	False	True	False	public	NATIVE-CHECK-RAT-2
RAT-X-0708-C1-AHRI	RAT-X-0708	RAT-002	rationality		C1	2	0.5000	clear	literary		The cats swam near the river.	in_sentence	AHRI	பூனைகள் நீந்தினன.	pūṉaikaḷ nīntiṉaṉa.	[15, 16]	ன	அரசர்கள் நீந்தினார்கள்.	நீந்து	PL	False	True	False	public	NATIVE-CHECK-RAT-2
RAT-X-0708-C1-UYAR	RAT-X-0708	RAT-002	rationality		C1	2	0.5000	clear	literary		The kings swam near the river.	in_sentence	UYAR	அரசர்கள் நீந்தினார்கள்.	aracarkaḷ nīntiṉārkaḷ.	[16, 22]	ார்கள்	பூனைகள் நீந்தினன.	நீந்து	PL	False	True	False	public	NATIVE-CHECK-RAT-2
RAT-X-0708-C2-AHRI	RAT-X-0708	RAT-002	rationality		C2	2	0.5000	clear	literary	A group of elephants waited near the bridge.	They swam near the river.	prior_sentence	AHRI	நீந்தினன.	nīntiṉaṉa.	[7, 8]	ன	நீந்தினார்கள்.	நீந்து	PL	False	True	False	public	NATIVE-CHECK-RAT-2
RAT-X-0708-C2-UYAR	RAT-X-0708	RAT-002	rationality		C2	2	0.5000	clear	literary	A group of soldiers waited near the bridge.	They swam near the river.	prior_sentence	UYAR	நீந்தினார்கள்.	nīntiṉārkaḷ.	[7, 13]	ார்கள்	நீந்தினன.	நீந்து	PL	False	True	False	public	NATIVE-CHECK-RAT-2
RAT-X-0708-C3-025	RAT-X-0708	RAT-002	rationality		C3	2	0.5000	clear	literary	A long queue had formed somewhere beyond the bridge.	They swam near the river.	absent				[]		நீந்தினார்கள்.|நீந்தினன.	நீந்து	PL	False	True	False	public	NATIVE-CHECK-RAT-2
RAT-X-0709-C1-AHRI	RAT-X-0709	RAT-003	rationality		C1	2	0.5000	clear	literary		The cats spoke without warning.	in_sentence	AHRI	பூனைகள் பேசினன.	pūṉaikaḷ pēciṉaṉa.	[13, 14]	ன	அரசர்கள் பேசினார்கள்.	பேசு	PL	False	True	False	public	NATIVE-CHECK-RAT-2
RAT-X-0709-C1-UYAR	RAT-X-0709	RAT-003	rationality		C1	2	0.5000	clear	literary		The kings spoke without warning.	in_sentence	UYAR	அரசர்கள் பேசினார்கள்.	aracarkaḷ pēciṉārkaḷ.	[14, 20]	ார்கள்	பூனைகள் பேசினன.	பேசு	PL	False	True	False	public	NATIVE-CHECK-RAT-2
RAT-X-0709-C2-AHRI	RAT-X-0709	RAT-003	rationality		C2	2	0.5000	clear	literary	The carts were expected before the ceremony.	They spoke without warning.	prior_sentence	AHRI	பேசினன.	pēciṉaṉa.	[5, 6]	ன	பேசினார்கள்.	பேசு	PL	False	True	False	public	NATIVE-CHECK-RAT-2
RAT-X-0709-C2-UYAR	RAT-X-0709	RAT-003	rationality		C2	2	0.5000	clear	literary	The doctors were expected before the ceremony.	They spoke without warning.	prior_sentence	UYAR	பேசினார்கள்.	pēciṉārkaḷ.	[5, 11]	ார்கள்	பேசினன.	பேசு	PL	False	True	False	public	NATIVE-CHECK-RAT-2
RAT-X-0709-C3-026	RAT-X-0709	RAT-003	rationality		C3	2	0.5000	clear	literary	The rain was expected after the ceremony.	They spoke without warning.	absent				[]		பேசினார்கள்.|பேசினன.	பேசு	PL	False	True	False	public	NATIVE-CHECK-RAT-2
RAT-X-0710-C1-AHRI	RAT-X-0710	RAT-003	rationality		C1	2	0.5000	clear	literary		The cats rose without warning.	in_sentence	AHRI	பூனைகள் எழுந்தன.	pūṉaikaḷ eḻuntaṉa.	[14, 15]	ன	அரசர்கள் எழுந்தார்கள்.	எழு	PL	False	True	False	public	NATIVE-CHECK-RAT-2
RAT-X-0710-C1-UYAR	RAT-X-0710	RAT-003	rationality		C1	2	0.5000	clear	literary		The kings rose without warning.	in_sentence	UYAR	அரசர்கள் எழுந்தார்கள்.	aracarkaḷ eḻuntārkaḷ.	[15, 21]	ார்கள்	பூனைகள் எழுந்தன.	எழு	PL	False	True	False	public	NATIVE-CHECK-RAT-2
RAT-X-0710-C2-AHRI	RAT-X-0710	RAT-003	rationality		C2	2	0.5000	clear	literary	Several tigers had been sighted near the village.	They rose without warning.	prior_sentence	AHRI	எழுந்தன.	eḻuntaṉa.	[6, 7]	ன	எழுந்தார்கள்.	எழு	PL	False	True	False	public	NATIVE-CHECK-RAT-2
RAT-X-0710-C2-UYAR	RAT-X-0710	RAT-003	rationality		C2	2	0.5000	clear	literary	Several officers had been posted to the village.	They rose without warning.	prior_sentence	UYAR	எழுந்தார்கள்.	eḻuntārkaḷ.	[6, 12]	ார்கள்	எழுந்தன.	எழு	PL	False	True	False	public	NATIVE-CHECK-RAT-2
RAT-X-0710-C3-027	RAT-X-0710	RAT-003	rationality		C3	2	0.5000	clear	literary	Several power cuts had been reported across the village.	They rose without warning.	absent				[]		எழுந்தார்கள்.|எழுந்தன.	எழு	PL	False	True	False	public	NATIVE-CHECK-RAT-2
RAT-X-0711-C1-AHRI	RAT-X-0711	RAT-003	rationality		C1	2	0.5000	clear	literary		The cats sat without warning.	in_sentence	AHRI	பூனைகள் உட்கார்ந்தன.	pūṉaikaḷ uṭkārntaṉa.	[18, 19]	ன	அரசர்கள் உட்கார்ந்தார்கள்.	உட்கார்	PL	False	True	False	public	NATIVE-CHECK-RAT-2
RAT-X-0711-C1-UYAR	RAT-X-0711	RAT-003	rationality		C1	2	0.5000	clear	literary		The kings sat without warning.	in_sentence	UYAR	அரசர்கள் உட்கார்ந்தார்கள்.	aracarkaḷ uṭkārntārkaḷ.	[19, 25]	ார்கள்	பூனைகள் உட்கார்ந்தன.	உட்கார்	PL	False	True	False	public	NATIVE-CHECK-RAT-2
RAT-X-0711-C2-AHRI	RAT-X-0711	RAT-003	rationality		C2	2	0.5000	clear	literary	The monkeys left the compound at four o'clock.	They sat without warning.	prior_sentence	AHRI	உட்கார்ந்தன.	uṭkārntaṉa.	[10, 11]	ன	உட்கார்ந்தார்கள்.	உட்கார்	PL	False	True	False	public	NATIVE-CHECK-RAT-2
RAT-X-0711-C2-UYAR	RAT-X-0711	RAT-003	rationality		C2	2	0.5000	clear	literary	The teachers left the compound at four o'clock.	They sat without warning.	prior_sentence	UYAR	உட்கார்ந்தார்கள்.	uṭkārntārkaḷ.	[10, 16]	ார்கள்	உட்கார்ந்தன.	உட்கார்	PL	False	True	False	public	NATIVE-CHECK-RAT-2
RAT-X-0711-C3-028	RAT-X-0711	RAT-003	rationality		C3	2	0.5000	clear	literary	The main gate closed at four o'clock.	They sat without warning.	absent				[]		உட்கார்ந்தார்கள்.|உட்கார்ந்தன.	உட்கார்	PL	False	True	False	public	NATIVE-CHECK-RAT-2
RAT-X-0712-C1-AHRI	RAT-X-0712	RAT-003	rationality		C1	2	0.5000	clear	literary		The cats climbed without warning.	in_sentence	AHRI	பூனைகள் ஏறினன.	pūṉaikaḷ ēṟiṉaṉa.	[12, 13]	ன	அரசர்கள் ஏறினார்கள்.	ஏறு	PL	False	True	False	public	NATIVE-CHECK-RAT-2
RAT-X-0712-C1-UYAR	RAT-X-0712	RAT-003	rationality		C1	2	0.5000	clear	literary		The kings climbed without warning.	in_sentence	UYAR	அரசர்கள் ஏறினார்கள்.	aracarkaḷ ēṟiṉārkaḷ.	[13, 19]	ார்கள்	பூனைகள் ஏறினன.	ஏறு	PL	False	True	False	public	NATIVE-CHECK-RAT-2
RAT-X-0712-C2-AHRI	RAT-X-0712	RAT-003	rationality		C2	2	0.5000	clear	literary	The cattle had been standing there all afternoon.	They climbed without warning.	prior_sentence	AHRI	ஏறினன.	ēṟiṉaṉa.	[4, 5]	ன	ஏறினார்கள்.	ஏறு	PL	False	True	False	public	NATIVE-CHECK-RAT-2
RAT-X-0712-C2-UYAR	RAT-X-0712	RAT-003	rationality		C2	2	0.5000	clear	literary	The soldiers had been standing there all afternoon.	They climbed without warning.	prior_sentence	UYAR	ஏறினார்கள்.	ēṟiṉārkaḷ.	[4, 10]	ார்கள்	ஏறினன.	ஏறு	PL	False	True	False	public	NATIVE-CHECK-RAT-2
RAT-X-0712-C3-029	RAT-X-0712	RAT-003	rationality		C3	2	0.5000	clear	literary	A heavy stillness had been settling there all afternoon.	They climbed without warning.	absent				[]		ஏறினார்கள்.|ஏறினன.	ஏறு	PL	False	True	False	public	NATIVE-CHECK-RAT-2
RAT-X-0713-C1-AHRI	RAT-X-0713	RAT-003	rationality		C1	2	0.5000	clear	literary		The cats descended without warning.	in_sentence	AHRI	பூனைகள் இறங்கினன.	pūṉaikaḷ iṟaṅkiṉaṉa.	[15, 16]	ன	அரசர்கள் இறங்கினார்கள்.	இறங்கு	PL	False	True	False	public	NATIVE-CHECK-RAT-2
RAT-X-0713-C1-UYAR	RAT-X-0713	RAT-003	rationality		C1	2	0.5000	clear	literary		The kings descended without warning.	in_sentence	UYAR	அரசர்கள் இறங்கினார்கள்.	aracarkaḷ iṟaṅkiṉārkaḷ.	[16, 22]	ார்கள்	பூனைகள் இறங்கினன.	இறங்கு	PL	False	True	False	public	NATIVE-CHECK-RAT-2
RAT-X-0713-C2-AHRI	RAT-X-0713	RAT-003	rationality		C2	2	0.5000	clear	literary	The horses had gathered outside since dawn.	They descended without warning.	prior_sentence	AHRI	இறங்கினன.	iṟaṅkiṉaṉa.	[7, 8]	ன	இறங்கினார்கள்.	இறங்கு	PL	False	True	False	public	NATIVE-CHECK-RAT-2
RAT-X-0713-C2-UYAR	RAT-X-0713	RAT-003	rationality		C2	2	0.5000	clear	literary	The students had gathered outside since dawn.	They descended without warning.	prior_sentence	UYAR	இறங்கினார்கள்.	iṟaṅkiṉārkaḷ.	[7, 13]	ார்கள்	இறங்கினன.	இறங்கு	PL	False	True	False	public	NATIVE-CHECK-RAT-2
RAT-X-0713-C3-030	RAT-X-0713	RAT-003	rationality		C3	2	0.5000	clear	literary	The sky had been overcast since dawn.	They descended without warning.	absent				[]		இறங்கினார்கள்.|இறங்கினன.	இறங்கு	PL	False	True	False	public	NATIVE-CHECK-RAT-2
RAT-X-0714-C1-AHRI	RAT-X-0714	RAT-003	rationality		C1	2	0.5000	clear	literary		The cats went without warning.	in_sentence	AHRI	பூனைகள் சென்றன.	pūṉaikaḷ ceṉṟaṉa.	[13, 14]	ன	அரசர்கள் சென்றார்கள்.	செல்	PL	False	True	False	public	NATIVE-CHECK-RAT-2
RAT-X-0714-C1-UYAR	RAT-X-0714	RAT-003	rationality		C1	2	0.5000	clear	literary		The kings went without warning.	in_sentence	UYAR	அரசர்கள் சென்றார்கள்.	aracarkaḷ ceṉṟārkaḷ.	[14, 20]	ார்கள்	பூனைகள் சென்றன.	செல்	PL	False	True	False	public	NATIVE-CHECK-RAT-2
RAT-X-0714-C2-AHRI	RAT-X-0714	RAT-003	rationality		C2	2	0.5000	clear	literary	A group of elephants waited near the bridge.	They went without warning.	prior_sentence	AHRI	சென்றன.	ceṉṟaṉa.	[5, 6]	ன	சென்றார்கள்.	செல்	PL	False	True	False	public	NATIVE-CHECK-RAT-2
RAT-X-0714-C2-UYAR	RAT-X-0714	RAT-003	rationality		C2	2	0.5000	clear	literary	A group of soldiers waited near the bridge.	They went without warning.	prior_sentence	UYAR	சென்றார்கள்.	ceṉṟārkaḷ.	[5, 11]	ார்கள்	சென்றன.	செல்	PL	False	True	False	public	NATIVE-CHECK-RAT-2
RAT-X-0714-C3-031	RAT-X-0714	RAT-003	rationality		C3	2	0.5000	clear	literary	A long queue had formed somewhere beyond the bridge.	They went without warning.	absent				[]		சென்றார்கள்.|சென்றன.	செல்	PL	False	True	False	public	NATIVE-CHECK-RAT-2
RAT-X-0715-C1-AHRI	RAT-X-0715	RAT-003	rationality		C1	2	0.5000	clear	literary		The cats moved without warning.	in_sentence	AHRI	பூனைகள் நகர்ந்தன.	pūṉaikaḷ nakarntaṉa.	[15, 16]	ன	அரசர்கள் நகர்ந்தார்கள்.	நகர்	PL	False	True	False	public	NATIVE-CHECK-RAT-2
RAT-X-0715-C1-UYAR	RAT-X-0715	RAT-003	rationality		C1	2	0.5000	clear	literary		The kings moved without warning.	in_sentence	UYAR	அரசர்கள் நகர்ந்தார்கள்.	aracarkaḷ nakarntārkaḷ.	[16, 22]	ார்கள்	பூனைகள் நகர்ந்தன.	நகர்	PL	False	True	False	public	NATIVE-CHECK-RAT-2
RAT-X-0715-C2-AHRI	RAT-X-0715	RAT-003	rationality		C2	2	0.5000	clear	literary	The carts were expected before the ceremony.	They moved without warning.	prior_sentence	AHRI	நகர்ந்தன.	nakarntaṉa.	[7, 8]	ன	நகர்ந்தார்கள்.	நகர்	PL	False	True	False	public	NATIVE-CHECK-RAT-2
RAT-X-0715-C2-UYAR	RAT-X-0715	RAT-003	rationality		C2	2	0.5000	clear	literary	The doctors were expected before the ceremony.	They moved without warning.	prior_sentence	UYAR	நகர்ந்தார்கள்.	nakarntārkaḷ.	[7, 13]	ார்கள்	நகர்ந்தன.	நகர்	PL	False	True	False	public	NATIVE-CHECK-RAT-2
RAT-X-0715-C3-032	RAT-X-0715	RAT-003	rationality		C3	2	0.5000	clear	literary	The rain was expected after the ceremony.	They moved without warning.	absent				[]		நகர்ந்தார்கள்.|நகர்ந்தன.	நகர்	PL	False	True	False	public	NATIVE-CHECK-RAT-2
RAT-X-0716-C1-AHRI	RAT-X-0716	RAT-003	rationality		C1	2	0.5000	clear	literary		The cats jumped without warning.	in_sentence	AHRI	பூனைகள் குதித்தன.	pūṉaikaḷ kutittaṉa.	[15, 16]	ன	அரசர்கள் குதித்தார்கள்.	குதி	PL	False	True	False	public	NATIVE-CHECK-RAT-2
RAT-X-0716-C1-UYAR	RAT-X-0716	RAT-003	rationality		C1	2	0.5000	clear	literary		The kings jumped without warning.	in_sentence	UYAR	அரசர்கள் குதித்தார்கள்.	aracarkaḷ kutittārkaḷ.	[16, 22]	ார்கள்	பூனைகள் குதித்தன.	குதி	PL	False	True	False	public	NATIVE-CHECK-RAT-2
RAT-X-0716-C2-AHRI	RAT-X-0716	RAT-003	rationality		C2	2	0.5000	clear	literary	Several tigers had been sighted near the village.	They jumped without warning.	prior_sentence	AHRI	குதித்தன.	kutittaṉa.	[7, 8]	ன	குதித்தார்கள்.	குதி	PL	False	True	False	public	NATIVE-CHECK-RAT-2
RAT-X-0716-C2-UYAR	RAT-X-0716	RAT-003	rationality		C2	2	0.5000	clear	literary	Several officers had been posted to the village.	They jumped without warning.	prior_sentence	UYAR	குதித்தார்கள்.	kutittārkaḷ.	[7, 13]	ார்கள்	குதித்தன.	குதி	PL	False	True	False	public	NATIVE-CHECK-RAT-2
RAT-X-0716-C3-033	RAT-X-0716	RAT-003	rationality		C3	2	0.5000	clear	literary	Several power cuts had been reported across the village.	They jumped without warning.	absent				[]		குதித்தார்கள்.|குதித்தன.	குதி	PL	False	True	False	public	NATIVE-CHECK-RAT-2
RAT-X-0717-C1-AHRI	RAT-X-0717	RAT-003	rationality		C1	2	0.5000	clear	literary		The cats smiled without warning.	in_sentence	AHRI	பூனைகள் நகைத்தன.	pūṉaikaḷ nakaittaṉa.	[14, 15]	ன	அரசர்கள் நகைத்தார்கள்.	நகை	PL	False	True	False	public	NATIVE-CHECK-RAT-2
RAT-X-0717-C1-UYAR	RAT-X-0717	RAT-003	rationality		C1	2	0.5000	clear	literary		The kings smiled without warning.	in_sentence	UYAR	அரசர்கள் நகைத்தார்கள்.	aracarkaḷ nakaittārkaḷ.	[15, 21]	ார்கள்	பூனைகள் நகைத்தன.	நகை	PL	False	True	False	public	NATIVE-CHECK-RAT-2
RAT-X-0717-C2-AHRI	RAT-X-0717	RAT-003	rationality		C2	2	0.5000	clear	literary	The monkeys left the compound at four o'clock.	They smiled without warning.	prior_sentence	AHRI	நகைத்தன.	nakaittaṉa.	[6, 7]	ன	நகைத்தார்கள்.	நகை	PL	False	True	False	public	NATIVE-CHECK-RAT-2
RAT-X-0717-C2-UYAR	RAT-X-0717	RAT-003	rationality		C2	2	0.5000	clear	literary	The teachers left the compound at four o'clock.	They smiled without warning.	prior_sentence	UYAR	நகைத்தார்கள்.	nakaittārkaḷ.	[6, 12]	ார்கள்	நகைத்தன.	நகை	PL	False	True	False	public	NATIVE-CHECK-RAT-2
RAT-X-0717-C3-034	RAT-X-0717	RAT-003	rationality		C3	2	0.5000	clear	literary	The main gate closed at four o'clock.	They smiled without warning.	absent				[]		நகைத்தார்கள்.|நகைத்தன.	நகை	PL	False	True	False	public	NATIVE-CHECK-RAT-2
RAT-X-0718-C1-AHRI	RAT-X-0718	RAT-003	rationality		C1	2	0.5000	clear	literary		The cats feared without warning.	in_sentence	AHRI	பூனைகள் அஞ்சினன.	pūṉaikaḷ añciṉaṉa.	[14, 15]	ன	அரசர்கள் அஞ்சினார்கள்.	அஞ்சு	PL	False	True	False	public	NATIVE-CHECK-RAT-2
RAT-X-0718-C1-UYAR	RAT-X-0718	RAT-003	rationality		C1	2	0.5000	clear	literary		The kings feared without warning.	in_sentence	UYAR	அரசர்கள் அஞ்சினார்கள்.	aracarkaḷ añciṉārkaḷ.	[15, 21]	ார்கள்	பூனைகள் அஞ்சினன.	அஞ்சு	PL	False	True	False	public	NATIVE-CHECK-RAT-2
RAT-X-0718-C2-AHRI	RAT-X-0718	RAT-003	rationality		C2	2	0.5000	clear	literary	The cattle had been standing there all afternoon.	They feared without warning.	prior_sentence	AHRI	அஞ்சினன.	añciṉaṉa.	[6, 7]	ன	அஞ்சினார்கள்.	அஞ்சு	PL	False	True	False	public	NATIVE-CHECK-RAT-2
RAT-X-0718-C2-UYAR	RAT-X-0718	RAT-003	rationality		C2	2	0.5000	clear	literary	The soldiers had been standing there all afternoon.	They feared without warning.	prior_sentence	UYAR	அஞ்சினார்கள்.	añciṉārkaḷ.	[6, 12]	ார்கள்	அஞ்சினன.	அஞ்சு	PL	False	True	False	public	NATIVE-CHECK-RAT-2
RAT-X-0718-C3-035	RAT-X-0718	RAT-003	rationality		C3	2	0.5000	clear	literary	A heavy stillness had been settling there all afternoon.	They feared without warning.	absent				[]		அஞ்சினார்கள்.|அஞ்சினன.	அஞ்சு	PL	False	True	False	public	NATIVE-CHECK-RAT-2
RAT-X-0719-C1-AHRI	RAT-X-0719	RAT-003	rationality		C1	2	0.5000	clear	literary		The cows came without warning.	in_sentence	AHRI	மாடுகள் வந்தன.	māṭukaḷ vantaṉa.	[12, 13]	ன	தலைவர்கள் வந்தார்கள்.	வா	PL	False	True	False	public	NATIVE-CHECK-RAT-2
RAT-X-0719-C1-UYAR	RAT-X-0719	RAT-003	rationality		C1	2	0.5000	clear	literary		The leaders came without warning.	in_sentence	UYAR	தலைவர்கள் வந்தார்கள்.	talaivarkaḷ vantārkaḷ.	[14, 20]	ார்கள்	மாடுகள் வந்தன.	வா	PL	False	True	False	public	NATIVE-CHECK-RAT-2
RAT-X-0719-C2-AHRI	RAT-X-0719	RAT-003	rationality		C2	2	0.5000	clear	literary	The horses had gathered outside since dawn.	They came without warning.	prior_sentence	AHRI	வந்தன.	vantaṉa.	[4, 5]	ன	வந்தார்கள்.	வா	PL	False	True	False	public	NATIVE-CHECK-RAT-2
RAT-X-0719-C2-UYAR	RAT-X-0719	RAT-003	rationality		C2	2	0.5000	clear	literary	The students had gathered outside since dawn.	They came without warning.	prior_sentence	UYAR	வந்தார்கள்.	vantārkaḷ.	[4, 10]	ார்கள்	வந்தன.	வா	PL	False	True	False	public	NATIVE-CHECK-RAT-2
RAT-X-0719-C3-036	RAT-X-0719	RAT-003	rationality		C3	2	0.5000	clear	literary	The sky had been overcast since dawn.	They came without warning.	absent				[]		வந்தார்கள்.|வந்தன.	வா	PL	False	True	False	public	NATIVE-CHECK-RAT-2
RAT-X-0720-C1-AHRI	RAT-X-0720	RAT-003	rationality		C1	2	0.5000	clear	literary		The cows ran without warning.	in_sentence	AHRI	மாடுகள் ஓடினன.	māṭukaḷ ōṭiṉaṉa.	[12, 13]	ன	தலைவர்கள் ஓடினார்கள்.	ஓடு	PL	False	True	False	public	NATIVE-CHECK-RAT-2
RAT-X-0720-C1-UYAR	RAT-X-0720	RAT-003	rationality		C1	2	0.5000	clear	literary		The leaders ran without warning.	in_sentence	UYAR	தலைவர்கள் ஓடினார்கள்.	talaivarkaḷ ōṭiṉārkaḷ.	[14, 20]	ார்கள்	மாடுகள் ஓடினன.	ஓடு	PL	False	True	False	public	NATIVE-CHECK-RAT-2
RAT-X-0720-C2-AHRI	RAT-X-0720	RAT-003	rationality		C2	2	0.5000	clear	literary	A group of elephants waited near the bridge.	They ran without warning.	prior_sentence	AHRI	ஓடினன.	ōṭiṉaṉa.	[4, 5]	ன	ஓடினார்கள்.	ஓடு	PL	False	True	False	public	NATIVE-CHECK-RAT-2
RAT-X-0720-C2-UYAR	RAT-X-0720	RAT-003	rationality		C2	2	0.5000	clear	literary	A group of soldiers waited near the bridge.	They ran without warning.	prior_sentence	UYAR	ஓடினார்கள்.	ōṭiṉārkaḷ.	[4, 10]	ார்கள்	ஓடினன.	ஓடு	PL	False	True	False	public	NATIVE-CHECK-RAT-2
RAT-X-0720-C3-037	RAT-X-0720	RAT-003	rationality		C3	2	0.5000	clear	literary	A long queue had formed somewhere beyond the bridge.	They ran without warning.	absent				[]		ஓடினார்கள்.|ஓடினன.	ஓடு	PL	False	True	False	public	NATIVE-CHECK-RAT-2
RAT-X-0721-C1-AHRI	RAT-X-0721	RAT-003	rationality		C1	2	0.5000	clear	literary		The cows walked without warning.	in_sentence	AHRI	மாடுகள் நடந்தன.	māṭukaḷ naṭantaṉa.	[13, 14]	ன	தலைவர்கள் நடந்தார்கள்.	நட	PL	False	True	False	public	NATIVE-CHECK-RAT-2
RAT-X-0721-C1-UYAR	RAT-X-0721	RAT-003	rationality		C1	2	0.5000	clear	literary		The leaders walked without warning.	in_sentence	UYAR	தலைவர்கள் நடந்தார்கள்.	talaivarkaḷ naṭantārkaḷ.	[15, 21]	ார்கள்	மாடுகள் நடந்தன.	நட	PL	False	True	False	public	NATIVE-CHECK-RAT-2
RAT-X-0721-C2-AHRI	RAT-X-0721	RAT-003	rationality		C2	2	0.5000	clear	literary	The carts were expected before the ceremony.	They walked without warning.	prior_sentence	AHRI	நடந்தன.	naṭantaṉa.	[5, 6]	ன	நடந்தார்கள்.	நட	PL	False	True	False	public	NATIVE-CHECK-RAT-2
RAT-X-0721-C2-UYAR	RAT-X-0721	RAT-003	rationality		C2	2	0.5000	clear	literary	The doctors were expected before the ceremony.	They walked without warning.	prior_sentence	UYAR	நடந்தார்கள்.	naṭantārkaḷ.	[5, 11]	ார்கள்	நடந்தன.	நட	PL	False	True	False	public	NATIVE-CHECK-RAT-2
RAT-X-0721-C3-038	RAT-X-0721	RAT-003	rationality		C3	2	0.5000	clear	literary	The rain was expected after the ceremony.	They walked without warning.	absent				[]		நடந்தார்கள்.|நடந்தன.	நட	PL	False	True	False	public	NATIVE-CHECK-RAT-2
RAT-X-0722-C1-AHRI	RAT-X-0722	RAT-004	rationality		C1	2	0.5000	clear	literary		The cows played across the field.	in_sentence	AHRI	மாடுகள் விளையாடினன.	māṭukaḷ viḷaiyāṭiṉaṉa.	[17, 18]	ன	தலைவர்கள் விளையாடினார்கள்.	விளையாடு	PL	False	True	False	public	NATIVE-CHECK-RAT-2
RAT-X-0722-C1-UYAR	RAT-X-0722	RAT-004	rationality		C1	2	0.5000	clear	literary		The leaders played across the field.	in_sentence	UYAR	தலைவர்கள் விளையாடினார்கள்.	talaivarkaḷ viḷaiyāṭiṉārkaḷ.	[19, 25]	ார்கள்	மாடுகள் விளையாடினன.	விளையாடு	PL	False	True	False	public	NATIVE-CHECK-RAT-2
RAT-X-0722-C2-AHRI	RAT-X-0722	RAT-004	rationality		C2	2	0.5000	clear	literary	Several tigers had been sighted near the village.	They played across the field.	prior_sentence	AHRI	விளையாடினன.	viḷaiyāṭiṉaṉa.	[9, 10]	ன	விளையாடினார்கள்.	விளையாடு	PL	False	True	False	public	NATIVE-CHECK-RAT-2
RAT-X-0722-C2-UYAR	RAT-X-0722	RAT-004	rationality		C2	2	0.5000	clear	literary	Several officers had been posted to the village.	They played across the field.	prior_sentence	UYAR	விளையாடினார்கள்.	viḷaiyāṭiṉārkaḷ.	[9, 15]	ார்கள்	விளையாடினன.	விளையாடு	PL	False	True	False	public	NATIVE-CHECK-RAT-2
RAT-X-0722-C3-039	RAT-X-0722	RAT-004	rationality		C3	2	0.5000	clear	literary	Several power cuts had been reported across the village.	They played across the field.	absent				[]		விளையாடினார்கள்.|விளையாடினன.	விளையாடு	PL	False	True	False	public	NATIVE-CHECK-RAT-2
RAT-X-0723-C1-AHRI	RAT-X-0723	RAT-004	rationality		C1	2	0.5000	clear	literary		The cows cried across the field.	in_sentence	AHRI	மாடுகள் அழுதன.	māṭukaḷ aḻutaṉa.	[12, 13]	ன	தலைவர்கள் அழுதார்கள்.	அழு	PL	False	True	False	public	NATIVE-CHECK-RAT-2
RAT-X-0723-C1-UYAR	RAT-X-0723	RAT-004	rationality		C1	2	0.5000	clear	literary		The leaders cried across the field.	in_sentence	UYAR	தலைவர்கள் அழுதார்கள்.	talaivarkaḷ aḻutārkaḷ.	[14, 20]	ார்கள்	மாடுகள் அழுதன.	அழு	PL	False	True	False	public	NATIVE-CHECK-RAT-2
RAT-X-0723-C2-AHRI	RAT-X-0723	RAT-004	rationality		C2	2	0.5000	clear	literary	The monkeys left the compound at four o'clock.	They cried across the field.	prior_sentence	AHRI	அழுதன.	aḻutaṉa.	[4, 5]	ன	அழுதார்கள்.	அழு	PL	False	True	False	public	NATIVE-CHECK-RAT-2
RAT-X-0723-C2-UYAR	RAT-X-0723	RAT-004	rationality		C2	2	0.5000	clear	literary	The teachers left the compound at four o'clock.	They cried across the field.	prior_sentence	UYAR	அழுதார்கள்.	aḻutārkaḷ.	[4, 10]	ார்கள்	அழுதன.	அழு	PL	False	True	False	public	NATIVE-CHECK-RAT-2
RAT-X-0723-C3-040	RAT-X-0723	RAT-004	rationality		C3	2	0.5000	clear	literary	The main gate closed at four o'clock.	They cried across the field.	absent				[]		அழுதார்கள்.|அழுதன.	அழு	PL	False	True	False	public	NATIVE-CHECK-RAT-2
RAT-X-0724-C1-AHRI	RAT-X-0724	RAT-004	rationality		C1	2	0.5000	clear	literary		The cows laughed across the field.	in_sentence	AHRI	மாடுகள் சிரித்தன.	māṭukaḷ cirittaṉa.	[15, 16]	ன	தலைவர்கள் சிரித்தார்கள்.	சிரி	PL	False	True	False	public	NATIVE-CHECK-RAT-2
RAT-X-0724-C1-UYAR	RAT-X-0724	RAT-004	rationality		C1	2	0.5000	clear	literary		The leaders laughed across the field.	in_sentence	UYAR	தலைவர்கள் சிரித்தார்கள்.	talaivarkaḷ cirittārkaḷ.	[17, 23]	ார்கள்	மாடுகள் சிரித்தன.	சிரி	PL	False	True	False	public	NATIVE-CHECK-RAT-2
RAT-X-0724-C2-AHRI	RAT-X-0724	RAT-004	rationality		C2	2	0.5000	clear	literary	The cattle had been standing there all afternoon.	They laughed across the field.	prior_sentence	AHRI	சிரித்தன.	cirittaṉa.	[7, 8]	ன	சிரித்தார்கள்.	சிரி	PL	False	True	False	public	NATIVE-CHECK-RAT-2
RAT-X-0724-C2-UYAR	RAT-X-0724	RAT-004	rationality		C2	2	0.5000	clear	literary	The soldiers had been standing there all afternoon.	They laughed across the field.	prior_sentence	UYAR	சிரித்தார்கள்.	cirittārkaḷ.	[7, 13]	ார்கள்	சிரித்தன.	சிரி	PL	False	True	False	public	NATIVE-CHECK-RAT-2
RAT-X-0724-C3-041	RAT-X-0724	RAT-004	rationality		C3	2	0.5000	clear	literary	A heavy stillness had been settling there all afternoon.	They laughed across the field.	absent				[]		சிரித்தார்கள்.|சிரித்தன.	சிரி	PL	False	True	False	public	NATIVE-CHECK-RAT-2
RAT-X-0725-C1-AHRI	RAT-X-0725	RAT-004	rationality		C1	2	0.5000	clear	literary		The cows flew across the field.	in_sentence	AHRI	மாடுகள் பறந்தன.	māṭukaḷ paṟantaṉa.	[13, 14]	ன	தலைவர்கள் பறந்தார்கள்.	பற	PL	False	True	False	public	NATIVE-CHECK-RAT-2
RAT-X-0725-C1-UYAR	RAT-X-0725	RAT-004	rationality		C1	2	0.5000	clear	literary		The leaders flew across the field.	in_sentence	UYAR	தலைவர்கள் பறந்தார்கள்.	talaivarkaḷ paṟantārkaḷ.	[15, 21]	ார்கள்	மாடுகள் பறந்தன.	பற	PL	False	True	False	public	NATIVE-CHECK-RAT-2
RAT-X-0725-C2-AHRI	RAT-X-0725	RAT-004	rationality		C2	2	0.5000	clear	literary	The horses had gathered outside since dawn.	They flew across the field.	prior_sentence	AHRI	பறந்தன.	paṟantaṉa.	[5, 6]	ன	பறந்தார்கள்.	பற	PL	False	True	False	public	NATIVE-CHECK-RAT-2
RAT-X-0725-C2-UYAR	RAT-X-0725	RAT-004	rationality		C2	2	0.5000	clear	literary	The students had gathered outside since dawn.	They flew across the field.	prior_sentence	UYAR	பறந்தார்கள்.	paṟantārkaḷ.	[5, 11]	ார்கள்	பறந்தன.	பற	PL	False	True	False	public	NATIVE-CHECK-RAT-2
RAT-X-0725-C3-042	RAT-X-0725	RAT-004	rationality		C3	2	0.5000	clear	literary	The sky had been overcast since dawn.	They flew across the field.	absent				[]		பறந்தார்கள்.|பறந்தன.	பற	PL	False	True	False	public	NATIVE-CHECK-RAT-2
RAT-X-0726-C1-AHRI	RAT-X-0726	RAT-004	rationality		C1	2	0.5000	clear	literary		The cows swam across the field.	in_sentence	AHRI	மாடுகள் நீந்தினன.	māṭukaḷ nīntiṉaṉa.	[15, 16]	ன	தலைவர்கள் நீந்தினார்கள்.	நீந்து	PL	False	True	False	public	NATIVE-CHECK-RAT-2
RAT-X-0726-C1-UYAR	RAT-X-0726	RAT-004	rationality		C1	2	0.5000	clear	literary		The leaders swam across the field.	in_sentence	UYAR	தலைவர்கள் நீந்தினார்கள்.	talaivarkaḷ nīntiṉārkaḷ.	[17, 23]	ார்கள்	மாடுகள் நீந்தினன.	நீந்து	PL	False	True	False	public	NATIVE-CHECK-RAT-2
RAT-X-0726-C2-AHRI	RAT-X-0726	RAT-004	rationality		C2	2	0.5000	clear	literary	A group of elephants waited near the bridge.	They swam across the field.	prior_sentence	AHRI	நீந்தினன.	nīntiṉaṉa.	[7, 8]	ன	நீந்தினார்கள்.	நீந்து	PL	False	True	False	public	NATIVE-CHECK-RAT-2
RAT-X-0726-C2-UYAR	RAT-X-0726	RAT-004	rationality		C2	2	0.5000	clear	literary	A group of soldiers waited near the bridge.	They swam across the field.	prior_sentence	UYAR	நீந்தினார்கள்.	nīntiṉārkaḷ.	[7, 13]	ார்கள்	நீந்தினன.	நீந்து	PL	False	True	False	public	NATIVE-CHECK-RAT-2
RAT-X-0726-C3-043	RAT-X-0726	RAT-004	rationality		C3	2	0.5000	clear	literary	A long queue had formed somewhere beyond the bridge.	They swam across the field.	absent				[]		நீந்தினார்கள்.|நீந்தினன.	நீந்து	PL	False	True	False	public	NATIVE-CHECK-RAT-2
RAT-X-0727-C1-AHRI	RAT-X-0727	RAT-004	rationality		C1	2	0.5000	clear	literary		The cows spoke across the field.	in_sentence	AHRI	மாடுகள் பேசினன.	māṭukaḷ pēciṉaṉa.	[13, 14]	ன	தலைவர்கள் பேசினார்கள்.	பேசு	PL	False	True	False	public	NATIVE-CHECK-RAT-2
RAT-X-0727-C1-UYAR	RAT-X-0727	RAT-004	rationality		C1	2	0.5000	clear	literary		The leaders spoke across the field.	in_sentence	UYAR	தலைவர்கள் பேசினார்கள்.	talaivarkaḷ pēciṉārkaḷ.	[15, 21]	ார்கள்	மாடுகள் பேசினன.	பேசு	PL	False	True	False	public	NATIVE-CHECK-RAT-2
RAT-X-0727-C2-AHRI	RAT-X-0727	RAT-004	rationality		C2	2	0.5000	clear	literary	The carts were expected before the ceremony.	They spoke across the field.	prior_sentence	AHRI	பேசினன.	pēciṉaṉa.	[5, 6]	ன	பேசினார்கள்.	பேசு	PL	False	True	False	public	NATIVE-CHECK-RAT-2
RAT-X-0727-C2-UYAR	RAT-X-0727	RAT-004	rationality		C2	2	0.5000	clear	literary	The doctors were expected before the ceremony.	They spoke across the field.	prior_sentence	UYAR	பேசினார்கள்.	pēciṉārkaḷ.	[5, 11]	ார்கள்	பேசினன.	பேசு	PL	False	True	False	public	NATIVE-CHECK-RAT-2
RAT-X-0727-C3-044	RAT-X-0727	RAT-004	rationality		C3	2	0.5000	clear	literary	The rain was expected after the ceremony.	They spoke across the field.	absent				[]		பேசினார்கள்.|பேசினன.	பேசு	PL	False	True	False	public	NATIVE-CHECK-RAT-2
RAT-X-0728-C1-AHRI	RAT-X-0728	RAT-004	rationality		C1	2	0.5000	clear	literary		The cows rose across the field.	in_sentence	AHRI	மாடுகள் எழுந்தன.	māṭukaḷ eḻuntaṉa.	[14, 15]	ன	தலைவர்கள் எழுந்தார்கள்.	எழு	PL	False	True	False	public	NATIVE-CHECK-RAT-2
RAT-X-0728-C1-UYAR	RAT-X-0728	RAT-004	rationality		C1	2	0.5000	clear	literary		The leaders rose across the field.	in_sentence	UYAR	தலைவர்கள் எழுந்தார்கள்.	talaivarkaḷ eḻuntārkaḷ.	[16, 22]	ார்கள்	மாடுகள் எழுந்தன.	எழு	PL	False	True	False	public	NATIVE-CHECK-RAT-2
RAT-X-0728-C2-AHRI	RAT-X-0728	RAT-004	rationality		C2	2	0.5000	clear	literary	Several tigers had been sighted near the village.	They rose across the field.	prior_sentence	AHRI	எழுந்தன.	eḻuntaṉa.	[6, 7]	ன	எழுந்தார்கள்.	எழு	PL	False	True	False	public	NATIVE-CHECK-RAT-2
RAT-X-0728-C2-UYAR	RAT-X-0728	RAT-004	rationality		C2	2	0.5000	clear	literary	Several officers had been posted to the village.	They rose across the field.	prior_sentence	UYAR	எழுந்தார்கள்.	eḻuntārkaḷ.	[6, 12]	ார்கள்	எழுந்தன.	எழு	PL	False	True	False	public	NATIVE-CHECK-RAT-2
RAT-X-0728-C3-045	RAT-X-0728	RAT-004	rationality		C3	2	0.5000	clear	literary	Several power cuts had been reported across the village.	They rose across the field.	absent				[]		எழுந்தார்கள்.|எழுந்தன.	எழு	PL	False	True	False	public	NATIVE-CHECK-RAT-2
RAT-X-0729-C1-AHRI	RAT-X-0729	RAT-004	rationality		C1	2	0.5000	clear	literary		The cows sat across the field.	in_sentence	AHRI	மாடுகள் உட்கார்ந்தன.	māṭukaḷ uṭkārntaṉa.	[18, 19]	ன	தலைவர்கள் உட்கார்ந்தார்கள்.	உட்கார்	PL	False	True	False	public	NATIVE-CHECK-RAT-2
RAT-X-0729-C1-UYAR	RAT-X-0729	RAT-004	rationality		C1	2	0.5000	clear	literary		The leaders sat across the field.	in_sentence	UYAR	தலைவர்கள் உட்கார்ந்தார்கள்.	talaivarkaḷ uṭkārntārkaḷ.	[20, 26]	ார்கள்	மாடுகள் உட்கார்ந்தன.	உட்கார்	PL	False	True	False	public	NATIVE-CHECK-RAT-2
RAT-X-0729-C2-AHRI	RAT-X-0729	RAT-004	rationality		C2	2	0.5000	clear	literary	The monkeys left the compound at four o'clock.	They sat across the field.	prior_sentence	AHRI	உட்கார்ந்தன.	uṭkārntaṉa.	[10, 11]	ன	உட்கார்ந்தார்கள்.	உட்கார்	PL	False	True	False	public	NATIVE-CHECK-RAT-2
RAT-X-0729-C2-UYAR	RAT-X-0729	RAT-004	rationality		C2	2	0.5000	clear	literary	The teachers left the compound at four o'clock.	They sat across the field.	prior_sentence	UYAR	உட்கார்ந்தார்கள்.	uṭkārntārkaḷ.	[10, 16]	ார்கள்	உட்கார்ந்தன.	உட்கார்	PL	False	True	False	public	NATIVE-CHECK-RAT-2
RAT-X-0729-C3-046	RAT-X-0729	RAT-004	rationality		C3	2	0.5000	clear	literary	The main gate closed at four o'clock.	They sat across the field.	absent				[]		உட்கார்ந்தார்கள்.|உட்கார்ந்தன.	உட்கார்	PL	False	True	False	public	NATIVE-CHECK-RAT-2
RAT-X-0730-C1-AHRI	RAT-X-0730	RAT-004	rationality		C1	2	0.5000	clear	literary		The cows climbed across the field.	in_sentence	AHRI	மாடுகள் ஏறினன.	māṭukaḷ ēṟiṉaṉa.	[12, 13]	ன	தலைவர்கள் ஏறினார்கள்.	ஏறு	PL	False	True	False	public	NATIVE-CHECK-RAT-2
RAT-X-0730-C1-UYAR	RAT-X-0730	RAT-004	rationality		C1	2	0.5000	clear	literary		The leaders climbed across the field.	in_sentence	UYAR	தலைவர்கள் ஏறினார்கள்.	talaivarkaḷ ēṟiṉārkaḷ.	[14, 20]	ார்கள்	மாடுகள் ஏறினன.	ஏறு	PL	False	True	False	public	NATIVE-CHECK-RAT-2
RAT-X-0730-C2-AHRI	RAT-X-0730	RAT-004	rationality		C2	2	0.5000	clear	literary	The cattle had been standing there all afternoon.	They climbed across the field.	prior_sentence	AHRI	ஏறினன.	ēṟiṉaṉa.	[4, 5]	ன	ஏறினார்கள்.	ஏறு	PL	False	True	False	public	NATIVE-CHECK-RAT-2
RAT-X-0730-C2-UYAR	RAT-X-0730	RAT-004	rationality		C2	2	0.5000	clear	literary	The soldiers had been standing there all afternoon.	They climbed across the field.	prior_sentence	UYAR	ஏறினார்கள்.	ēṟiṉārkaḷ.	[4, 10]	ார்கள்	ஏறினன.	ஏறு	PL	False	True	False	public	NATIVE-CHECK-RAT-2
RAT-X-0730-C3-047	RAT-X-0730	RAT-004	rationality		C3	2	0.5000	clear	literary	A heavy stillness had been settling there all afternoon.	They climbed across the field.	absent				[]		ஏறினார்கள்.|ஏறினன.	ஏறு	PL	False	True	False	public	NATIVE-CHECK-RAT-2
RAT-X-0731-C1-AHRI	RAT-X-0731	RAT-004	rationality		C1	2	0.5000	clear	literary		The cows descended across the field.	in_sentence	AHRI	மாடுகள் இறங்கினன.	māṭukaḷ iṟaṅkiṉaṉa.	[15, 16]	ன	தலைவர்கள் இறங்கினார்கள்.	இறங்கு	PL	False	True	False	public	NATIVE-CHECK-RAT-2
RAT-X-0731-C1-UYAR	RAT-X-0731	RAT-004	rationality		C1	2	0.5000	clear	literary		The leaders descended across the field.	in_sentence	UYAR	தலைவர்கள் இறங்கினார்கள்.	talaivarkaḷ iṟaṅkiṉārkaḷ.	[17, 23]	ார்கள்	மாடுகள் இறங்கினன.	இறங்கு	PL	False	True	False	public	NATIVE-CHECK-RAT-2
RAT-X-0731-C2-AHRI	RAT-X-0731	RAT-004	rationality		C2	2	0.5000	clear	literary	The horses had gathered outside since dawn.	They descended across the field.	prior_sentence	AHRI	இறங்கினன.	iṟaṅkiṉaṉa.	[7, 8]	ன	இறங்கினார்கள்.	இறங்கு	PL	False	True	False	public	NATIVE-CHECK-RAT-2
RAT-X-0731-C2-UYAR	RAT-X-0731	RAT-004	rationality		C2	2	0.5000	clear	literary	The students had gathered outside since dawn.	They descended across the field.	prior_sentence	UYAR	இறங்கினார்கள்.	iṟaṅkiṉārkaḷ.	[7, 13]	ார்கள்	இறங்கினன.	இறங்கு	PL	False	True	False	public	NATIVE-CHECK-RAT-2
RAT-X-0731-C3-048	RAT-X-0731	RAT-004	rationality		C3	2	0.5000	clear	literary	The sky had been overcast since dawn.	They descended across the field.	absent				[]		இறங்கினார்கள்.|இறங்கினன.	இறங்கு	PL	False	True	False	public	NATIVE-CHECK-RAT-2
RAT-X-0732-C1-AHRI	RAT-X-0732	RAT-004	rationality		C1	2	0.5000	clear	literary		The cows went across the field.	in_sentence	AHRI	மாடுகள் சென்றன.	māṭukaḷ ceṉṟaṉa.	[13, 14]	ன	தலைவர்கள் சென்றார்கள்.	செல்	PL	False	True	False	public	NATIVE-CHECK-RAT-2
RAT-X-0732-C1-UYAR	RAT-X-0732	RAT-004	rationality		C1	2	0.5000	clear	literary		The leaders went across the field.	in_sentence	UYAR	தலைவர்கள் சென்றார்கள்.	talaivarkaḷ ceṉṟārkaḷ.	[15, 21]	ார்கள்	மாடுகள் சென்றன.	செல்	PL	False	True	False	public	NATIVE-CHECK-RAT-2
RAT-X-0732-C2-AHRI	RAT-X-0732	RAT-004	rationality		C2	2	0.5000	clear	literary	A group of elephants waited near the bridge.	They went across the field.	prior_sentence	AHRI	சென்றன.	ceṉṟaṉa.	[5, 6]	ன	சென்றார்கள்.	செல்	PL	False	True	False	public	NATIVE-CHECK-RAT-2
RAT-X-0732-C2-UYAR	RAT-X-0732	RAT-004	rationality		C2	2	0.5000	clear	literary	A group of soldiers waited near the bridge.	They went across the field.	prior_sentence	UYAR	சென்றார்கள்.	ceṉṟārkaḷ.	[5, 11]	ார்கள்	சென்றன.	செல்	PL	False	True	False	public	NATIVE-CHECK-RAT-2
RAT-X-0732-C3-049	RAT-X-0732	RAT-004	rationality		C3	2	0.5000	clear	literary	A long queue had formed somewhere beyond the bridge.	They went across the field.	absent				[]		சென்றார்கள்.|சென்றன.	செல்	PL	False	True	False	public	NATIVE-CHECK-RAT-2
RAT-X-0733-C1-AHRI	RAT-X-0733	RAT-004	rationality		C1	2	0.5000	clear	literary		The cows moved across the field.	in_sentence	AHRI	மாடுகள் நகர்ந்தன.	māṭukaḷ nakarntaṉa.	[15, 16]	ன	தலைவர்கள் நகர்ந்தார்கள்.	நகர்	PL	False	True	False	public	NATIVE-CHECK-RAT-2
RAT-X-0733-C1-UYAR	RAT-X-0733	RAT-004	rationality		C1	2	0.5000	clear	literary		The leaders moved across the field.	in_sentence	UYAR	தலைவர்கள் நகர்ந்தார்கள்.	talaivarkaḷ nakarntārkaḷ.	[17, 23]	ார்கள்	மாடுகள் நகர்ந்தன.	நகர்	PL	False	True	False	public	NATIVE-CHECK-RAT-2
RAT-X-0733-C2-AHRI	RAT-X-0733	RAT-004	rationality		C2	2	0.5000	clear	literary	The carts were expected before the ceremony.	They moved across the field.	prior_sentence	AHRI	நகர்ந்தன.	nakarntaṉa.	[7, 8]	ன	நகர்ந்தார்கள்.	நகர்	PL	False	True	False	public	NATIVE-CHECK-RAT-2
RAT-X-0733-C2-UYAR	RAT-X-0733	RAT-004	rationality		C2	2	0.5000	clear	literary	The doctors were expected before the ceremony.	They moved across the field.	prior_sentence	UYAR	நகர்ந்தார்கள்.	nakarntārkaḷ.	[7, 13]	ார்கள்	நகர்ந்தன.	நகர்	PL	False	True	False	public	NATIVE-CHECK-RAT-2
RAT-X-0733-C3-050	RAT-X-0733	RAT-004	rationality		C3	2	0.5000	clear	literary	The rain was expected after the ceremony.	They moved across the field.	absent				[]		நகர்ந்தார்கள்.|நகர்ந்தன.	நகர்	PL	False	True	False	public	NATIVE-CHECK-RAT-2
RAT-X-0734-C1-AHRI	RAT-X-0734	RAT-004	rationality		C1	2	0.5000	clear	literary		The cows jumped across the field.	in_sentence	AHRI	மாடுகள் குதித்தன.	māṭukaḷ kutittaṉa.	[15, 16]	ன	தலைவர்கள் குதித்தார்கள்.	குதி	PL	False	True	False	public	NATIVE-CHECK-RAT-2
RAT-X-0734-C1-UYAR	RAT-X-0734	RAT-004	rationality		C1	2	0.5000	clear	literary		The leaders jumped across the field.	in_sentence	UYAR	தலைவர்கள் குதித்தார்கள்.	talaivarkaḷ kutittārkaḷ.	[17, 23]	ார்கள்	மாடுகள் குதித்தன.	குதி	PL	False	True	False	public	NATIVE-CHECK-RAT-2
RAT-X-0734-C2-AHRI	RAT-X-0734	RAT-004	rationality		C2	2	0.5000	clear	literary	Several tigers had been sighted near the village.	They jumped across the field.	prior_sentence	AHRI	குதித்தன.	kutittaṉa.	[7, 8]	ன	குதித்தார்கள்.	குதி	PL	False	True	False	public	NATIVE-CHECK-RAT-2
RAT-X-0734-C2-UYAR	RAT-X-0734	RAT-004	rationality		C2	2	0.5000	clear	literary	Several officers had been posted to the village.	They jumped across the field.	prior_sentence	UYAR	குதித்தார்கள்.	kutittārkaḷ.	[7, 13]	ார்கள்	குதித்தன.	குதி	PL	False	True	False	public	NATIVE-CHECK-RAT-2
RAT-X-0734-C3-051	RAT-X-0734	RAT-004	rationality		C3	2	0.5000	clear	literary	Several power cuts had been reported across the village.	They jumped across the field.	absent				[]		குதித்தார்கள்.|குதித்தன.	குதி	PL	False	True	False	public	NATIVE-CHECK-RAT-2
RAT-X-0735-C1-AHRI	RAT-X-0735	RAT-005	rationality		C1	2	0.5000	clear	literary		The cows smiled before the storm.	in_sentence	AHRI	மாடுகள் நகைத்தன.	māṭukaḷ nakaittaṉa.	[14, 15]	ன	தலைவர்கள் நகைத்தார்கள்.	நகை	PL	False	True	False	public	NATIVE-CHECK-RAT-2
RAT-X-0735-C1-UYAR	RAT-X-0735	RAT-005	rationality		C1	2	0.5000	clear	literary		The leaders smiled before the storm.	in_sentence	UYAR	தலைவர்கள் நகைத்தார்கள்.	talaivarkaḷ nakaittārkaḷ.	[16, 22]	ார்கள்	மாடுகள் நகைத்தன.	நகை	PL	False	True	False	public	NATIVE-CHECK-RAT-2
RAT-X-0735-C2-AHRI	RAT-X-0735	RAT-005	rationality		C2	2	0.5000	clear	literary	The monkeys left the compound at four o'clock.	They smiled before the storm.	prior_sentence	AHRI	நகைத்தன.	nakaittaṉa.	[6, 7]	ன	நகைத்தார்கள்.	நகை	PL	False	True	False	public	NATIVE-CHECK-RAT-2
RAT-X-0735-C2-UYAR	RAT-X-0735	RAT-005	rationality		C2	2	0.5000	clear	literary	The teachers left the compound at four o'clock.	They smiled before the storm.	prior_sentence	UYAR	நகைத்தார்கள்.	nakaittārkaḷ.	[6, 12]	ார்கள்	நகைத்தன.	நகை	PL	False	True	False	public	NATIVE-CHECK-RAT-2
RAT-X-0735-C3-052	RAT-X-0735	RAT-005	rationality		C3	2	0.5000	clear	literary	The main gate closed at four o'clock.	They smiled before the storm.	absent				[]		நகைத்தார்கள்.|நகைத்தன.	நகை	PL	False	True	False	public	NATIVE-CHECK-RAT-2
RAT-X-0736-C1-AHRI	RAT-X-0736	RAT-005	rationality		C1	2	0.5000	clear	literary		The cows feared before the storm.	in_sentence	AHRI	மாடுகள் அஞ்சினன.	māṭukaḷ añciṉaṉa.	[14, 15]	ன	தலைவர்கள் அஞ்சினார்கள்.	அஞ்சு	PL	False	True	False	public	NATIVE-CHECK-RAT-2
RAT-X-0736-C1-UYAR	RAT-X-0736	RAT-005	rationality		C1	2	0.5000	clear	literary		The leaders feared before the storm.	in_sentence	UYAR	தலைவர்கள் அஞ்சினார்கள்.	talaivarkaḷ añciṉārkaḷ.	[16, 22]	ார்கள்	மாடுகள் அஞ்சினன.	அஞ்சு	PL	False	True	False	public	NATIVE-CHECK-RAT-2
RAT-X-0736-C2-AHRI	RAT-X-0736	RAT-005	rationality		C2	2	0.5000	clear	literary	The cattle had been standing there all afternoon.	They feared before the storm.	prior_sentence	AHRI	அஞ்சினன.	añciṉaṉa.	[6, 7]	ன	அஞ்சினார்கள்.	அஞ்சு	PL	False	True	False	public	NATIVE-CHECK-RAT-2
RAT-X-0736-C2-UYAR	RAT-X-0736	RAT-005	rationality		C2	2	0.5000	clear	literary	The soldiers had been standing there all afternoon.	They feared before the storm.	prior_sentence	UYAR	அஞ்சினார்கள்.	añciṉārkaḷ.	[6, 12]	ார்கள்	அஞ்சினன.	அஞ்சு	PL	False	True	False	public	NATIVE-CHECK-RAT-2
RAT-X-0736-C3-053	RAT-X-0736	RAT-005	rationality		C3	2	0.5000	clear	literary	A heavy stillness had been settling there all afternoon.	They feared before the storm.	absent				[]		அஞ்சினார்கள்.|அஞ்சினன.	அஞ்சு	PL	False	True	False	public	NATIVE-CHECK-RAT-2
RAT-X-0737-C1-AHRI	RAT-X-0737	RAT-005	rationality		C1	2	0.5000	clear	literary		The horses came before the storm.	in_sentence	AHRI	குதிரைகள் வந்தன.	kutiraikaḷ vantaṉa.	[14, 15]	ன	வீரர்கள் வந்தார்கள்.	வா	PL	False	True	False	public	NATIVE-CHECK-RAT-2
RAT-X-0737-C1-UYAR	RAT-X-0737	RAT-005	rationality		C1	2	0.5000	clear	literary		The warriors came before the storm.	in_sentence	UYAR	வீரர்கள் வந்தார்கள்.	vīrarkaḷ vantārkaḷ.	[13, 19]	ார்கள்	குதிரைகள் வந்தன.	வா	PL	False	True	False	public	NATIVE-CHECK-RAT-2
RAT-X-0737-C2-AHRI	RAT-X-0737	RAT-005	rationality		C2	2	0.5000	clear	literary	The horses had gathered outside since dawn.	They came before the storm.	prior_sentence	AHRI	வந்தன.	vantaṉa.	[4, 5]	ன	வந்தார்கள்.	வா	PL	False	True	False	public	NATIVE-CHECK-RAT-2
RAT-X-0737-C2-UYAR	RAT-X-0737	RAT-005	rationality		C2	2	0.5000	clear	literary	The students had gathered outside since dawn.	They came before the storm.	prior_sentence	UYAR	வந்தார்கள்.	vantārkaḷ.	[4, 10]	ார்கள்	வந்தன.	வா	PL	False	True	False	public	NATIVE-CHECK-RAT-2
RAT-X-0737-C3-054	RAT-X-0737	RAT-005	rationality		C3	2	0.5000	clear	literary	The sky had been overcast since dawn.	They came before the storm.	absent				[]		வந்தார்கள்.|வந்தன.	வா	PL	False	True	False	public	NATIVE-CHECK-RAT-2
RAT-X-0738-C1-AHRI	RAT-X-0738	RAT-005	rationality		C1	2	0.5000	clear	literary		The horses ran before the storm.	in_sentence	AHRI	குதிரைகள் ஓடினன.	kutiraikaḷ ōṭiṉaṉa.	[14, 15]	ன	வீரர்கள் ஓடினார்கள்.	ஓடு	PL	False	True	False	public	NATIVE-CHECK-RAT-2
RAT-X-0738-C1-UYAR	RAT-X-0738	RAT-005	rationality		C1	2	0.5000	clear	literary		The warriors ran before the storm.	in_sentence	UYAR	வீரர்கள் ஓடினார்கள்.	vīrarkaḷ ōṭiṉārkaḷ.	[13, 19]	ார்கள்	குதிரைகள் ஓடினன.	ஓடு	PL	False	True	False	public	NATIVE-CHECK-RAT-2
RAT-X-0738-C2-AHRI	RAT-X-0738	RAT-005	rationality		C2	2	0.5000	clear	literary	A group of elephants waited near the bridge.	They ran before the storm.	prior_sentence	AHRI	ஓடினன.	ōṭiṉaṉa.	[4, 5]	ன	ஓடினார்கள்.	ஓடு	PL	False	True	False	public	NATIVE-CHECK-RAT-2
RAT-X-0738-C2-UYAR	RAT-X-0738	RAT-005	rationality		C2	2	0.5000	clear	literary	A group of soldiers waited near the bridge.	They ran before the storm.	prior_sentence	UYAR	ஓடினார்கள்.	ōṭiṉārkaḷ.	[4, 10]	ார்கள்	ஓடினன.	ஓடு	PL	False	True	False	public	NATIVE-CHECK-RAT-2
RAT-X-0738-C3-055	RAT-X-0738	RAT-005	rationality		C3	2	0.5000	clear	literary	A long queue had formed somewhere beyond the bridge.	They ran before the storm.	absent				[]		ஓடினார்கள்.|ஓடினன.	ஓடு	PL	False	True	False	public	NATIVE-CHECK-RAT-2
RAT-X-0739-C1-AHRI	RAT-X-0739	RAT-005	rationality		C1	2	0.5000	clear	literary		The horses walked before the storm.	in_sentence	AHRI	குதிரைகள் நடந்தன.	kutiraikaḷ naṭantaṉa.	[15, 16]	ன	வீரர்கள் நடந்தார்கள்.	நட	PL	False	True	False	public	NATIVE-CHECK-RAT-2
RAT-X-0739-C1-UYAR	RAT-X-0739	RAT-005	rationality		C1	2	0.5000	clear	literary		The warriors walked before the storm.	in_sentence	UYAR	வீரர்கள் நடந்தார்கள்.	vīrarkaḷ naṭantārkaḷ.	[14, 20]	ார்கள்	குதிரைகள் நடந்தன.	நட	PL	False	True	False	public	NATIVE-CHECK-RAT-2
RAT-X-0739-C2-AHRI	RAT-X-0739	RAT-005	rationality		C2	2	0.5000	clear	literary	The carts were expected before the ceremony.	They walked before the storm.	prior_sentence	AHRI	நடந்தன.	naṭantaṉa.	[5, 6]	ன	நடந்தார்கள்.	நட	PL	False	True	False	public	NATIVE-CHECK-RAT-2
RAT-X-0739-C2-UYAR	RAT-X-0739	RAT-005	rationality		C2	2	0.5000	clear	literary	The doctors were expected before the ceremony.	They walked before the storm.	prior_sentence	UYAR	நடந்தார்கள்.	naṭantārkaḷ.	[5, 11]	ார்கள்	நடந்தன.	நட	PL	False	True	False	public	NATIVE-CHECK-RAT-2
RAT-X-0739-C3-056	RAT-X-0739	RAT-005	rationality		C3	2	0.5000	clear	literary	The rain was expected after the ceremony.	They walked before the storm.	absent				[]		நடந்தார்கள்.|நடந்தன.	நட	PL	False	True	False	public	NATIVE-CHECK-RAT-2
RAT-X-0740-C1-AHRI	RAT-X-0740	RAT-005	rationality		C1	2	0.5000	clear	literary		The horses played before the storm.	in_sentence	AHRI	குதிரைகள் விளையாடினன.	kutiraikaḷ viḷaiyāṭiṉaṉa.	[19, 20]	ன	வீரர்கள் விளையாடினார்கள்.	விளையாடு	PL	False	True	False	public	NATIVE-CHECK-RAT-2
RAT-X-0740-C1-UYAR	RAT-X-0740	RAT-005	rationality		C1	2	0.5000	clear	literary		The warriors played before the storm.	in_sentence	UYAR	வீரர்கள் விளையாடினார்கள்.	vīrarkaḷ viḷaiyāṭiṉārkaḷ.	[18, 24]	ார்கள்	குதிரைகள் விளையாடினன.	விளையாடு	PL	False	True	False	public	NATIVE-CHECK-RAT-2
RAT-X-0740-C2-AHRI	RAT-X-0740	RAT-005	rationality		C2	2	0.5000	clear	literary	Several tigers had been sighted near the village.	They played before the storm.	prior_sentence	AHRI	விளையாடினன.	viḷaiyāṭiṉaṉa.	[9, 10]	ன	விளையாடினார்கள்.	விளையாடு	PL	False	True	False	public	NATIVE-CHECK-RAT-2
RAT-X-0740-C2-UYAR	RAT-X-0740	RAT-005	rationality		C2	2	0.5000	clear	literary	Several officers had been posted to the village.	They played before the storm.	prior_sentence	UYAR	விளையாடினார்கள்.	viḷaiyāṭiṉārkaḷ.	[9, 15]	ார்கள்	விளையாடினன.	விளையாடு	PL	False	True	False	public	NATIVE-CHECK-RAT-2
RAT-X-0740-C3-057	RAT-X-0740	RAT-005	rationality		C3	2	0.5000	clear	literary	Several power cuts had been reported across the village.	They played before the storm.	absent				[]		விளையாடினார்கள்.|விளையாடினன.	விளையாடு	PL	False	True	False	public	NATIVE-CHECK-RAT-2
RAT-X-0741-C1-AHRI	RAT-X-0741	RAT-005	rationality		C1	2	0.5000	clear	literary		The horses cried before the storm.	in_sentence	AHRI	குதிரைகள் அழுதன.	kutiraikaḷ aḻutaṉa.	[14, 15]	ன	வீரர்கள் அழுதார்கள்.	அழு	PL	False	True	False	public	NATIVE-CHECK-RAT-2
RAT-X-0741-C1-UYAR	RAT-X-0741	RAT-005	rationality		C1	2	0.5000	clear	literary		The warriors cried before the storm.	in_sentence	UYAR	வீரர்கள் அழுதார்கள்.	vīrarkaḷ aḻutārkaḷ.	[13, 19]	ார்கள்	குதிரைகள் அழுதன.	அழு	PL	False	True	False	public	NATIVE-CHECK-RAT-2
RAT-X-0741-C2-AHRI	RAT-X-0741	RAT-005	rationality		C2	2	0.5000	clear	literary	The monkeys left the compound at four o'clock.	They cried before the storm.	prior_sentence	AHRI	அழுதன.	aḻutaṉa.	[4, 5]	ன	அழுதார்கள்.	அழு	PL	False	True	False	public	NATIVE-CHECK-RAT-2
RAT-X-0741-C2-UYAR	RAT-X-0741	RAT-005	rationality		C2	2	0.5000	clear	literary	The teachers left the compound at four o'clock.	They cried before the storm.	prior_sentence	UYAR	அழுதார்கள்.	aḻutārkaḷ.	[4, 10]	ார்கள்	அழுதன.	அழு	PL	False	True	False	public	NATIVE-CHECK-RAT-2
RAT-X-0741-C3-058	RAT-X-0741	RAT-005	rationality		C3	2	0.5000	clear	literary	The main gate closed at four o'clock.	They cried before the storm.	absent				[]		அழுதார்கள்.|அழுதன.	அழு	PL	False	True	False	public	NATIVE-CHECK-RAT-2
RAT-X-0742-C1-AHRI	RAT-X-0742	RAT-005	rationality		C1	2	0.5000	clear	literary		The horses laughed before the storm.	in_sentence	AHRI	குதிரைகள் சிரித்தன.	kutiraikaḷ cirittaṉa.	[17, 18]	ன	வீரர்கள் சிரித்தார்கள்.	சிரி	PL	False	True	False	public	NATIVE-CHECK-RAT-2
RAT-X-0742-C1-UYAR	RAT-X-0742	RAT-005	rationality		C1	2	0.5000	clear	literary		The warriors laughed before the storm.	in_sentence	UYAR	வீரர்கள் சிரித்தார்கள்.	vīrarkaḷ cirittārkaḷ.	[16, 22]	ார்கள்	குதிரைகள் சிரித்தன.	சிரி	PL	False	True	False	public	NATIVE-CHECK-RAT-2
RAT-X-0742-C2-AHRI	RAT-X-0742	RAT-005	rationality		C2	2	0.5000	clear	literary	The cattle had been standing there all afternoon.	They laughed before the storm.	prior_sentence	AHRI	சிரித்தன.	cirittaṉa.	[7, 8]	ன	சிரித்தார்கள்.	சிரி	PL	False	True	False	public	NATIVE-CHECK-RAT-2
RAT-X-0742-C2-UYAR	RAT-X-0742	RAT-005	rationality		C2	2	0.5000	clear	literary	The soldiers had been standing there all afternoon.	They laughed before the storm.	prior_sentence	UYAR	சிரித்தார்கள்.	cirittārkaḷ.	[7, 13]	ார்கள்	சிரித்தன.	சிரி	PL	False	True	False	public	NATIVE-CHECK-RAT-2
RAT-X-0742-C3-059	RAT-X-0742	RAT-005	rationality		C3	2	0.5000	clear	literary	A heavy stillness had been settling there all afternoon.	They laughed before the storm.	absent				[]		சிரித்தார்கள்.|சிரித்தன.	சிரி	PL	False	True	False	public	NATIVE-CHECK-RAT-2
RAT-X-0743-C1-AHRI	RAT-X-0743	RAT-005	rationality		C1	2	0.5000	clear	literary		The horses flew before the storm.	in_sentence	AHRI	குதிரைகள் பறந்தன.	kutiraikaḷ paṟantaṉa.	[15, 16]	ன	வீரர்கள் பறந்தார்கள்.	பற	PL	False	True	False	public	NATIVE-CHECK-RAT-2
RAT-X-0743-C1-UYAR	RAT-X-0743	RAT-005	rationality		C1	2	0.5000	clear	literary		The warriors flew before the storm.	in_sentence	UYAR	வீரர்கள் பறந்தார்கள்.	vīrarkaḷ paṟantārkaḷ.	[14, 20]	ார்கள்	குதிரைகள் பறந்தன.	பற	PL	False	True	False	public	NATIVE-CHECK-RAT-2
RAT-X-0743-C2-AHRI	RAT-X-0743	RAT-005	rationality		C2	2	0.5000	clear	literary	The horses had gathered outside since dawn.	They flew before the storm.	prior_sentence	AHRI	பறந்தன.	paṟantaṉa.	[5, 6]	ன	பறந்தார்கள்.	பற	PL	False	True	False	public	NATIVE-CHECK-RAT-2
RAT-X-0743-C2-UYAR	RAT-X-0743	RAT-005	rationality		C2	2	0.5000	clear	literary	The students had gathered outside since dawn.	They flew before the storm.	prior_sentence	UYAR	பறந்தார்கள்.	paṟantārkaḷ.	[5, 11]	ார்கள்	பறந்தன.	பற	PL	False	True	False	public	NATIVE-CHECK-RAT-2
RAT-X-0743-C3-060	RAT-X-0743	RAT-005	rationality		C3	2	0.5000	clear	literary	The sky had been overcast since dawn.	They flew before the storm.	absent				[]		பறந்தார்கள்.|பறந்தன.	பற	PL	False	True	False	public	NATIVE-CHECK-RAT-2
RAT-X-0744-C1-AHRI	RAT-X-0744	RAT-005	rationality		C1	2	0.5000	clear	literary		The horses swam before the storm.	in_sentence	AHRI	குதிரைகள் நீந்தினன.	kutiraikaḷ nīntiṉaṉa.	[17, 18]	ன	வீரர்கள் நீந்தினார்கள்.	நீந்து	PL	False	True	False	public	NATIVE-CHECK-RAT-2
RAT-X-0744-C1-UYAR	RAT-X-0744	RAT-005	rationality		C1	2	0.5000	clear	literary		The warriors swam before the storm.	in_sentence	UYAR	வீரர்கள் நீந்தினார்கள்.	vīrarkaḷ nīntiṉārkaḷ.	[16, 22]	ார்கள்	குதிரைகள் நீந்தினன.	நீந்து	PL	False	True	False	public	NATIVE-CHECK-RAT-2
RAT-X-0744-C2-AHRI	RAT-X-0744	RAT-005	rationality		C2	2	0.5000	clear	literary	A group of elephants waited near the bridge.	They swam before the storm.	prior_sentence	AHRI	நீந்தினன.	nīntiṉaṉa.	[7, 8]	ன	நீந்தினார்கள்.	நீந்து	PL	False	True	False	public	NATIVE-CHECK-RAT-2
RAT-X-0744-C2-UYAR	RAT-X-0744	RAT-005	rationality		C2	2	0.5000	clear	literary	A group of soldiers waited near the bridge.	They swam before the storm.	prior_sentence	UYAR	நீந்தினார்கள்.	nīntiṉārkaḷ.	[7, 13]	ார்கள்	நீந்தினன.	நீந்து	PL	False	True	False	public	NATIVE-CHECK-RAT-2
RAT-X-0744-C3-061	RAT-X-0744	RAT-005	rationality		C3	2	0.5000	clear	literary	A long queue had formed somewhere beyond the bridge.	They swam before the storm.	absent				[]		நீந்தினார்கள்.|நீந்தினன.	நீந்து	PL	False	True	False	public	NATIVE-CHECK-RAT-2
RAT-X-0745-C1-AHRI	RAT-X-0745	RAT-005	rationality		C1	2	0.5000	clear	literary		The horses spoke before the storm.	in_sentence	AHRI	குதிரைகள் பேசினன.	kutiraikaḷ pēciṉaṉa.	[15, 16]	ன	வீரர்கள் பேசினார்கள்.	பேசு	PL	False	True	False	public	NATIVE-CHECK-RAT-2
RAT-X-0745-C1-UYAR	RAT-X-0745	RAT-005	rationality		C1	2	0.5000	clear	literary		The warriors spoke before the storm.	in_sentence	UYAR	வீரர்கள் பேசினார்கள்.	vīrarkaḷ pēciṉārkaḷ.	[14, 20]	ார்கள்	குதிரைகள் பேசினன.	பேசு	PL	False	True	False	public	NATIVE-CHECK-RAT-2
RAT-X-0745-C2-AHRI	RAT-X-0745	RAT-005	rationality		C2	2	0.5000	clear	literary	The carts were expected before the ceremony.	They spoke before the storm.	prior_sentence	AHRI	பேசினன.	pēciṉaṉa.	[5, 6]	ன	பேசினார்கள்.	பேசு	PL	False	True	False	public	NATIVE-CHECK-RAT-2
RAT-X-0745-C2-UYAR	RAT-X-0745	RAT-005	rationality		C2	2	0.5000	clear	literary	The doctors were expected before the ceremony.	They spoke before the storm.	prior_sentence	UYAR	பேசினார்கள்.	pēciṉārkaḷ.	[5, 11]	ார்கள்	பேசினன.	பேசு	PL	False	True	False	public	NATIVE-CHECK-RAT-2
RAT-X-0745-C3-062	RAT-X-0745	RAT-005	rationality		C3	2	0.5000	clear	literary	The rain was expected after the ceremony.	They spoke before the storm.	absent				[]		பேசினார்கள்.|பேசினன.	பேசு	PL	False	True	False	public	NATIVE-CHECK-RAT-2
RAT-X-0746-C1-AHRI	RAT-X-0746	RAT-005	rationality		C1	2	0.5000	clear	literary		The horses rose before the storm.	in_sentence	AHRI	குதிரைகள் எழுந்தன.	kutiraikaḷ eḻuntaṉa.	[16, 17]	ன	வீரர்கள் எழுந்தார்கள்.	எழு	PL	False	True	False	public	NATIVE-CHECK-RAT-2
RAT-X-0746-C1-UYAR	RAT-X-0746	RAT-005	rationality		C1	2	0.5000	clear	literary		The warriors rose before the storm.	in_sentence	UYAR	வீரர்கள் எழுந்தார்கள்.	vīrarkaḷ eḻuntārkaḷ.	[15, 21]	ார்கள்	குதிரைகள் எழுந்தன.	எழு	PL	False	True	False	public	NATIVE-CHECK-RAT-2
RAT-X-0746-C2-AHRI	RAT-X-0746	RAT-005	rationality		C2	2	0.5000	clear	literary	Several tigers had been sighted near the village.	They rose before the storm.	prior_sentence	AHRI	எழுந்தன.	eḻuntaṉa.	[6, 7]	ன	எழுந்தார்கள்.	எழு	PL	False	True	False	public	NATIVE-CHECK-RAT-2
RAT-X-0746-C2-UYAR	RAT-X-0746	RAT-005	rationality		C2	2	0.5000	clear	literary	Several officers had been posted to the village.	They rose before the storm.	prior_sentence	UYAR	எழுந்தார்கள்.	eḻuntārkaḷ.	[6, 12]	ார்கள்	எழுந்தன.	எழு	PL	False	True	False	public	NATIVE-CHECK-RAT-2
RAT-X-0746-C3-063	RAT-X-0746	RAT-005	rationality		C3	2	0.5000	clear	literary	Several power cuts had been reported across the village.	They rose before the storm.	absent				[]		எழுந்தார்கள்.|எழுந்தன.	எழு	PL	False	True	False	public	NATIVE-CHECK-RAT-2
RAT-X-0747-C1-AHRI	RAT-X-0747	RAT-005	rationality		C1	2	0.5000	clear	literary		The horses sat before the storm.	in_sentence	AHRI	குதிரைகள் உட்கார்ந்தன.	kutiraikaḷ uṭkārntaṉa.	[20, 21]	ன	வீரர்கள் உட்கார்ந்தார்கள்.	உட்கார்	PL	False	True	False	public	NATIVE-CHECK-RAT-2
RAT-X-0747-C1-UYAR	RAT-X-0747	RAT-005	rationality		C1	2	0.5000	clear	literary		The warriors sat before the storm.	in_sentence	UYAR	வீரர்கள் உட்கார்ந்தார்கள்.	vīrarkaḷ uṭkārntārkaḷ.	[19, 25]	ார்கள்	குதிரைகள் உட்கார்ந்தன.	உட்கார்	PL	False	True	False	public	NATIVE-CHECK-RAT-2
RAT-X-0747-C2-AHRI	RAT-X-0747	RAT-005	rationality		C2	2	0.5000	clear	literary	The monkeys left the compound at four o'clock.	They sat before the storm.	prior_sentence	AHRI	உட்கார்ந்தன.	uṭkārntaṉa.	[10, 11]	ன	உட்கார்ந்தார்கள்.	உட்கார்	PL	False	True	False	public	NATIVE-CHECK-RAT-2
RAT-X-0747-C2-UYAR	RAT-X-0747	RAT-005	rationality		C2	2	0.5000	clear	literary	The teachers left the compound at four o'clock.	They sat before the storm.	prior_sentence	UYAR	உட்கார்ந்தார்கள்.	uṭkārntārkaḷ.	[10, 16]	ார்கள்	உட்கார்ந்தன.	உட்கார்	PL	False	True	False	public	NATIVE-CHECK-RAT-2
RAT-X-0747-C3-064	RAT-X-0747	RAT-005	rationality		C3	2	0.5000	clear	literary	The main gate closed at four o'clock.	They sat before the storm.	absent				[]		உட்கார்ந்தார்கள்.|உட்கார்ந்தன.	உட்கார்	PL	False	True	False	public	NATIVE-CHECK-RAT-2
RAT-X-0748-C1-AHRI	RAT-X-0748	RAT-006	rationality		C1	2	0.5000	clear	literary		The horses climbed that afternoon.	in_sentence	AHRI	குதிரைகள் ஏறினன.	kutiraikaḷ ēṟiṉaṉa.	[14, 15]	ன	வீரர்கள் ஏறினார்கள்.	ஏறு	PL	False	True	False	public	NATIVE-CHECK-RAT-2
RAT-X-0748-C1-UYAR	RAT-X-0748	RAT-006	rationality		C1	2	0.5000	clear	literary		The warriors climbed that afternoon.	in_sentence	UYAR	வீரர்கள் ஏறினார்கள்.	vīrarkaḷ ēṟiṉārkaḷ.	[13, 19]	ார்கள்	குதிரைகள் ஏறினன.	ஏறு	PL	False	True	False	public	NATIVE-CHECK-RAT-2
RAT-X-0748-C2-AHRI	RAT-X-0748	RAT-006	rationality		C2	2	0.5000	clear	literary	The cattle had been standing there all afternoon.	They climbed that afternoon.	prior_sentence	AHRI	ஏறினன.	ēṟiṉaṉa.	[4, 5]	ன	ஏறினார்கள்.	ஏறு	PL	False	True	False	public	NATIVE-CHECK-RAT-2
RAT-X-0748-C2-UYAR	RAT-X-0748	RAT-006	rationality		C2	2	0.5000	clear	literary	The soldiers had been standing there all afternoon.	They climbed that afternoon.	prior_sentence	UYAR	ஏறினார்கள்.	ēṟiṉārkaḷ.	[4, 10]	ார்கள்	ஏறினன.	ஏறு	PL	False	True	False	public	NATIVE-CHECK-RAT-2
RAT-X-0748-C3-065	RAT-X-0748	RAT-006	rationality		C3	2	0.5000	clear	literary	A heavy stillness had been settling there all afternoon.	They climbed that afternoon.	absent				[]		ஏறினார்கள்.|ஏறினன.	ஏறு	PL	False	True	False	public	NATIVE-CHECK-RAT-2
RAT-X-0749-C1-AHRI	RAT-X-0749	RAT-006	rationality		C1	2	0.5000	clear	literary		The horses descended that afternoon.	in_sentence	AHRI	குதிரைகள் இறங்கினன.	kutiraikaḷ iṟaṅkiṉaṉa.	[17, 18]	ன	வீரர்கள் இறங்கினார்கள்.	இறங்கு	PL	False	True	False	public	NATIVE-CHECK-RAT-2
RAT-X-0749-C1-UYAR	RAT-X-0749	RAT-006	rationality		C1	2	0.5000	clear	literary		The warriors descended that afternoon.	in_sentence	UYAR	வீரர்கள் இறங்கினார்கள்.	vīrarkaḷ iṟaṅkiṉārkaḷ.	[16, 22]	ார்கள்	குதிரைகள் இறங்கினன.	இறங்கு	PL	False	True	False	public	NATIVE-CHECK-RAT-2
RAT-X-0749-C2-AHRI	RAT-X-0749	RAT-006	rationality		C2	2	0.5000	clear	literary	The horses had gathered outside since dawn.	They descended that afternoon.	prior_sentence	AHRI	இறங்கினன.	iṟaṅkiṉaṉa.	[7, 8]	ன	இறங்கினார்கள்.	இறங்கு	PL	False	True	False	public	NATIVE-CHECK-RAT-2
RAT-X-0749-C2-UYAR	RAT-X-0749	RAT-006	rationality		C2	2	0.5000	clear	literary	The students had gathered outside since dawn.	They descended that afternoon.	prior_sentence	UYAR	இறங்கினார்கள்.	iṟaṅkiṉārkaḷ.	[7, 13]	ார்கள்	இறங்கினன.	இறங்கு	PL	False	True	False	public	NATIVE-CHECK-RAT-2
RAT-X-0749-C3-066	RAT-X-0749	RAT-006	rationality		C3	2	0.5000	clear	literary	The sky had been overcast since dawn.	They descended that afternoon.	absent				[]		இறங்கினார்கள்.|இறங்கினன.	இறங்கு	PL	False	True	False	public	NATIVE-CHECK-RAT-2
RAT-X-0750-C1-AHRI	RAT-X-0750	RAT-006	rationality		C1	2	0.5000	clear	literary		The horses went that afternoon.	in_sentence	AHRI	குதிரைகள் சென்றன.	kutiraikaḷ ceṉṟaṉa.	[15, 16]	ன	வீரர்கள் சென்றார்கள்.	செல்	PL	False	True	False	public	NATIVE-CHECK-RAT-2
RAT-X-0750-C1-UYAR	RAT-X-0750	RAT-006	rationality		C1	2	0.5000	clear	literary		The warriors went that afternoon.	in_sentence	UYAR	வீரர்கள் சென்றார்கள்.	vīrarkaḷ ceṉṟārkaḷ.	[14, 20]	ார்கள்	குதிரைகள் சென்றன.	செல்	PL	False	True	False	public	NATIVE-CHECK-RAT-2
RAT-X-0750-C2-AHRI	RAT-X-0750	RAT-006	rationality		C2	2	0.5000	clear	literary	A group of elephants waited near the bridge.	They went that afternoon.	prior_sentence	AHRI	சென்றன.	ceṉṟaṉa.	[5, 6]	ன	சென்றார்கள்.	செல்	PL	False	True	False	public	NATIVE-CHECK-RAT-2
RAT-X-0750-C2-UYAR	RAT-X-0750	RAT-006	rationality		C2	2	0.5000	clear	literary	A group of soldiers waited near the bridge.	They went that afternoon.	prior_sentence	UYAR	சென்றார்கள்.	ceṉṟārkaḷ.	[5, 11]	ார்கள்	சென்றன.	செல்	PL	False	True	False	public	NATIVE-CHECK-RAT-2
RAT-X-0750-C3-067	RAT-X-0750	RAT-006	rationality		C3	2	0.5000	clear	literary	A long queue had formed somewhere beyond the bridge.	They went that afternoon.	absent				[]		சென்றார்கள்.|சென்றன.	செல்	PL	False	True	False	public	NATIVE-CHECK-RAT-2
RAT-X-0751-C1-AHRI	RAT-X-0751	RAT-006	rationality		C1	2	0.5000	clear	literary		The horses moved that afternoon.	in_sentence	AHRI	குதிரைகள் நகர்ந்தன.	kutiraikaḷ nakarntaṉa.	[17, 18]	ன	வீரர்கள் நகர்ந்தார்கள்.	நகர்	PL	False	True	False	public	NATIVE-CHECK-RAT-2
RAT-X-0751-C1-UYAR	RAT-X-0751	RAT-006	rationality		C1	2	0.5000	clear	literary		The warriors moved that afternoon.	in_sentence	UYAR	வீரர்கள் நகர்ந்தார்கள்.	vīrarkaḷ nakarntārkaḷ.	[16, 22]	ார்கள்	குதிரைகள் நகர்ந்தன.	நகர்	PL	False	True	False	public	NATIVE-CHECK-RAT-2
RAT-X-0751-C2-AHRI	RAT-X-0751	RAT-006	rationality		C2	2	0.5000	clear	literary	The carts were expected before the ceremony.	They moved that afternoon.	prior_sentence	AHRI	நகர்ந்தன.	nakarntaṉa.	[7, 8]	ன	நகர்ந்தார்கள்.	நகர்	PL	False	True	False	public	NATIVE-CHECK-RAT-2
RAT-X-0751-C2-UYAR	RAT-X-0751	RAT-006	rationality		C2	2	0.5000	clear	literary	The doctors were expected before the ceremony.	They moved that afternoon.	prior_sentence	UYAR	நகர்ந்தார்கள்.	nakarntārkaḷ.	[7, 13]	ார்கள்	நகர்ந்தன.	நகர்	PL	False	True	False	public	NATIVE-CHECK-RAT-2
RAT-X-0751-C3-068	RAT-X-0751	RAT-006	rationality		C3	2	0.5000	clear	literary	The rain was expected after the ceremony.	They moved that afternoon.	absent				[]		நகர்ந்தார்கள்.|நகர்ந்தன.	நகர்	PL	False	True	False	public	NATIVE-CHECK-RAT-2
RAT-X-0752-C1-AHRI	RAT-X-0752	RAT-006	rationality		C1	2	0.5000	clear	literary		The horses jumped that afternoon.	in_sentence	AHRI	குதிரைகள் குதித்தன.	kutiraikaḷ kutittaṉa.	[17, 18]	ன	வீரர்கள் குதித்தார்கள்.	குதி	PL	False	True	False	public	NATIVE-CHECK-RAT-2
RAT-X-0752-C1-UYAR	RAT-X-0752	RAT-006	rationality		C1	2	0.5000	clear	literary		The warriors jumped that afternoon.	in_sentence	UYAR	வீரர்கள் குதித்தார்கள்.	vīrarkaḷ kutittārkaḷ.	[16, 22]	ார்கள்	குதிரைகள் குதித்தன.	குதி	PL	False	True	False	public	NATIVE-CHECK-RAT-2
RAT-X-0752-C2-AHRI	RAT-X-0752	RAT-006	rationality		C2	2	0.5000	clear	literary	Several tigers had been sighted near the village.	They jumped that afternoon.	prior_sentence	AHRI	குதித்தன.	kutittaṉa.	[7, 8]	ன	குதித்தார்கள்.	குதி	PL	False	True	False	public	NATIVE-CHECK-RAT-2
RAT-X-0752-C2-UYAR	RAT-X-0752	RAT-006	rationality		C2	2	0.5000	clear	literary	Several officers had been posted to the village.	They jumped that afternoon.	prior_sentence	UYAR	குதித்தார்கள்.	kutittārkaḷ.	[7, 13]	ார்கள்	குதித்தன.	குதி	PL	False	True	False	public	NATIVE-CHECK-RAT-2
RAT-X-0752-C3-069	RAT-X-0752	RAT-006	rationality		C3	2	0.5000	clear	literary	Several power cuts had been reported across the village.	They jumped that afternoon.	absent				[]		குதித்தார்கள்.|குதித்தன.	குதி	PL	False	True	False	public	NATIVE-CHECK-RAT-2
RAT-X-0753-C1-AHRI	RAT-X-0753	RAT-006	rationality		C1	2	0.5000	clear	literary		The horses smiled that afternoon.	in_sentence	AHRI	குதிரைகள் நகைத்தன.	kutiraikaḷ nakaittaṉa.	[16, 17]	ன	வீரர்கள் நகைத்தார்கள்.	நகை	PL	False	True	False	public	NATIVE-CHECK-RAT-2
RAT-X-0753-C1-UYAR	RAT-X-0753	RAT-006	rationality		C1	2	0.5000	clear	literary		The warriors smiled that afternoon.	in_sentence	UYAR	வீரர்கள் நகைத்தார்கள்.	vīrarkaḷ nakaittārkaḷ.	[15, 21]	ார்கள்	குதிரைகள் நகைத்தன.	நகை	PL	False	True	False	public	NATIVE-CHECK-RAT-2
RAT-X-0753-C2-AHRI	RAT-X-0753	RAT-006	rationality		C2	2	0.5000	clear	literary	The monkeys left the compound at four o'clock.	They smiled that afternoon.	prior_sentence	AHRI	நகைத்தன.	nakaittaṉa.	[6, 7]	ன	நகைத்தார்கள்.	நகை	PL	False	True	False	public	NATIVE-CHECK-RAT-2
RAT-X-0753-C2-UYAR	RAT-X-0753	RAT-006	rationality		C2	2	0.5000	clear	literary	The teachers left the compound at four o'clock.	They smiled that afternoon.	prior_sentence	UYAR	நகைத்தார்கள்.	nakaittārkaḷ.	[6, 12]	ார்கள்	நகைத்தன.	நகை	PL	False	True	False	public	NATIVE-CHECK-RAT-2
RAT-X-0753-C3-070	RAT-X-0753	RAT-006	rationality		C3	2	0.5000	clear	literary	The main gate closed at four o'clock.	They smiled that afternoon.	absent				[]		நகைத்தார்கள்.|நகைத்தன.	நகை	PL	False	True	False	public	NATIVE-CHECK-RAT-2
RAT-X-0754-C1-AHRI	RAT-X-0754	RAT-006	rationality		C1	2	0.5000	clear	literary		The horses feared that afternoon.	in_sentence	AHRI	குதிரைகள் அஞ்சினன.	kutiraikaḷ añciṉaṉa.	[16, 17]	ன	வீரர்கள் அஞ்சினார்கள்.	அஞ்சு	PL	False	True	False	public	NATIVE-CHECK-RAT-2
RAT-X-0754-C1-UYAR	RAT-X-0754	RAT-006	rationality		C1	2	0.5000	clear	literary		The warriors feared that afternoon.	in_sentence	UYAR	வீரர்கள் அஞ்சினார்கள்.	vīrarkaḷ añciṉārkaḷ.	[15, 21]	ார்கள்	குதிரைகள் அஞ்சினன.	அஞ்சு	PL	False	True	False	public	NATIVE-CHECK-RAT-2
RAT-X-0754-C2-AHRI	RAT-X-0754	RAT-006	rationality		C2	2	0.5000	clear	literary	The cattle had been standing there all afternoon.	They feared that afternoon.	prior_sentence	AHRI	அஞ்சினன.	añciṉaṉa.	[6, 7]	ன	அஞ்சினார்கள்.	அஞ்சு	PL	False	True	False	public	NATIVE-CHECK-RAT-2
RAT-X-0754-C2-UYAR	RAT-X-0754	RAT-006	rationality		C2	2	0.5000	clear	literary	The soldiers had been standing there all afternoon.	They feared that afternoon.	prior_sentence	UYAR	அஞ்சினார்கள்.	añciṉārkaḷ.	[6, 12]	ார்கள்	அஞ்சினன.	அஞ்சு	PL	False	True	False	public	NATIVE-CHECK-RAT-2
RAT-X-0754-C3-071	RAT-X-0754	RAT-006	rationality		C3	2	0.5000	clear	literary	A heavy stillness had been settling there all afternoon.	They feared that afternoon.	absent				[]		அஞ்சினார்கள்.|அஞ்சினன.	அஞ்சு	PL	False	True	False	public	NATIVE-CHECK-RAT-2
RAT-X-0755-C1-AHRI	RAT-X-0755	RAT-006	rationality		C1	2	0.5000	clear	literary		The goats came that afternoon.	in_sentence	AHRI	ஆடுகள் வந்தன.	āṭukaḷ vantaṉa.	[11, 12]	ன	காவலர்கள் வந்தார்கள்.	வா	PL	False	True	False	public	NATIVE-CHECK-RAT-2
RAT-X-0755-C1-UYAR	RAT-X-0755	RAT-006	rationality		C1	2	0.5000	clear	literary		The guards came that afternoon.	in_sentence	UYAR	காவலர்கள் வந்தார்கள்.	kāvalarkaḷ vantārkaḷ.	[14, 20]	ார்கள்	ஆடுகள் வந்தன.	வா	PL	False	True	False	public	NATIVE-CHECK-RAT-2
RAT-X-0755-C2-AHRI	RAT-X-0755	RAT-006	rationality		C2	2	0.5000	clear	literary	The horses had gathered outside since dawn.	They came that afternoon.	prior_sentence	AHRI	வந்தன.	vantaṉa.	[4, 5]	ன	வந்தார்கள்.	வா	PL	False	True	False	public	NATIVE-CHECK-RAT-2
RAT-X-0755-C2-UYAR	RAT-X-0755	RAT-006	rationality		C2	2	0.5000	clear	literary	The students had gathered outside since dawn.	They came that afternoon.	prior_sentence	UYAR	வந்தார்கள்.	vantārkaḷ.	[4, 10]	ார்கள்	வந்தன.	வா	PL	False	True	False	public	NATIVE-CHECK-RAT-2
RAT-X-0755-C3-072	RAT-X-0755	RAT-006	rationality		C3	2	0.5000	clear	literary	The sky had been overcast since dawn.	They came that afternoon.	absent				[]		வந்தார்கள்.|வந்தன.	வா	PL	False	True	False	public	NATIVE-CHECK-RAT-2
RAT-X-0756-C1-AHRI	RAT-X-0756	RAT-006	rationality		C1	2	0.5000	clear	literary		The goats ran that afternoon.	in_sentence	AHRI	ஆடுகள் ஓடினன.	āṭukaḷ ōṭiṉaṉa.	[11, 12]	ன	காவலர்கள் ஓடினார்கள்.	ஓடு	PL	False	True	False	public	NATIVE-CHECK-RAT-2
RAT-X-0756-C1-UYAR	RAT-X-0756	RAT-006	rationality		C1	2	0.5000	clear	literary		The guards ran that afternoon.	in_sentence	UYAR	காவலர்கள் ஓடினார்கள்.	kāvalarkaḷ ōṭiṉārkaḷ.	[14, 20]	ார்கள்	ஆடுகள் ஓடினன.	ஓடு	PL	False	True	False	public	NATIVE-CHECK-RAT-2
RAT-X-0756-C2-AHRI	RAT-X-0756	RAT-006	rationality		C2	2	0.5000	clear	literary	A group of elephants waited near the bridge.	They ran that afternoon.	prior_sentence	AHRI	ஓடினன.	ōṭiṉaṉa.	[4, 5]	ன	ஓடினார்கள்.	ஓடு	PL	False	True	False	public	NATIVE-CHECK-RAT-2
RAT-X-0756-C2-UYAR	RAT-X-0756	RAT-006	rationality		C2	2	0.5000	clear	literary	A group of soldiers waited near the bridge.	They ran that afternoon.	prior_sentence	UYAR	ஓடினார்கள்.	ōṭiṉārkaḷ.	[4, 10]	ார்கள்	ஓடினன.	ஓடு	PL	False	True	False	public	NATIVE-CHECK-RAT-2
RAT-X-0756-C3-073	RAT-X-0756	RAT-006	rationality		C3	2	0.5000	clear	literary	A long queue had formed somewhere beyond the bridge.	They ran that afternoon.	absent				[]		ஓடினார்கள்.|ஓடினன.	ஓடு	PL	False	True	False	public	NATIVE-CHECK-RAT-2
RAT-X-0757-C1-AHRI	RAT-X-0757	RAT-006	rationality		C1	2	0.5000	clear	literary		The goats walked that afternoon.	in_sentence	AHRI	ஆடுகள் நடந்தன.	āṭukaḷ naṭantaṉa.	[12, 13]	ன	காவலர்கள் நடந்தார்கள்.	நட	PL	False	True	False	public	NATIVE-CHECK-RAT-2
RAT-X-0757-C1-UYAR	RAT-X-0757	RAT-006	rationality		C1	2	0.5000	clear	literary		The guards walked that afternoon.	in_sentence	UYAR	காவலர்கள் நடந்தார்கள்.	kāvalarkaḷ naṭantārkaḷ.	[15, 21]	ார்கள்	ஆடுகள் நடந்தன.	நட	PL	False	True	False	public	NATIVE-CHECK-RAT-2
RAT-X-0757-C2-AHRI	RAT-X-0757	RAT-006	rationality		C2	2	0.5000	clear	literary	The carts were expected before the ceremony.	They walked that afternoon.	prior_sentence	AHRI	நடந்தன.	naṭantaṉa.	[5, 6]	ன	நடந்தார்கள்.	நட	PL	False	True	False	public	NATIVE-CHECK-RAT-2
RAT-X-0757-C2-UYAR	RAT-X-0757	RAT-006	rationality		C2	2	0.5000	clear	literary	The doctors were expected before the ceremony.	They walked that afternoon.	prior_sentence	UYAR	நடந்தார்கள்.	naṭantārkaḷ.	[5, 11]	ார்கள்	நடந்தன.	நட	PL	False	True	False	public	NATIVE-CHECK-RAT-2
RAT-X-0757-C3-074	RAT-X-0757	RAT-006	rationality		C3	2	0.5000	clear	literary	The rain was expected after the ceremony.	They walked that afternoon.	absent				[]		நடந்தார்கள்.|நடந்தன.	நட	PL	False	True	False	public	NATIVE-CHECK-RAT-2
RAT-X-0758-C1-AHRI	RAT-X-0758	RAT-006	rationality		C1	2	0.5000	clear	literary		The goats played that afternoon.	in_sentence	AHRI	ஆடுகள் விளையாடினன.	āṭukaḷ viḷaiyāṭiṉaṉa.	[16, 17]	ன	காவலர்கள் விளையாடினார்கள்.	விளையாடு	PL	False	True	False	public	NATIVE-CHECK-RAT-2
RAT-X-0758-C1-UYAR	RAT-X-0758	RAT-006	rationality		C1	2	0.5000	clear	literary		The guards played that afternoon.	in_sentence	UYAR	காவலர்கள் விளையாடினார்கள்.	kāvalarkaḷ viḷaiyāṭiṉārkaḷ.	[19, 25]	ார்கள்	ஆடுகள் விளையாடினன.	விளையாடு	PL	False	True	False	public	NATIVE-CHECK-RAT-2
RAT-X-0758-C2-AHRI	RAT-X-0758	RAT-006	rationality		C2	2	0.5000	clear	literary	Several tigers had been sighted near the village.	They played that afternoon.	prior_sentence	AHRI	விளையாடினன.	viḷaiyāṭiṉaṉa.	[9, 10]	ன	விளையாடினார்கள்.	விளையாடு	PL	False	True	False	public	NATIVE-CHECK-RAT-2
RAT-X-0758-C2-UYAR	RAT-X-0758	RAT-006	rationality		C2	2	0.5000	clear	literary	Several officers had been posted to the village.	They played that afternoon.	prior_sentence	UYAR	விளையாடினார்கள்.	viḷaiyāṭiṉārkaḷ.	[9, 15]	ார்கள்	விளையாடினன.	விளையாடு	PL	False	True	False	public	NATIVE-CHECK-RAT-2
RAT-X-0758-C3-075	RAT-X-0758	RAT-006	rationality		C3	2	0.5000	clear	literary	Several power cuts had been reported across the village.	They played that afternoon.	absent				[]		விளையாடினார்கள்.|விளையாடினன.	விளையாடு	PL	False	True	False	public	NATIVE-CHECK-RAT-2
RAT-X-0759-C1-AHRI	RAT-X-0759	RAT-006	rationality		C1	2	0.5000	clear	literary		The goats cried that afternoon.	in_sentence	AHRI	ஆடுகள் அழுதன.	āṭukaḷ aḻutaṉa.	[11, 12]	ன	காவலர்கள் அழுதார்கள்.	அழு	PL	False	True	False	public	NATIVE-CHECK-RAT-2
RAT-X-0759-C1-UYAR	RAT-X-0759	RAT-006	rationality		C1	2	0.5000	clear	literary		The guards cried that afternoon.	in_sentence	UYAR	காவலர்கள் அழுதார்கள்.	kāvalarkaḷ aḻutārkaḷ.	[14, 20]	ார்கள்	ஆடுகள் அழுதன.	அழு	PL	False	True	False	public	NATIVE-CHECK-RAT-2
RAT-X-0759-C2-AHRI	RAT-X-0759	RAT-006	rationality		C2	2	0.5000	clear	literary	The monkeys left the compound at four o'clock.	They cried that afternoon.	prior_sentence	AHRI	அழுதன.	aḻutaṉa.	[4, 5]	ன	அழுதார்கள்.	அழு	PL	False	True	False	public	NATIVE-CHECK-RAT-2
RAT-X-0759-C2-UYAR	RAT-X-0759	RAT-006	rationality		C2	2	0.5000	clear	literary	The teachers left the compound at four o'clock.	They cried that afternoon.	prior_sentence	UYAR	அழுதார்கள்.	aḻutārkaḷ.	[4, 10]	ார்கள்	அழுதன.	அழு	PL	False	True	False	public	NATIVE-CHECK-RAT-2
RAT-X-0759-C3-076	RAT-X-0759	RAT-006	rationality		C3	2	0.5000	clear	literary	The main gate closed at four o'clock.	They cried that afternoon.	absent				[]		அழுதார்கள்.|அழுதன.	அழு	PL	False	True	False	public	NATIVE-CHECK-RAT-2
RAT-X-0760-C1-AHRI	RAT-X-0760	RAT-006	rationality		C1	2	0.5000	clear	literary		The goats laughed that afternoon.	in_sentence	AHRI	ஆடுகள் சிரித்தன.	āṭukaḷ cirittaṉa.	[14, 15]	ன	காவலர்கள் சிரித்தார்கள்.	சிரி	PL	False	True	False	public	NATIVE-CHECK-RAT-2
RAT-X-0760-C1-UYAR	RAT-X-0760	RAT-006	rationality		C1	2	0.5000	clear	literary		The guards laughed that afternoon.	in_sentence	UYAR	காவலர்கள் சிரித்தார்கள்.	kāvalarkaḷ cirittārkaḷ.	[17, 23]	ார்கள்	ஆடுகள் சிரித்தன.	சிரி	PL	False	True	False	public	NATIVE-CHECK-RAT-2
RAT-X-0760-C2-AHRI	RAT-X-0760	RAT-006	rationality		C2	2	0.5000	clear	literary	The cattle had been standing there all afternoon.	They laughed that afternoon.	prior_sentence	AHRI	சிரித்தன.	cirittaṉa.	[7, 8]	ன	சிரித்தார்கள்.	சிரி	PL	False	True	False	public	NATIVE-CHECK-RAT-2
RAT-X-0760-C2-UYAR	RAT-X-0760	RAT-006	rationality		C2	2	0.5000	clear	literary	The soldiers had been standing there all afternoon.	They laughed that afternoon.	prior_sentence	UYAR	சிரித்தார்கள்.	cirittārkaḷ.	[7, 13]	ார்கள்	சிரித்தன.	சிரி	PL	False	True	False	public	NATIVE-CHECK-RAT-2
RAT-X-0760-C3-077	RAT-X-0760	RAT-006	rationality		C3	2	0.5000	clear	literary	A heavy stillness had been settling there all afternoon.	They laughed that afternoon.	absent				[]		சிரித்தார்கள்.|சிரித்தன.	சிரி	PL	False	True	False	public	NATIVE-CHECK-RAT-2
RAT-X-0761-C1-AHRI	RAT-X-0761	RAT-007	rationality		C1	2	0.5000	clear	literary		The goats flew along the road.	in_sentence	AHRI	ஆடுகள் பறந்தன.	āṭukaḷ paṟantaṉa.	[12, 13]	ன	காவலர்கள் பறந்தார்கள்.	பற	PL	False	True	False	public	NATIVE-CHECK-RAT-2
RAT-X-0761-C1-UYAR	RAT-X-0761	RAT-007	rationality		C1	2	0.5000	clear	literary		The guards flew along the road.	in_sentence	UYAR	காவலர்கள் பறந்தார்கள்.	kāvalarkaḷ paṟantārkaḷ.	[15, 21]	ார்கள்	ஆடுகள் பறந்தன.	பற	PL	False	True	False	public	NATIVE-CHECK-RAT-2
RAT-X-0761-C2-AHRI	RAT-X-0761	RAT-007	rationality		C2	2	0.5000	clear	literary	The horses had gathered outside since dawn.	They flew along the road.	prior_sentence	AHRI	பறந்தன.	paṟantaṉa.	[5, 6]	ன	பறந்தார்கள்.	பற	PL	False	True	False	public	NATIVE-CHECK-RAT-2
RAT-X-0761-C2-UYAR	RAT-X-0761	RAT-007	rationality		C2	2	0.5000	clear	literary	The students had gathered outside since dawn.	They flew along the road.	prior_sentence	UYAR	பறந்தார்கள்.	paṟantārkaḷ.	[5, 11]	ார்கள்	பறந்தன.	பற	PL	False	True	False	public	NATIVE-CHECK-RAT-2
RAT-X-0761-C3-078	RAT-X-0761	RAT-007	rationality		C3	2	0.5000	clear	literary	The sky had been overcast since dawn.	They flew along the road.	absent				[]		பறந்தார்கள்.|பறந்தன.	பற	PL	False	True	False	public	NATIVE-CHECK-RAT-2
RAT-X-0762-C1-AHRI	RAT-X-0762	RAT-007	rationality		C1	2	0.5000	clear	literary		The goats swam along the road.	in_sentence	AHRI	ஆடுகள் நீந்தினன.	āṭukaḷ nīntiṉaṉa.	[14, 15]	ன	காவலர்கள் நீந்தினார்கள்.	நீந்து	PL	False	True	False	public	NATIVE-CHECK-RAT-2
RAT-X-0762-C1-UYAR	RAT-X-0762	RAT-007	rationality		C1	2	0.5000	clear	literary		The guards swam along the road.	in_sentence	UYAR	காவலர்கள் நீந்தினார்கள்.	kāvalarkaḷ nīntiṉārkaḷ.	[17, 23]	ார்கள்	ஆடுகள் நீந்தினன.	நீந்து	PL	False	True	False	public	NATIVE-CHECK-RAT-2
RAT-X-0762-C2-AHRI	RAT-X-0762	RAT-007	rationality		C2	2	0.5000	clear	literary	A group of elephants waited near the bridge.	They swam along the road.	prior_sentence	AHRI	நீந்தினன.	nīntiṉaṉa.	[7, 8]	ன	நீந்தினார்கள்.	நீந்து	PL	False	True	False	public	NATIVE-CHECK-RAT-2
RAT-X-0762-C2-UYAR	RAT-X-0762	RAT-007	rationality		C2	2	0.5000	clear	literary	A group of soldiers waited near the bridge.	They swam along the road.	prior_sentence	UYAR	நீந்தினார்கள்.	nīntiṉārkaḷ.	[7, 13]	ார்கள்	நீந்தினன.	நீந்து	PL	False	True	False	public	NATIVE-CHECK-RAT-2
RAT-X-0762-C3-079	RAT-X-0762	RAT-007	rationality		C3	2	0.5000	clear	literary	A long queue had formed somewhere beyond the bridge.	They swam along the road.	absent				[]		நீந்தினார்கள்.|நீந்தினன.	நீந்து	PL	False	True	False	public	NATIVE-CHECK-RAT-2
RAT-X-0763-C1-AHRI	RAT-X-0763	RAT-007	rationality		C1	2	0.5000	clear	literary		The goats spoke along the road.	in_sentence	AHRI	ஆடுகள் பேசினன.	āṭukaḷ pēciṉaṉa.	[12, 13]	ன	காவலர்கள் பேசினார்கள்.	பேசு	PL	False	True	False	public	NATIVE-CHECK-RAT-2
RAT-X-0763-C1-UYAR	RAT-X-0763	RAT-007	rationality		C1	2	0.5000	clear	literary		The guards spoke along the road.	in_sentence	UYAR	காவலர்கள் பேசினார்கள்.	kāvalarkaḷ pēciṉārkaḷ.	[15, 21]	ார்கள்	ஆடுகள் பேசினன.	பேசு	PL	False	True	False	public	NATIVE-CHECK-RAT-2
RAT-X-0763-C2-AHRI	RAT-X-0763	RAT-007	rationality		C2	2	0.5000	clear	literary	The carts were expected before the ceremony.	They spoke along the road.	prior_sentence	AHRI	பேசினன.	pēciṉaṉa.	[5, 6]	ன	பேசினார்கள்.	பேசு	PL	False	True	False	public	NATIVE-CHECK-RAT-2
RAT-X-0763-C2-UYAR	RAT-X-0763	RAT-007	rationality		C2	2	0.5000	clear	literary	The doctors were expected before the ceremony.	They spoke along the road.	prior_sentence	UYAR	பேசினார்கள்.	pēciṉārkaḷ.	[5, 11]	ார்கள்	பேசினன.	பேசு	PL	False	True	False	public	NATIVE-CHECK-RAT-2
RAT-X-0763-C3-080	RAT-X-0763	RAT-007	rationality		C3	2	0.5000	clear	literary	The rain was expected after the ceremony.	They spoke along the road.	absent				[]		பேசினார்கள்.|பேசினன.	பேசு	PL	False	True	False	public	NATIVE-CHECK-RAT-2
RAT-X-0764-C1-AHRI	RAT-X-0764	RAT-007	rationality		C1	2	0.5000	clear	literary		The goats rose along the road.	in_sentence	AHRI	ஆடுகள் எழுந்தன.	āṭukaḷ eḻuntaṉa.	[13, 14]	ன	காவலர்கள் எழுந்தார்கள்.	எழு	PL	False	True	False	public	NATIVE-CHECK-RAT-2
RAT-X-0764-C1-UYAR	RAT-X-0764	RAT-007	rationality		C1	2	0.5000	clear	literary		The guards rose along the road.	in_sentence	UYAR	காவலர்கள் எழுந்தார்கள்.	kāvalarkaḷ eḻuntārkaḷ.	[16, 22]	ார்கள்	ஆடுகள் எழுந்தன.	எழு	PL	False	True	False	public	NATIVE-CHECK-RAT-2
RAT-X-0764-C2-AHRI	RAT-X-0764	RAT-007	rationality		C2	2	0.5000	clear	literary	Several tigers had been sighted near the village.	They rose along the road.	prior_sentence	AHRI	எழுந்தன.	eḻuntaṉa.	[6, 7]	ன	எழுந்தார்கள்.	எழு	PL	False	True	False	public	NATIVE-CHECK-RAT-2
RAT-X-0764-C2-UYAR	RAT-X-0764	RAT-007	rationality		C2	2	0.5000	clear	literary	Several officers had been posted to the village.	They rose along the road.	prior_sentence	UYAR	எழுந்தார்கள்.	eḻuntārkaḷ.	[6, 12]	ார்கள்	எழுந்தன.	எழு	PL	False	True	False	public	NATIVE-CHECK-RAT-2
RAT-X-0764-C3-081	RAT-X-0764	RAT-007	rationality		C3	2	0.5000	clear	literary	Several power cuts had been reported across the village.	They rose along the road.	absent				[]		எழுந்தார்கள்.|எழுந்தன.	எழு	PL	False	True	False	public	NATIVE-CHECK-RAT-2
RAT-X-0765-C1-AHRI	RAT-X-0765	RAT-007	rationality		C1	2	0.5000	clear	literary		The goats sat along the road.	in_sentence	AHRI	ஆடுகள் உட்கார்ந்தன.	āṭukaḷ uṭkārntaṉa.	[17, 18]	ன	காவலர்கள் உட்கார்ந்தார்கள்.	உட்கார்	PL	False	True	False	public	NATIVE-CHECK-RAT-2
RAT-X-0765-C1-UYAR	RAT-X-0765	RAT-007	rationality		C1	2	0.5000	clear	literary		The guards sat along the road.	in_sentence	UYAR	காவலர்கள் உட்கார்ந்தார்கள்.	kāvalarkaḷ uṭkārntārkaḷ.	[20, 26]	ார்கள்	ஆடுகள் உட்கார்ந்தன.	உட்கார்	PL	False	True	False	public	NATIVE-CHECK-RAT-2
RAT-X-0765-C2-AHRI	RAT-X-0765	RAT-007	rationality		C2	2	0.5000	clear	literary	The monkeys left the compound at four o'clock.	They sat along the road.	prior_sentence	AHRI	உட்கார்ந்தன.	uṭkārntaṉa.	[10, 11]	ன	உட்கார்ந்தார்கள்.	உட்கார்	PL	False	True	False	public	NATIVE-CHECK-RAT-2
RAT-X-0765-C2-UYAR	RAT-X-0765	RAT-007	rationality		C2	2	0.5000	clear	literary	The teachers left the compound at four o'clock.	They sat along the road.	prior_sentence	UYAR	உட்கார்ந்தார்கள்.	uṭkārntārkaḷ.	[10, 16]	ார்கள்	உட்கார்ந்தன.	உட்கார்	PL	False	True	False	public	NATIVE-CHECK-RAT-2
RAT-X-0765-C3-082	RAT-X-0765	RAT-007	rationality		C3	2	0.5000	clear	literary	The main gate closed at four o'clock.	They sat along the road.	absent				[]		உட்கார்ந்தார்கள்.|உட்கார்ந்தன.	உட்கார்	PL	False	True	False	public	NATIVE-CHECK-RAT-2
RAT-X-0766-C1-AHRI	RAT-X-0766	RAT-007	rationality		C1	2	0.5000	clear	literary		The goats climbed along the road.	in_sentence	AHRI	ஆடுகள் ஏறினன.	āṭukaḷ ēṟiṉaṉa.	[11, 12]	ன	காவலர்கள் ஏறினார்கள்.	ஏறு	PL	False	True	False	public	NATIVE-CHECK-RAT-2
RAT-X-0766-C1-UYAR	RAT-X-0766	RAT-007	rationality		C1	2	0.5000	clear	literary		The guards climbed along the road.	in_sentence	UYAR	காவலர்கள் ஏறினார்கள்.	kāvalarkaḷ ēṟiṉārkaḷ.	[14, 20]	ார்கள்	ஆடுகள் ஏறினன.	ஏறு	PL	False	True	False	public	NATIVE-CHECK-RAT-2
RAT-X-0766-C2-AHRI	RAT-X-0766	RAT-007	rationality		C2	2	0.5000	clear	literary	The cattle had been standing there all afternoon.	They climbed along the road.	prior_sentence	AHRI	ஏறினன.	ēṟiṉaṉa.	[4, 5]	ன	ஏறினார்கள்.	ஏறு	PL	False	True	False	public	NATIVE-CHECK-RAT-2
RAT-X-0766-C2-UYAR	RAT-X-0766	RAT-007	rationality		C2	2	0.5000	clear	literary	The soldiers had been standing there all afternoon.	They climbed along the road.	prior_sentence	UYAR	ஏறினார்கள்.	ēṟiṉārkaḷ.	[4, 10]	ார்கள்	ஏறினன.	ஏறு	PL	False	True	False	public	NATIVE-CHECK-RAT-2
RAT-X-0766-C3-083	RAT-X-0766	RAT-007	rationality		C3	2	0.5000	clear	literary	A heavy stillness had been settling there all afternoon.	They climbed along the road.	absent				[]		ஏறினார்கள்.|ஏறினன.	ஏறு	PL	False	True	False	public	NATIVE-CHECK-RAT-2
RAT-X-0767-C1-AHRI	RAT-X-0767	RAT-007	rationality		C1	2	0.5000	clear	literary		The goats descended along the road.	in_sentence	AHRI	ஆடுகள் இறங்கினன.	āṭukaḷ iṟaṅkiṉaṉa.	[14, 15]	ன	காவலர்கள் இறங்கினார்கள்.	இறங்கு	PL	False	True	False	public	NATIVE-CHECK-RAT-2
RAT-X-0767-C1-UYAR	RAT-X-0767	RAT-007	rationality		C1	2	0.5000	clear	literary		The guards descended along the road.	in_sentence	UYAR	காவலர்கள் இறங்கினார்கள்.	kāvalarkaḷ iṟaṅkiṉārkaḷ.	[17, 23]	ார்கள்	ஆடுகள் இறங்கினன.	இறங்கு	PL	False	True	False	public	NATIVE-CHECK-RAT-2
RAT-X-0767-C2-AHRI	RAT-X-0767	RAT-007	rationality		C2	2	0.5000	clear	literary	The horses had gathered outside since dawn.	They descended along the road.	prior_sentence	AHRI	இறங்கினன.	iṟaṅkiṉaṉa.	[7, 8]	ன	இறங்கினார்கள்.	இறங்கு	PL	False	True	False	public	NATIVE-CHECK-RAT-2
RAT-X-0767-C2-UYAR	RAT-X-0767	RAT-007	rationality		C2	2	0.5000	clear	literary	The students had gathered outside since dawn.	They descended along the road.	prior_sentence	UYAR	இறங்கினார்கள்.	iṟaṅkiṉārkaḷ.	[7, 13]	ார்கள்	இறங்கினன.	இறங்கு	PL	False	True	False	public	NATIVE-CHECK-RAT-2
RAT-X-0767-C3-084	RAT-X-0767	RAT-007	rationality		C3	2	0.5000	clear	literary	The sky had been overcast since dawn.	They descended along the road.	absent				[]		இறங்கினார்கள்.|இறங்கினன.	இறங்கு	PL	False	True	False	public	NATIVE-CHECK-RAT-2
RAT-X-0768-C1-AHRI	RAT-X-0768	RAT-007	rationality		C1	2	0.5000	clear	literary		The goats went along the road.	in_sentence	AHRI	ஆடுகள் சென்றன.	āṭukaḷ ceṉṟaṉa.	[12, 13]	ன	காவலர்கள் சென்றார்கள்.	செல்	PL	False	True	False	public	NATIVE-CHECK-RAT-2
RAT-X-0768-C1-UYAR	RAT-X-0768	RAT-007	rationality		C1	2	0.5000	clear	literary		The guards went along the road.	in_sentence	UYAR	காவலர்கள் சென்றார்கள்.	kāvalarkaḷ ceṉṟārkaḷ.	[15, 21]	ார்கள்	ஆடுகள் சென்றன.	செல்	PL	False	True	False	public	NATIVE-CHECK-RAT-2
RAT-X-0768-C2-AHRI	RAT-X-0768	RAT-007	rationality		C2	2	0.5000	clear	literary	A group of elephants waited near the bridge.	They went along the road.	prior_sentence	AHRI	சென்றன.	ceṉṟaṉa.	[5, 6]	ன	சென்றார்கள்.	செல்	PL	False	True	False	public	NATIVE-CHECK-RAT-2
RAT-X-0768-C2-UYAR	RAT-X-0768	RAT-007	rationality		C2	2	0.5000	clear	literary	A group of soldiers waited near the bridge.	They went along the road.	prior_sentence	UYAR	சென்றார்கள்.	ceṉṟārkaḷ.	[5, 11]	ார்கள்	சென்றன.	செல்	PL	False	True	False	public	NATIVE-CHECK-RAT-2
RAT-X-0768-C3-085	RAT-X-0768	RAT-007	rationality		C3	2	0.5000	clear	literary	A long queue had formed somewhere beyond the bridge.	They went along the road.	absent				[]		சென்றார்கள்.|சென்றன.	செல்	PL	False	True	False	public	NATIVE-CHECK-RAT-2
RAT-X-0769-C1-AHRI	RAT-X-0769	RAT-007	rationality		C1	2	0.5000	clear	literary		The goats moved along the road.	in_sentence	AHRI	ஆடுகள் நகர்ந்தன.	āṭukaḷ nakarntaṉa.	[14, 15]	ன	காவலர்கள் நகர்ந்தார்கள்.	நகர்	PL	False	True	False	public	NATIVE-CHECK-RAT-2
RAT-X-0769-C1-UYAR	RAT-X-0769	RAT-007	rationality		C1	2	0.5000	clear	literary		The guards moved along the road.	in_sentence	UYAR	காவலர்கள் நகர்ந்தார்கள்.	kāvalarkaḷ nakarntārkaḷ.	[17, 23]	ார்கள்	ஆடுகள் நகர்ந்தன.	நகர்	PL	False	True	False	public	NATIVE-CHECK-RAT-2
RAT-X-0769-C2-AHRI	RAT-X-0769	RAT-007	rationality		C2	2	0.5000	clear	literary	The carts were expected before the ceremony.	They moved along the road.	prior_sentence	AHRI	நகர்ந்தன.	nakarntaṉa.	[7, 8]	ன	நகர்ந்தார்கள்.	நகர்	PL	False	True	False	public	NATIVE-CHECK-RAT-2
RAT-X-0769-C2-UYAR	RAT-X-0769	RAT-007	rationality		C2	2	0.5000	clear	literary	The doctors were expected before the ceremony.	They moved along the road.	prior_sentence	UYAR	நகர்ந்தார்கள்.	nakarntārkaḷ.	[7, 13]	ார்கள்	நகர்ந்தன.	நகர்	PL	False	True	False	public	NATIVE-CHECK-RAT-2
RAT-X-0769-C3-086	RAT-X-0769	RAT-007	rationality		C3	2	0.5000	clear	literary	The rain was expected after the ceremony.	They moved along the road.	absent				[]		நகர்ந்தார்கள்.|நகர்ந்தன.	நகர்	PL	False	True	False	public	NATIVE-CHECK-RAT-2
RAT-X-0770-C1-AHRI	RAT-X-0770	RAT-007	rationality		C1	2	0.5000	clear	literary		The goats jumped along the road.	in_sentence	AHRI	ஆடுகள் குதித்தன.	āṭukaḷ kutittaṉa.	[14, 15]	ன	காவலர்கள் குதித்தார்கள்.	குதி	PL	False	True	False	public	NATIVE-CHECK-RAT-2
RAT-X-0770-C1-UYAR	RAT-X-0770	RAT-007	rationality		C1	2	0.5000	clear	literary		The guards jumped along the road.	in_sentence	UYAR	காவலர்கள் குதித்தார்கள்.	kāvalarkaḷ kutittārkaḷ.	[17, 23]	ார்கள்	ஆடுகள் குதித்தன.	குதி	PL	False	True	False	public	NATIVE-CHECK-RAT-2
RAT-X-0770-C2-AHRI	RAT-X-0770	RAT-007	rationality		C2	2	0.5000	clear	literary	Several tigers had been sighted near the village.	They jumped along the road.	prior_sentence	AHRI	குதித்தன.	kutittaṉa.	[7, 8]	ன	குதித்தார்கள்.	குதி	PL	False	True	False	public	NATIVE-CHECK-RAT-2
RAT-X-0770-C2-UYAR	RAT-X-0770	RAT-007	rationality		C2	2	0.5000	clear	literary	Several officers had been posted to the village.	They jumped along the road.	prior_sentence	UYAR	குதித்தார்கள்.	kutittārkaḷ.	[7, 13]	ார்கள்	குதித்தன.	குதி	PL	False	True	False	public	NATIVE-CHECK-RAT-2
RAT-X-0770-C3-087	RAT-X-0770	RAT-007	rationality		C3	2	0.5000	clear	literary	Several power cuts had been reported across the village.	They jumped along the road.	absent				[]		குதித்தார்கள்.|குதித்தன.	குதி	PL	False	True	False	public	NATIVE-CHECK-RAT-2
RAT-X-0771-C1-AHRI	RAT-X-0771	RAT-007	rationality		C1	2	0.5000	clear	literary		The goats smiled along the road.	in_sentence	AHRI	ஆடுகள் நகைத்தன.	āṭukaḷ nakaittaṉa.	[13, 14]	ன	காவலர்கள் நகைத்தார்கள்.	நகை	PL	False	True	False	public	NATIVE-CHECK-RAT-2
RAT-X-0771-C1-UYAR	RAT-X-0771	RAT-007	rationality		C1	2	0.5000	clear	literary		The guards smiled along the road.	in_sentence	UYAR	காவலர்கள் நகைத்தார்கள்.	kāvalarkaḷ nakaittārkaḷ.	[16, 22]	ார்கள்	ஆடுகள் நகைத்தன.	நகை	PL	False	True	False	public	NATIVE-CHECK-RAT-2
RAT-X-0771-C2-AHRI	RAT-X-0771	RAT-007	rationality		C2	2	0.5000	clear	literary	The monkeys left the compound at four o'clock.	They smiled along the road.	prior_sentence	AHRI	நகைத்தன.	nakaittaṉa.	[6, 7]	ன	நகைத்தார்கள்.	நகை	PL	False	True	False	public	NATIVE-CHECK-RAT-2
RAT-X-0771-C2-UYAR	RAT-X-0771	RAT-007	rationality		C2	2	0.5000	clear	literary	The teachers left the compound at four o'clock.	They smiled along the road.	prior_sentence	UYAR	நகைத்தார்கள்.	nakaittārkaḷ.	[6, 12]	ார்கள்	நகைத்தன.	நகை	PL	False	True	False	public	NATIVE-CHECK-RAT-2
RAT-X-0771-C3-088	RAT-X-0771	RAT-007	rationality		C3	2	0.5000	clear	literary	The main gate closed at four o'clock.	They smiled along the road.	absent				[]		நகைத்தார்கள்.|நகைத்தன.	நகை	PL	False	True	False	public	NATIVE-CHECK-RAT-2
RAT-X-0772-C1-AHRI	RAT-X-0772	RAT-007	rationality		C1	2	0.5000	clear	literary		The goats feared along the road.	in_sentence	AHRI	ஆடுகள் அஞ்சினன.	āṭukaḷ añciṉaṉa.	[13, 14]	ன	காவலர்கள் அஞ்சினார்கள்.	அஞ்சு	PL	False	True	False	public	NATIVE-CHECK-RAT-2
RAT-X-0772-C1-UYAR	RAT-X-0772	RAT-007	rationality		C1	2	0.5000	clear	literary		The guards feared along the road.	in_sentence	UYAR	காவலர்கள் அஞ்சினார்கள்.	kāvalarkaḷ añciṉārkaḷ.	[16, 22]	ார்கள்	ஆடுகள் அஞ்சினன.	அஞ்சு	PL	False	True	False	public	NATIVE-CHECK-RAT-2
RAT-X-0772-C2-AHRI	RAT-X-0772	RAT-007	rationality		C2	2	0.5000	clear	literary	The cattle had been standing there all afternoon.	They feared along the road.	prior_sentence	AHRI	அஞ்சினன.	añciṉaṉa.	[6, 7]	ன	அஞ்சினார்கள்.	அஞ்சு	PL	False	True	False	public	NATIVE-CHECK-RAT-2
RAT-X-0772-C2-UYAR	RAT-X-0772	RAT-007	rationality		C2	2	0.5000	clear	literary	The soldiers had been standing there all afternoon.	They feared along the road.	prior_sentence	UYAR	அஞ்சினார்கள்.	añciṉārkaḷ.	[6, 12]	ார்கள்	அஞ்சினன.	அஞ்சு	PL	False	True	False	public	NATIVE-CHECK-RAT-2
RAT-X-0772-C3-089	RAT-X-0772	RAT-007	rationality		C3	2	0.5000	clear	literary	A heavy stillness had been settling there all afternoon.	They feared along the road.	absent				[]		அஞ்சினார்கள்.|அஞ்சினன.	அஞ்சு	PL	False	True	False	public	NATIVE-CHECK-RAT-2
RAT-X-0785-C1-AHRI	RAT-X-0785	RAT-009	rationality		C1	2	0.5000	clear	literary		The elephants descended soon after that.	in_sentence	AHRI	யானைகள் இறங்கினன.	yāṉaikaḷ iṟaṅkiṉaṉa.	[15, 16]	ன	குமரர்கள் இறங்கினார்கள்.	இறங்கு	PL	False	True	False	public	NATIVE-CHECK-RAT-2
RAT-X-0785-C1-UYAR	RAT-X-0785	RAT-009	rationality		C1	2	0.5000	clear	literary		The youths descended soon after that.	in_sentence	UYAR	குமரர்கள் இறங்கினார்கள்.	kumararkaḷ iṟaṅkiṉārkaḷ.	[17, 23]	ார்கள்	யானைகள் இறங்கினன.	இறங்கு	PL	False	True	False	public	NATIVE-CHECK-RAT-2
RAT-X-0785-C2-AHRI	RAT-X-0785	RAT-009	rationality		C2	2	0.5000	clear	literary	The horses had gathered outside since dawn.	They descended soon after that.	prior_sentence	AHRI	இறங்கினன.	iṟaṅkiṉaṉa.	[7, 8]	ன	இறங்கினார்கள்.	இறங்கு	PL	False	True	False	public	NATIVE-CHECK-RAT-2
RAT-X-0785-C2-UYAR	RAT-X-0785	RAT-009	rationality		C2	2	0.5000	clear	literary	The students had gathered outside since dawn.	They descended soon after that.	prior_sentence	UYAR	இறங்கினார்கள்.	iṟaṅkiṉārkaḷ.	[7, 13]	ார்கள்	இறங்கினன.	இறங்கு	PL	False	True	False	public	NATIVE-CHECK-RAT-2
RAT-X-0785-C3-102	RAT-X-0785	RAT-009	rationality		C3	2	0.5000	clear	literary	The sky had been overcast since dawn.	They descended soon after that.	absent				[]		இறங்கினார்கள்.|இறங்கினன.	இறங்கு	PL	False	True	False	public	NATIVE-CHECK-RAT-2
RAT-X-0786-C1-AHRI	RAT-X-0786	RAT-009	rationality		C1	2	0.5000	clear	literary		The elephants went soon after that.	in_sentence	AHRI	யானைகள் சென்றன.	yāṉaikaḷ ceṉṟaṉa.	[13, 14]	ன	குமரர்கள் சென்றார்கள்.	செல்	PL	False	True	False	public	NATIVE-CHECK-RAT-2
RAT-X-0786-C1-UYAR	RAT-X-0786	RAT-009	rationality		C1	2	0.5000	clear	literary		The youths went soon after that.	in_sentence	UYAR	குமரர்கள் சென்றார்கள்.	kumararkaḷ ceṉṟārkaḷ.	[15, 21]	ார்கள்	யானைகள் சென்றன.	செல்	PL	False	True	False	public	NATIVE-CHECK-RAT-2
RAT-X-0786-C2-AHRI	RAT-X-0786	RAT-009	rationality		C2	2	0.5000	clear	literary	A group of elephants waited near the bridge.	They went soon after that.	prior_sentence	AHRI	சென்றன.	ceṉṟaṉa.	[5, 6]	ன	சென்றார்கள்.	செல்	PL	False	True	False	public	NATIVE-CHECK-RAT-2
RAT-X-0786-C2-UYAR	RAT-X-0786	RAT-009	rationality		C2	2	0.5000	clear	literary	A group of soldiers waited near the bridge.	They went soon after that.	prior_sentence	UYAR	சென்றார்கள்.	ceṉṟārkaḷ.	[5, 11]	ார்கள்	சென்றன.	செல்	PL	False	True	False	public	NATIVE-CHECK-RAT-2
RAT-X-0786-C3-103	RAT-X-0786	RAT-009	rationality		C3	2	0.5000	clear	literary	A long queue had formed somewhere beyond the bridge.	They went soon after that.	absent				[]		சென்றார்கள்.|சென்றன.	செல்	PL	False	True	False	public	NATIVE-CHECK-RAT-2
RAT-X-0787-C1-AHRI	RAT-X-0787	RAT-009	rationality		C1	2	0.5000	clear	literary		The elephants moved soon after that.	in_sentence	AHRI	யானைகள் நகர்ந்தன.	yāṉaikaḷ nakarntaṉa.	[15, 16]	ன	குமரர்கள் நகர்ந்தார்கள்.	நகர்	PL	False	True	False	public	NATIVE-CHECK-RAT-2
RAT-X-0787-C1-UYAR	RAT-X-0787	RAT-009	rationality		C1	2	0.5000	clear	literary		The youths moved soon after that.	in_sentence	UYAR	குமரர்கள் நகர்ந்தார்கள்.	kumararkaḷ nakarntārkaḷ.	[17, 23]	ார்கள்	யானைகள் நகர்ந்தன.	நகர்	PL	False	True	False	public	NATIVE-CHECK-RAT-2
RAT-X-0787-C2-AHRI	RAT-X-0787	RAT-009	rationality		C2	2	0.5000	clear	literary	The carts were expected before the ceremony.	They moved soon after that.	prior_sentence	AHRI	நகர்ந்தன.	nakarntaṉa.	[7, 8]	ன	நகர்ந்தார்கள்.	நகர்	PL	False	True	False	public	NATIVE-CHECK-RAT-2
RAT-X-0787-C2-UYAR	RAT-X-0787	RAT-009	rationality		C2	2	0.5000	clear	literary	The doctors were expected before the ceremony.	They moved soon after that.	prior_sentence	UYAR	நகர்ந்தார்கள்.	nakarntārkaḷ.	[7, 13]	ார்கள்	நகர்ந்தன.	நகர்	PL	False	True	False	public	NATIVE-CHECK-RAT-2
RAT-X-0787-C3-104	RAT-X-0787	RAT-009	rationality		C3	2	0.5000	clear	literary	The rain was expected after the ceremony.	They moved soon after that.	absent				[]		நகர்ந்தார்கள்.|நகர்ந்தன.	நகர்	PL	False	True	False	public	NATIVE-CHECK-RAT-2
RAT-X-0788-C1-AHRI	RAT-X-0788	RAT-009	rationality		C1	2	0.5000	clear	literary		The elephants jumped soon after that.	in_sentence	AHRI	யானைகள் குதித்தன.	yāṉaikaḷ kutittaṉa.	[15, 16]	ன	குமரர்கள் குதித்தார்கள்.	குதி	PL	False	True	False	public	NATIVE-CHECK-RAT-2
RAT-X-0788-C1-UYAR	RAT-X-0788	RAT-009	rationality		C1	2	0.5000	clear	literary		The youths jumped soon after that.	in_sentence	UYAR	குமரர்கள் குதித்தார்கள்.	kumararkaḷ kutittārkaḷ.	[17, 23]	ார்கள்	யானைகள் குதித்தன.	குதி	PL	False	True	False	public	NATIVE-CHECK-RAT-2
RAT-X-0788-C2-AHRI	RAT-X-0788	RAT-009	rationality		C2	2	0.5000	clear	literary	Several tigers had been sighted near the village.	They jumped soon after that.	prior_sentence	AHRI	குதித்தன.	kutittaṉa.	[7, 8]	ன	குதித்தார்கள்.	குதி	PL	False	True	False	public	NATIVE-CHECK-RAT-2
RAT-X-0788-C2-UYAR	RAT-X-0788	RAT-009	rationality		C2	2	0.5000	clear	literary	Several officers had been posted to the village.	They jumped soon after that.	prior_sentence	UYAR	குதித்தார்கள்.	kutittārkaḷ.	[7, 13]	ார்கள்	குதித்தன.	குதி	PL	False	True	False	public	NATIVE-CHECK-RAT-2
RAT-X-0788-C3-105	RAT-X-0788	RAT-009	rationality		C3	2	0.5000	clear	literary	Several power cuts had been reported across the village.	They jumped soon after that.	absent				[]		குதித்தார்கள்.|குதித்தன.	குதி	PL	False	True	False	public	NATIVE-CHECK-RAT-2
RAT-X-0789-C1-AHRI	RAT-X-0789	RAT-009	rationality		C1	2	0.5000	clear	literary		The elephants smiled soon after that.	in_sentence	AHRI	யானைகள் நகைத்தன.	yāṉaikaḷ nakaittaṉa.	[14, 15]	ன	குமரர்கள் நகைத்தார்கள்.	நகை	PL	False	True	False	public	NATIVE-CHECK-RAT-2
RAT-X-0789-C1-UYAR	RAT-X-0789	RAT-009	rationality		C1	2	0.5000	clear	literary		The youths smiled soon after that.	in_sentence	UYAR	குமரர்கள் நகைத்தார்கள்.	kumararkaḷ nakaittārkaḷ.	[16, 22]	ார்கள்	யானைகள் நகைத்தன.	நகை	PL	False	True	False	public	NATIVE-CHECK-RAT-2
RAT-X-0789-C2-AHRI	RAT-X-0789	RAT-009	rationality		C2	2	0.5000	clear	literary	The monkeys left the compound at four o'clock.	They smiled soon after that.	prior_sentence	AHRI	நகைத்தன.	nakaittaṉa.	[6, 7]	ன	நகைத்தார்கள்.	நகை	PL	False	True	False	public	NATIVE-CHECK-RAT-2
RAT-X-0789-C2-UYAR	RAT-X-0789	RAT-009	rationality		C2	2	0.5000	clear	literary	The teachers left the compound at four o'clock.	They smiled soon after that.	prior_sentence	UYAR	நகைத்தார்கள்.	nakaittārkaḷ.	[6, 12]	ார்கள்	நகைத்தன.	நகை	PL	False	True	False	public	NATIVE-CHECK-RAT-2
RAT-X-0789-C3-106	RAT-X-0789	RAT-009	rationality		C3	2	0.5000	clear	literary	The main gate closed at four o'clock.	They smiled soon after that.	absent				[]		நகைத்தார்கள்.|நகைத்தன.	நகை	PL	False	True	False	public	NATIVE-CHECK-RAT-2
RAT-X-0790-C1-AHRI	RAT-X-0790	RAT-009	rationality		C1	2	0.5000	clear	literary		The elephants feared soon after that.	in_sentence	AHRI	யானைகள் அஞ்சினன.	yāṉaikaḷ añciṉaṉa.	[14, 15]	ன	குமரர்கள் அஞ்சினார்கள்.	அஞ்சு	PL	False	True	False	public	NATIVE-CHECK-RAT-2
RAT-X-0790-C1-UYAR	RAT-X-0790	RAT-009	rationality		C1	2	0.5000	clear	literary		The youths feared soon after that.	in_sentence	UYAR	குமரர்கள் அஞ்சினார்கள்.	kumararkaḷ añciṉārkaḷ.	[16, 22]	ார்கள்	யானைகள் அஞ்சினன.	அஞ்சு	PL	False	True	False	public	NATIVE-CHECK-RAT-2
RAT-X-0790-C2-AHRI	RAT-X-0790	RAT-009	rationality		C2	2	0.5000	clear	literary	The cattle had been standing there all afternoon.	They feared soon after that.	prior_sentence	AHRI	அஞ்சினன.	añciṉaṉa.	[6, 7]	ன	அஞ்சினார்கள்.	அஞ்சு	PL	False	True	False	public	NATIVE-CHECK-RAT-2
RAT-X-0790-C2-UYAR	RAT-X-0790	RAT-009	rationality		C2	2	0.5000	clear	literary	The soldiers had been standing there all afternoon.	They feared soon after that.	prior_sentence	UYAR	அஞ்சினார்கள்.	añciṉārkaḷ.	[6, 12]	ார்கள்	அஞ்சினன.	அஞ்சு	PL	False	True	False	public	NATIVE-CHECK-RAT-2
RAT-X-0790-C3-107	RAT-X-0790	RAT-009	rationality		C3	2	0.5000	clear	literary	A heavy stillness had been settling there all afternoon.	They feared soon after that.	absent				[]		அஞ்சினார்கள்.|அஞ்சினன.	அஞ்சு	PL	False	True	False	public	NATIVE-CHECK-RAT-2
RAT-X-0791-C1-AHRI	RAT-X-0791	RAT-009	rationality		C1	2	0.5000	clear	literary		The crows came soon after that.	in_sentence	AHRI	காகங்கள் வந்தன.	kākaṅkaḷ vantaṉa.	[13, 14]	ன	மாணவர்கள் வந்தார்கள்.	வா	PL	False	True	False	public	NATIVE-CHECK-RAT-2
RAT-X-0791-C1-UYAR	RAT-X-0791	RAT-009	rationality		C1	2	0.5000	clear	literary		The students came soon after that.	in_sentence	UYAR	மாணவர்கள் வந்தார்கள்.	māṇavarkaḷ vantārkaḷ.	[14, 20]	ார்கள்	காகங்கள் வந்தன.	வா	PL	False	True	False	public	NATIVE-CHECK-RAT-2
RAT-X-0791-C2-AHRI	RAT-X-0791	RAT-009	rationality		C2	2	0.5000	clear	literary	The horses had gathered outside since dawn.	They came soon after that.	prior_sentence	AHRI	வந்தன.	vantaṉa.	[4, 5]	ன	வந்தார்கள்.	வா	PL	False	True	False	public	NATIVE-CHECK-RAT-2
RAT-X-0791-C2-UYAR	RAT-X-0791	RAT-009	rationality		C2	2	0.5000	clear	literary	The students had gathered outside since dawn.	They came soon after that.	prior_sentence	UYAR	வந்தார்கள்.	vantārkaḷ.	[4, 10]	ார்கள்	வந்தன.	வா	PL	False	True	False	public	NATIVE-CHECK-RAT-2
RAT-X-0791-C3-108	RAT-X-0791	RAT-009	rationality		C3	2	0.5000	clear	literary	The sky had been overcast since dawn.	They came soon after that.	absent				[]		வந்தார்கள்.|வந்தன.	வா	PL	False	True	False	public	NATIVE-CHECK-RAT-2
RAT-X-0792-C1-AHRI	RAT-X-0792	RAT-009	rationality		C1	2	0.5000	clear	literary		The crows ran soon after that.	in_sentence	AHRI	காகங்கள் ஓடினன.	kākaṅkaḷ ōṭiṉaṉa.	[13, 14]	ன	மாணவர்கள் ஓடினார்கள்.	ஓடு	PL	False	True	False	public	NATIVE-CHECK-RAT-2
RAT-X-0792-C1-UYAR	RAT-X-0792	RAT-009	rationality		C1	2	0.5000	clear	literary		The students ran soon after that.	in_sentence	UYAR	மாணவர்கள் ஓடினார்கள்.	māṇavarkaḷ ōṭiṉārkaḷ.	[14, 20]	ார்கள்	காகங்கள் ஓடினன.	ஓடு	PL	False	True	False	public	NATIVE-CHECK-RAT-2
RAT-X-0792-C2-AHRI	RAT-X-0792	RAT-009	rationality		C2	2	0.5000	clear	literary	A group of elephants waited near the bridge.	They ran soon after that.	prior_sentence	AHRI	ஓடினன.	ōṭiṉaṉa.	[4, 5]	ன	ஓடினார்கள்.	ஓடு	PL	False	True	False	public	NATIVE-CHECK-RAT-2
RAT-X-0792-C2-UYAR	RAT-X-0792	RAT-009	rationality		C2	2	0.5000	clear	literary	A group of soldiers waited near the bridge.	They ran soon after that.	prior_sentence	UYAR	ஓடினார்கள்.	ōṭiṉārkaḷ.	[4, 10]	ார்கள்	ஓடினன.	ஓடு	PL	False	True	False	public	NATIVE-CHECK-RAT-2
RAT-X-0792-C3-109	RAT-X-0792	RAT-009	rationality		C3	2	0.5000	clear	literary	A long queue had formed somewhere beyond the bridge.	They ran soon after that.	absent				[]		ஓடினார்கள்.|ஓடினன.	ஓடு	PL	False	True	False	public	NATIVE-CHECK-RAT-2
RAT-X-0793-C1-AHRI	RAT-X-0793	RAT-009	rationality		C1	2	0.5000	clear	literary		The crows walked soon after that.	in_sentence	AHRI	காகங்கள் நடந்தன.	kākaṅkaḷ naṭantaṉa.	[14, 15]	ன	மாணவர்கள் நடந்தார்கள்.	நட	PL	False	True	False	public	NATIVE-CHECK-RAT-2
RAT-X-0793-C1-UYAR	RAT-X-0793	RAT-009	rationality		C1	2	0.5000	clear	literary		The students walked soon after that.	in_sentence	UYAR	மாணவர்கள் நடந்தார்கள்.	māṇavarkaḷ naṭantārkaḷ.	[15, 21]	ார்கள்	காகங்கள் நடந்தன.	நட	PL	False	True	False	public	NATIVE-CHECK-RAT-2
RAT-X-0793-C2-AHRI	RAT-X-0793	RAT-009	rationality		C2	2	0.5000	clear	literary	The carts were expected before the ceremony.	They walked soon after that.	prior_sentence	AHRI	நடந்தன.	naṭantaṉa.	[5, 6]	ன	நடந்தார்கள்.	நட	PL	False	True	False	public	NATIVE-CHECK-RAT-2
RAT-X-0793-C2-UYAR	RAT-X-0793	RAT-009	rationality		C2	2	0.5000	clear	literary	The doctors were expected before the ceremony.	They walked soon after that.	prior_sentence	UYAR	நடந்தார்கள்.	naṭantārkaḷ.	[5, 11]	ார்கள்	நடந்தன.	நட	PL	False	True	False	public	NATIVE-CHECK-RAT-2
RAT-X-0793-C3-110	RAT-X-0793	RAT-009	rationality		C3	2	0.5000	clear	literary	The rain was expected after the ceremony.	They walked soon after that.	absent				[]		நடந்தார்கள்.|நடந்தன.	நட	PL	False	True	False	public	NATIVE-CHECK-RAT-2
RAT-X-0794-C1-AHRI	RAT-X-0794	RAT-009	rationality		C1	2	0.5000	clear	literary		The crows played soon after that.	in_sentence	AHRI	காகங்கள் விளையாடினன.	kākaṅkaḷ viḷaiyāṭiṉaṉa.	[18, 19]	ன	மாணவர்கள் விளையாடினார்கள்.	விளையாடு	PL	False	True	False	public	NATIVE-CHECK-RAT-2
RAT-X-0794-C1-UYAR	RAT-X-0794	RAT-009	rationality		C1	2	0.5000	clear	literary		The students played soon after that.	in_sentence	UYAR	மாணவர்கள் விளையாடினார்கள்.	māṇavarkaḷ viḷaiyāṭiṉārkaḷ.	[19, 25]	ார்கள்	காகங்கள் விளையாடினன.	விளையாடு	PL	False	True	False	public	NATIVE-CHECK-RAT-2
RAT-X-0794-C2-AHRI	RAT-X-0794	RAT-009	rationality		C2	2	0.5000	clear	literary	Several tigers had been sighted near the village.	They played soon after that.	prior_sentence	AHRI	விளையாடினன.	viḷaiyāṭiṉaṉa.	[9, 10]	ன	விளையாடினார்கள்.	விளையாடு	PL	False	True	False	public	NATIVE-CHECK-RAT-2
RAT-X-0794-C2-UYAR	RAT-X-0794	RAT-009	rationality		C2	2	0.5000	clear	literary	Several officers had been posted to the village.	They played soon after that.	prior_sentence	UYAR	விளையாடினார்கள்.	viḷaiyāṭiṉārkaḷ.	[9, 15]	ார்கள்	விளையாடினன.	விளையாடு	PL	False	True	False	public	NATIVE-CHECK-RAT-2
RAT-X-0794-C3-111	RAT-X-0794	RAT-009	rationality		C3	2	0.5000	clear	literary	Several power cuts had been reported across the village.	They played soon after that.	absent				[]		விளையாடினார்கள்.|விளையாடினன.	விளையாடு	PL	False	True	False	public	NATIVE-CHECK-RAT-2
RAT-X-0795-C1-AHRI	RAT-X-0795	RAT-009	rationality		C1	2	0.5000	clear	literary		The crows cried soon after that.	in_sentence	AHRI	காகங்கள் அழுதன.	kākaṅkaḷ aḻutaṉa.	[13, 14]	ன	மாணவர்கள் அழுதார்கள்.	அழு	PL	False	True	False	public	NATIVE-CHECK-RAT-2
RAT-X-0795-C1-UYAR	RAT-X-0795	RAT-009	rationality		C1	2	0.5000	clear	literary		The students cried soon after that.	in_sentence	UYAR	மாணவர்கள் அழுதார்கள்.	māṇavarkaḷ aḻutārkaḷ.	[14, 20]	ார்கள்	காகங்கள் அழுதன.	அழு	PL	False	True	False	public	NATIVE-CHECK-RAT-2
RAT-X-0795-C2-AHRI	RAT-X-0795	RAT-009	rationality		C2	2	0.5000	clear	literary	The monkeys left the compound at four o'clock.	They cried soon after that.	prior_sentence	AHRI	அழுதன.	aḻutaṉa.	[4, 5]	ன	அழுதார்கள்.	அழு	PL	False	True	False	public	NATIVE-CHECK-RAT-2
RAT-X-0795-C2-UYAR	RAT-X-0795	RAT-009	rationality		C2	2	0.5000	clear	literary	The teachers left the compound at four o'clock.	They cried soon after that.	prior_sentence	UYAR	அழுதார்கள்.	aḻutārkaḷ.	[4, 10]	ார்கள்	அழுதன.	அழு	PL	False	True	False	public	NATIVE-CHECK-RAT-2
RAT-X-0795-C3-112	RAT-X-0795	RAT-009	rationality		C3	2	0.5000	clear	literary	The main gate closed at four o'clock.	They cried soon after that.	absent				[]		அழுதார்கள்.|அழுதன.	அழு	PL	False	True	False	public	NATIVE-CHECK-RAT-2
RAT-X-0796-C1-AHRI	RAT-X-0796	RAT-009	rationality		C1	2	0.5000	clear	literary		The crows laughed soon after that.	in_sentence	AHRI	காகங்கள் சிரித்தன.	kākaṅkaḷ cirittaṉa.	[16, 17]	ன	மாணவர்கள் சிரித்தார்கள்.	சிரி	PL	False	True	False	public	NATIVE-CHECK-RAT-2
RAT-X-0796-C1-UYAR	RAT-X-0796	RAT-009	rationality		C1	2	0.5000	clear	literary		The students laughed soon after that.	in_sentence	UYAR	மாணவர்கள் சிரித்தார்கள்.	māṇavarkaḷ cirittārkaḷ.	[17, 23]	ார்கள்	காகங்கள் சிரித்தன.	சிரி	PL	False	True	False	public	NATIVE-CHECK-RAT-2
RAT-X-0796-C2-AHRI	RAT-X-0796	RAT-009	rationality		C2	2	0.5000	clear	literary	The cattle had been standing there all afternoon.	They laughed soon after that.	prior_sentence	AHRI	சிரித்தன.	cirittaṉa.	[7, 8]	ன	சிரித்தார்கள்.	சிரி	PL	False	True	False	public	NATIVE-CHECK-RAT-2
RAT-X-0796-C2-UYAR	RAT-X-0796	RAT-009	rationality		C2	2	0.5000	clear	literary	The soldiers had been standing there all afternoon.	They laughed soon after that.	prior_sentence	UYAR	சிரித்தார்கள்.	cirittārkaḷ.	[7, 13]	ார்கள்	சிரித்தன.	சிரி	PL	False	True	False	public	NATIVE-CHECK-RAT-2
RAT-X-0796-C3-113	RAT-X-0796	RAT-009	rationality		C3	2	0.5000	clear	literary	A heavy stillness had been settling there all afternoon.	They laughed soon after that.	absent				[]		சிரித்தார்கள்.|சிரித்தன.	சிரி	PL	False	True	False	public	NATIVE-CHECK-RAT-2
RAT-X-0809-C1-AHRI	RAT-X-0809	RAT-011	rationality		C1	2	0.5000	clear	literary		The monkeys came by the old wall.	in_sentence	AHRI	குரங்குகள் வந்தன.	kuraṅkukaḷ vantaṉa.	[15, 16]	ன	மருத்துவர்கள் வந்தார்கள்.	வா	PL	False	True	False	public	NATIVE-CHECK-RAT-2
RAT-X-0809-C1-UYAR	RAT-X-0809	RAT-011	rationality		C1	2	0.5000	clear	literary		The doctors came by the old wall.	in_sentence	UYAR	மருத்துவர்கள் வந்தார்கள்.	maruttuvarkaḷ vantārkaḷ.	[18, 24]	ார்கள்	குரங்குகள் வந்தன.	வா	PL	False	True	False	public	NATIVE-CHECK-RAT-2
RAT-X-0809-C2-AHRI	RAT-X-0809	RAT-011	rationality		C2	2	0.5000	clear	literary	The horses had gathered outside since dawn.	They came by the old wall.	prior_sentence	AHRI	வந்தன.	vantaṉa.	[4, 5]	ன	வந்தார்கள்.	வா	PL	False	True	False	public	NATIVE-CHECK-RAT-2
RAT-X-0809-C2-UYAR	RAT-X-0809	RAT-011	rationality		C2	2	0.5000	clear	literary	The students had gathered outside since dawn.	They came by the old wall.	prior_sentence	UYAR	வந்தார்கள்.	vantārkaḷ.	[4, 10]	ார்கள்	வந்தன.	வா	PL	False	True	False	public	NATIVE-CHECK-RAT-2
RAT-X-0809-C3-126	RAT-X-0809	RAT-011	rationality		C3	2	0.5000	clear	literary	The sky had been overcast since dawn.	They came by the old wall.	absent				[]		வந்தார்கள்.|வந்தன.	வா	PL	False	True	False	public	NATIVE-CHECK-RAT-2
RAT-X-0810-C1-AHRI	RAT-X-0810	RAT-011	rationality		C1	2	0.5000	clear	literary		The monkeys ran by the old wall.	in_sentence	AHRI	குரங்குகள் ஓடினன.	kuraṅkukaḷ ōṭiṉaṉa.	[15, 16]	ன	மருத்துவர்கள் ஓடினார்கள்.	ஓடு	PL	False	True	False	public	NATIVE-CHECK-RAT-2
RAT-X-0810-C1-UYAR	RAT-X-0810	RAT-011	rationality		C1	2	0.5000	clear	literary		The doctors ran by the old wall.	in_sentence	UYAR	மருத்துவர்கள் ஓடினார்கள்.	maruttuvarkaḷ ōṭiṉārkaḷ.	[18, 24]	ார்கள்	குரங்குகள் ஓடினன.	ஓடு	PL	False	True	False	public	NATIVE-CHECK-RAT-2
RAT-X-0810-C2-AHRI	RAT-X-0810	RAT-011	rationality		C2	2	0.5000	clear	literary	A group of elephants waited near the bridge.	They ran by the old wall.	prior_sentence	AHRI	ஓடினன.	ōṭiṉaṉa.	[4, 5]	ன	ஓடினார்கள்.	ஓடு	PL	False	True	False	public	NATIVE-CHECK-RAT-2
RAT-X-0810-C2-UYAR	RAT-X-0810	RAT-011	rationality		C2	2	0.5000	clear	literary	A group of soldiers waited near the bridge.	They ran by the old wall.	prior_sentence	UYAR	ஓடினார்கள்.	ōṭiṉārkaḷ.	[4, 10]	ார்கள்	ஓடினன.	ஓடு	PL	False	True	False	public	NATIVE-CHECK-RAT-2
RAT-X-0810-C3-127	RAT-X-0810	RAT-011	rationality		C3	2	0.5000	clear	literary	A long queue had formed somewhere beyond the bridge.	They ran by the old wall.	absent				[]		ஓடினார்கள்.|ஓடினன.	ஓடு	PL	False	True	False	public	NATIVE-CHECK-RAT-2
RAT-X-0811-C1-AHRI	RAT-X-0811	RAT-011	rationality		C1	2	0.5000	clear	literary		The monkeys walked by the old wall.	in_sentence	AHRI	குரங்குகள் நடந்தன.	kuraṅkukaḷ naṭantaṉa.	[16, 17]	ன	மருத்துவர்கள் நடந்தார்கள்.	நட	PL	False	True	False	public	NATIVE-CHECK-RAT-2
RAT-X-0811-C1-UYAR	RAT-X-0811	RAT-011	rationality		C1	2	0.5000	clear	literary		The doctors walked by the old wall.	in_sentence	UYAR	மருத்துவர்கள் நடந்தார்கள்.	maruttuvarkaḷ naṭantārkaḷ.	[19, 25]	ார்கள்	குரங்குகள் நடந்தன.	நட	PL	False	True	False	public	NATIVE-CHECK-RAT-2
RAT-X-0811-C2-AHRI	RAT-X-0811	RAT-011	rationality		C2	2	0.5000	clear	literary	The carts were expected before the ceremony.	They walked by the old wall.	prior_sentence	AHRI	நடந்தன.	naṭantaṉa.	[5, 6]	ன	நடந்தார்கள்.	நட	PL	False	True	False	public	NATIVE-CHECK-RAT-2
RAT-X-0811-C2-UYAR	RAT-X-0811	RAT-011	rationality		C2	2	0.5000	clear	literary	The doctors were expected before the ceremony.	They walked by the old wall.	prior_sentence	UYAR	நடந்தார்கள்.	naṭantārkaḷ.	[5, 11]	ார்கள்	நடந்தன.	நட	PL	False	True	False	public	NATIVE-CHECK-RAT-2
RAT-X-0811-C3-128	RAT-X-0811	RAT-011	rationality		C3	2	0.5000	clear	literary	The rain was expected after the ceremony.	They walked by the old wall.	absent				[]		நடந்தார்கள்.|நடந்தன.	நட	PL	False	True	False	public	NATIVE-CHECK-RAT-2
RAT-X-0812-C1-AHRI	RAT-X-0812	RAT-011	rationality		C1	2	0.5000	clear	literary		The monkeys played by the old wall.	in_sentence	AHRI	குரங்குகள் விளையாடினன.	kuraṅkukaḷ viḷaiyāṭiṉaṉa.	[20, 21]	ன	மருத்துவர்கள் விளையாடினார்கள்.	விளையாடு	PL	False	True	False	public	NATIVE-CHECK-RAT-2
RAT-X-0812-C1-UYAR	RAT-X-0812	RAT-011	rationality		C1	2	0.5000	clear	literary		The doctors played by the old wall.	in_sentence	UYAR	மருத்துவர்கள் விளையாடினார்கள்.	maruttuvarkaḷ viḷaiyāṭiṉārkaḷ.	[23, 29]	ார்கள்	குரங்குகள் விளையாடினன.	விளையாடு	PL	False	True	False	public	NATIVE-CHECK-RAT-2
RAT-X-0812-C2-AHRI	RAT-X-0812	RAT-011	rationality		C2	2	0.5000	clear	literary	Several tigers had been sighted near the village.	They played by the old wall.	prior_sentence	AHRI	விளையாடினன.	viḷaiyāṭiṉaṉa.	[9, 10]	ன	விளையாடினார்கள்.	விளையாடு	PL	False	True	False	public	NATIVE-CHECK-RAT-2
RAT-X-0812-C2-UYAR	RAT-X-0812	RAT-011	rationality		C2	2	0.5000	clear	literary	Several officers had been posted to the village.	They played by the old wall.	prior_sentence	UYAR	விளையாடினார்கள்.	viḷaiyāṭiṉārkaḷ.	[9, 15]	ார்கள்	விளையாடினன.	விளையாடு	PL	False	True	False	public	NATIVE-CHECK-RAT-2
RAT-X-0812-C3-129	RAT-X-0812	RAT-011	rationality		C3	2	0.5000	clear	literary	Several power cuts had been reported across the village.	They played by the old wall.	absent				[]		விளையாடினார்கள்.|விளையாடினன.	விளையாடு	PL	False	True	False	public	NATIVE-CHECK-RAT-2
RAT-X-0813-C1-AHRI	RAT-X-0813	RAT-011	rationality		C1	2	0.5000	clear	literary		The monkeys cried by the old wall.	in_sentence	AHRI	குரங்குகள் அழுதன.	kuraṅkukaḷ aḻutaṉa.	[15, 16]	ன	மருத்துவர்கள் அழுதார்கள்.	அழு	PL	False	True	False	public	NATIVE-CHECK-RAT-2
RAT-X-0813-C1-UYAR	RAT-X-0813	RAT-011	rationality		C1	2	0.5000	clear	literary		The doctors cried by the old wall.	in_sentence	UYAR	மருத்துவர்கள் அழுதார்கள்.	maruttuvarkaḷ aḻutārkaḷ.	[18, 24]	ார்கள்	குரங்குகள் அழுதன.	அழு	PL	False	True	False	public	NATIVE-CHECK-RAT-2
RAT-X-0813-C2-AHRI	RAT-X-0813	RAT-011	rationality		C2	2	0.5000	clear	literary	The monkeys left the compound at four o'clock.	They cried by the old wall.	prior_sentence	AHRI	அழுதன.	aḻutaṉa.	[4, 5]	ன	அழுதார்கள்.	அழு	PL	False	True	False	public	NATIVE-CHECK-RAT-2
RAT-X-0813-C2-UYAR	RAT-X-0813	RAT-011	rationality		C2	2	0.5000	clear	literary	The teachers left the compound at four o'clock.	They cried by the old wall.	prior_sentence	UYAR	அழுதார்கள்.	aḻutārkaḷ.	[4, 10]	ார்கள்	அழுதன.	அழு	PL	False	True	False	public	NATIVE-CHECK-RAT-2
RAT-X-0813-C3-130	RAT-X-0813	RAT-011	rationality		C3	2	0.5000	clear	literary	The main gate closed at four o'clock.	They cried by the old wall.	absent				[]		அழுதார்கள்.|அழுதன.	அழு	PL	False	True	False	public	NATIVE-CHECK-RAT-2
RAT-X-0814-C1-AHRI	RAT-X-0814	RAT-011	rationality		C1	2	0.5000	clear	literary		The monkeys laughed by the old wall.	in_sentence	AHRI	குரங்குகள் சிரித்தன.	kuraṅkukaḷ cirittaṉa.	[18, 19]	ன	மருத்துவர்கள் சிரித்தார்கள்.	சிரி	PL	False	True	False	public	NATIVE-CHECK-RAT-2
RAT-X-0814-C1-UYAR	RAT-X-0814	RAT-011	rationality		C1	2	0.5000	clear	literary		The doctors laughed by the old wall.	in_sentence	UYAR	மருத்துவர்கள் சிரித்தார்கள்.	maruttuvarkaḷ cirittārkaḷ.	[21, 27]	ார்கள்	குரங்குகள் சிரித்தன.	சிரி	PL	False	True	False	public	NATIVE-CHECK-RAT-2
RAT-X-0814-C2-AHRI	RAT-X-0814	RAT-011	rationality		C2	2	0.5000	clear	literary	The cattle had been standing there all afternoon.	They laughed by the old wall.	prior_sentence	AHRI	சிரித்தன.	cirittaṉa.	[7, 8]	ன	சிரித்தார்கள்.	சிரி	PL	False	True	False	public	NATIVE-CHECK-RAT-2
RAT-X-0814-C2-UYAR	RAT-X-0814	RAT-011	rationality		C2	2	0.5000	clear	literary	The soldiers had been standing there all afternoon.	They laughed by the old wall.	prior_sentence	UYAR	சிரித்தார்கள்.	cirittārkaḷ.	[7, 13]	ார்கள்	சிரித்தன.	சிரி	PL	False	True	False	public	NATIVE-CHECK-RAT-2
RAT-X-0814-C3-131	RAT-X-0814	RAT-011	rationality		C3	2	0.5000	clear	literary	A heavy stillness had been settling there all afternoon.	They laughed by the old wall.	absent				[]		சிரித்தார்கள்.|சிரித்தன.	சிரி	PL	False	True	False	public	NATIVE-CHECK-RAT-2
RAT-X-0815-C1-AHRI	RAT-X-0815	RAT-011	rationality		C1	2	0.5000	clear	literary		The monkeys flew by the old wall.	in_sentence	AHRI	குரங்குகள் பறந்தன.	kuraṅkukaḷ paṟantaṉa.	[16, 17]	ன	மருத்துவர்கள் பறந்தார்கள்.	பற	PL	False	True	False	public	NATIVE-CHECK-RAT-2
RAT-X-0815-C1-UYAR	RAT-X-0815	RAT-011	rationality		C1	2	0.5000	clear	literary		The doctors flew by the old wall.	in_sentence	UYAR	மருத்துவர்கள் பறந்தார்கள்.	maruttuvarkaḷ paṟantārkaḷ.	[19, 25]	ார்கள்	குரங்குகள் பறந்தன.	பற	PL	False	True	False	public	NATIVE-CHECK-RAT-2
RAT-X-0815-C2-AHRI	RAT-X-0815	RAT-011	rationality		C2	2	0.5000	clear	literary	The horses had gathered outside since dawn.	They flew by the old wall.	prior_sentence	AHRI	பறந்தன.	paṟantaṉa.	[5, 6]	ன	பறந்தார்கள்.	பற	PL	False	True	False	public	NATIVE-CHECK-RAT-2
RAT-X-0815-C2-UYAR	RAT-X-0815	RAT-011	rationality		C2	2	0.5000	clear	literary	The students had gathered outside since dawn.	They flew by the old wall.	prior_sentence	UYAR	பறந்தார்கள்.	paṟantārkaḷ.	[5, 11]	ார்கள்	பறந்தன.	பற	PL	False	True	False	public	NATIVE-CHECK-RAT-2
RAT-X-0815-C3-132	RAT-X-0815	RAT-011	rationality		C3	2	0.5000	clear	literary	The sky had been overcast since dawn.	They flew by the old wall.	absent				[]		பறந்தார்கள்.|பறந்தன.	பற	PL	False	True	False	public	NATIVE-CHECK-RAT-2
RAT-X-0816-C1-AHRI	RAT-X-0816	RAT-011	rationality		C1	2	0.5000	clear	literary		The monkeys swam by the old wall.	in_sentence	AHRI	குரங்குகள் நீந்தினன.	kuraṅkukaḷ nīntiṉaṉa.	[18, 19]	ன	மருத்துவர்கள் நீந்தினார்கள்.	நீந்து	PL	False	True	False	public	NATIVE-CHECK-RAT-2
RAT-X-0816-C1-UYAR	RAT-X-0816	RAT-011	rationality		C1	2	0.5000	clear	literary		The doctors swam by the old wall.	in_sentence	UYAR	மருத்துவர்கள் நீந்தினார்கள்.	maruttuvarkaḷ nīntiṉārkaḷ.	[21, 27]	ார்கள்	குரங்குகள் நீந்தினன.	நீந்து	PL	False	True	False	public	NATIVE-CHECK-RAT-2
RAT-X-0816-C2-AHRI	RAT-X-0816	RAT-011	rationality		C2	2	0.5000	clear	literary	A group of elephants waited near the bridge.	They swam by the old wall.	prior_sentence	AHRI	நீந்தினன.	nīntiṉaṉa.	[7, 8]	ன	நீந்தினார்கள்.	நீந்து	PL	False	True	False	public	NATIVE-CHECK-RAT-2
RAT-X-0816-C2-UYAR	RAT-X-0816	RAT-011	rationality		C2	2	0.5000	clear	literary	A group of soldiers waited near the bridge.	They swam by the old wall.	prior_sentence	UYAR	நீந்தினார்கள்.	nīntiṉārkaḷ.	[7, 13]	ார்கள்	நீந்தினன.	நீந்து	PL	False	True	False	public	NATIVE-CHECK-RAT-2
RAT-X-0816-C3-133	RAT-X-0816	RAT-011	rationality		C3	2	0.5000	clear	literary	A long queue had formed somewhere beyond the bridge.	They swam by the old wall.	absent				[]		நீந்தினார்கள்.|நீந்தினன.	நீந்து	PL	False	True	False	public	NATIVE-CHECK-RAT-2
RAT-X-0817-C1-AHRI	RAT-X-0817	RAT-011	rationality		C1	2	0.5000	clear	literary		The monkeys spoke by the old wall.	in_sentence	AHRI	குரங்குகள் பேசினன.	kuraṅkukaḷ pēciṉaṉa.	[16, 17]	ன	மருத்துவர்கள் பேசினார்கள்.	பேசு	PL	False	True	False	public	NATIVE-CHECK-RAT-2
RAT-X-0817-C1-UYAR	RAT-X-0817	RAT-011	rationality		C1	2	0.5000	clear	literary		The doctors spoke by the old wall.	in_sentence	UYAR	மருத்துவர்கள் பேசினார்கள்.	maruttuvarkaḷ pēciṉārkaḷ.	[19, 25]	ார்கள்	குரங்குகள் பேசினன.	பேசு	PL	False	True	False	public	NATIVE-CHECK-RAT-2
RAT-X-0817-C2-AHRI	RAT-X-0817	RAT-011	rationality		C2	2	0.5000	clear	literary	The carts were expected before the ceremony.	They spoke by the old wall.	prior_sentence	AHRI	பேசினன.	pēciṉaṉa.	[5, 6]	ன	பேசினார்கள்.	பேசு	PL	False	True	False	public	NATIVE-CHECK-RAT-2
RAT-X-0817-C2-UYAR	RAT-X-0817	RAT-011	rationality		C2	2	0.5000	clear	literary	The doctors were expected before the ceremony.	They spoke by the old wall.	prior_sentence	UYAR	பேசினார்கள்.	pēciṉārkaḷ.	[5, 11]	ார்கள்	பேசினன.	பேசு	PL	False	True	False	public	NATIVE-CHECK-RAT-2
RAT-X-0817-C3-134	RAT-X-0817	RAT-011	rationality		C3	2	0.5000	clear	literary	The rain was expected after the ceremony.	They spoke by the old wall.	absent				[]		பேசினார்கள்.|பேசினன.	பேசு	PL	False	True	False	public	NATIVE-CHECK-RAT-2
RAT-X-0818-C1-AHRI	RAT-X-0818	RAT-011	rationality		C1	2	0.5000	clear	literary		The monkeys rose by the old wall.	in_sentence	AHRI	குரங்குகள் எழுந்தன.	kuraṅkukaḷ eḻuntaṉa.	[17, 18]	ன	மருத்துவர்கள் எழுந்தார்கள்.	எழு	PL	False	True	False	public	NATIVE-CHECK-RAT-2
RAT-X-0818-C1-UYAR	RAT-X-0818	RAT-011	rationality		C1	2	0.5000	clear	literary		The doctors rose by the old wall.	in_sentence	UYAR	மருத்துவர்கள் எழுந்தார்கள்.	maruttuvarkaḷ eḻuntārkaḷ.	[20, 26]	ார்கள்	குரங்குகள் எழுந்தன.	எழு	PL	False	True	False	public	NATIVE-CHECK-RAT-2
RAT-X-0818-C2-AHRI	RAT-X-0818	RAT-011	rationality		C2	2	0.5000	clear	literary	Several tigers had been sighted near the village.	They rose by the old wall.	prior_sentence	AHRI	எழுந்தன.	eḻuntaṉa.	[6, 7]	ன	எழுந்தார்கள்.	எழு	PL	False	True	False	public	NATIVE-CHECK-RAT-2
RAT-X-0818-C2-UYAR	RAT-X-0818	RAT-011	rationality		C2	2	0.5000	clear	literary	Several officers had been posted to the village.	They rose by the old wall.	prior_sentence	UYAR	எழுந்தார்கள்.	eḻuntārkaḷ.	[6, 12]	ார்கள்	எழுந்தன.	எழு	PL	False	True	False	public	NATIVE-CHECK-RAT-2
RAT-X-0818-C3-135	RAT-X-0818	RAT-011	rationality		C3	2	0.5000	clear	literary	Several power cuts had been reported across the village.	They rose by the old wall.	absent				[]		எழுந்தார்கள்.|எழுந்தன.	எழு	PL	False	True	False	public	NATIVE-CHECK-RAT-2
RAT-X-0819-C1-AHRI	RAT-X-0819	RAT-011	rationality		C1	2	0.5000	clear	literary		The monkeys sat by the old wall.	in_sentence	AHRI	குரங்குகள் உட்கார்ந்தன.	kuraṅkukaḷ uṭkārntaṉa.	[21, 22]	ன	மருத்துவர்கள் உட்கார்ந்தார்கள்.	உட்கார்	PL	False	True	False	public	NATIVE-CHECK-RAT-2
RAT-X-0819-C1-UYAR	RAT-X-0819	RAT-011	rationality		C1	2	0.5000	clear	literary		The doctors sat by the old wall.	in_sentence	UYAR	மருத்துவர்கள் உட்கார்ந்தார்கள்.	maruttuvarkaḷ uṭkārntārkaḷ.	[24, 30]	ார்கள்	குரங்குகள் உட்கார்ந்தன.	உட்கார்	PL	False	True	False	public	NATIVE-CHECK-RAT-2
RAT-X-0819-C2-AHRI	RAT-X-0819	RAT-011	rationality		C2	2	0.5000	clear	literary	The monkeys left the compound at four o'clock.	They sat by the old wall.	prior_sentence	AHRI	உட்கார்ந்தன.	uṭkārntaṉa.	[10, 11]	ன	உட்கார்ந்தார்கள்.	உட்கார்	PL	False	True	False	public	NATIVE-CHECK-RAT-2
RAT-X-0819-C2-UYAR	RAT-X-0819	RAT-011	rationality		C2	2	0.5000	clear	literary	The teachers left the compound at four o'clock.	They sat by the old wall.	prior_sentence	UYAR	உட்கார்ந்தார்கள்.	uṭkārntārkaḷ.	[10, 16]	ார்கள்	உட்கார்ந்தன.	உட்கார்	PL	False	True	False	public	NATIVE-CHECK-RAT-2
RAT-X-0819-C3-136	RAT-X-0819	RAT-011	rationality		C3	2	0.5000	clear	literary	The main gate closed at four o'clock.	They sat by the old wall.	absent				[]		உட்கார்ந்தார்கள்.|உட்கார்ந்தன.	உட்கார்	PL	False	True	False	public	NATIVE-CHECK-RAT-2
RAT-X-0820-C1-AHRI	RAT-X-0820	RAT-011	rationality		C1	2	0.5000	clear	literary		The monkeys climbed by the old wall.	in_sentence	AHRI	குரங்குகள் ஏறினன.	kuraṅkukaḷ ēṟiṉaṉa.	[15, 16]	ன	மருத்துவர்கள் ஏறினார்கள்.	ஏறு	PL	False	True	False	public	NATIVE-CHECK-RAT-2
RAT-X-0820-C1-UYAR	RAT-X-0820	RAT-011	rationality		C1	2	0.5000	clear	literary		The doctors climbed by the old wall.	in_sentence	UYAR	மருத்துவர்கள் ஏறினார்கள்.	maruttuvarkaḷ ēṟiṉārkaḷ.	[18, 24]	ார்கள்	குரங்குகள் ஏறினன.	ஏறு	PL	False	True	False	public	NATIVE-CHECK-RAT-2
RAT-X-0820-C2-AHRI	RAT-X-0820	RAT-011	rationality		C2	2	0.5000	clear	literary	The cattle had been standing there all afternoon.	They climbed by the old wall.	prior_sentence	AHRI	ஏறினன.	ēṟiṉaṉa.	[4, 5]	ன	ஏறினார்கள்.	ஏறு	PL	False	True	False	public	NATIVE-CHECK-RAT-2
RAT-X-0820-C2-UYAR	RAT-X-0820	RAT-011	rationality		C2	2	0.5000	clear	literary	The soldiers had been standing there all afternoon.	They climbed by the old wall.	prior_sentence	UYAR	ஏறினார்கள்.	ēṟiṉārkaḷ.	[4, 10]	ார்கள்	ஏறினன.	ஏறு	PL	False	True	False	public	NATIVE-CHECK-RAT-2
RAT-X-0820-C3-137	RAT-X-0820	RAT-011	rationality		C3	2	0.5000	clear	literary	A heavy stillness had been settling there all afternoon.	They climbed by the old wall.	absent				[]		ஏறினார்கள்.|ஏறினன.	ஏறு	PL	False	True	False	public	NATIVE-CHECK-RAT-2
RAT-X-0853-C3-170	RAT-X-0853	RAT-014	rationality		C3	2	0.5000	contested	literary	The room had been unlit that morning.	They spoke shortly before six.	absent				[]		பேசினார்கள்.|பேசினன.	பேசு	PL	False	True	False	public	NATIVE-CHECK-RAT-1|NATIVE-CHECK-RAT-2
RAT-X-0854-C3-171	RAT-X-0854	RAT-014	rationality		C3	2	0.5000	contested	literary	The paperwork had been filed well before the deadline.	They rose shortly before six.	absent				[]		எழுந்தார்கள்.|எழுந்தன.	எழு	PL	False	True	False	public	NATIVE-CHECK-RAT-1|NATIVE-CHECK-RAT-2
RAT-X-0855-C3-172	RAT-X-0855	RAT-014	rationality		C3	2	0.5000	contested	literary	The room had been unlit that morning.	They sat shortly before six.	absent				[]		உட்கார்ந்தார்கள்.|உட்கார்ந்தன.	உட்கார்	PL	False	True	False	public	NATIVE-CHECK-RAT-1|NATIVE-CHECK-RAT-2
RAT-X-0856-C3-173	RAT-X-0856	RAT-014	rationality		C3	2	0.5000	contested	literary	The paperwork had been filed well before the deadline.	They climbed shortly before six.	absent				[]		ஏறினார்கள்.|ஏறினன.	ஏறு	PL	False	True	False	public	NATIVE-CHECK-RAT-1|NATIVE-CHECK-RAT-2
RAT-X-0857-C3-174	RAT-X-0857	RAT-014	rationality		C3	2	0.5000	contested	literary	The room had been unlit that morning.	They descended shortly before six.	absent				[]		இறங்கினார்கள்.|இறங்கினன.	இறங்கு	PL	False	True	False	public	NATIVE-CHECK-RAT-1|NATIVE-CHECK-RAT-2
RAT-X-0858-C3-175	RAT-X-0858	RAT-014	rationality		C3	2	0.5000	contested	literary	The paperwork had been filed well before the deadline.	They went shortly before six.	absent				[]		சென்றார்கள்.|சென்றன.	செல்	PL	False	True	False	public	NATIVE-CHECK-RAT-1|NATIVE-CHECK-RAT-2
RAT-X-0859-C3-176	RAT-X-0859	RAT-014	rationality		C3	2	0.5000	contested	literary	The room had been unlit that morning.	They moved shortly before six.	absent				[]		நகர்ந்தார்கள்.|நகர்ந்தன.	நகர்	PL	False	True	False	public	NATIVE-CHECK-RAT-1|NATIVE-CHECK-RAT-2
RAT-X-0860-C3-177	RAT-X-0860	RAT-014	rationality		C3	2	0.5000	contested	literary	The paperwork had been filed well before the deadline.	They jumped shortly before six.	absent				[]		குதித்தார்கள்.|குதித்தன.	குதி	PL	False	True	False	public	NATIVE-CHECK-RAT-1|NATIVE-CHECK-RAT-2
RAT-X-0861-C3-178	RAT-X-0861	RAT-014	rationality		C3	2	0.5000	contested	literary	The room had been unlit that morning.	They smiled shortly before six.	absent				[]		நகைத்தார்கள்.|நகைத்தன.	நகை	PL	False	True	False	public	NATIVE-CHECK-RAT-1|NATIVE-CHECK-RAT-2
RAT-X-0862-C3-179	RAT-X-0862	RAT-014	rationality		C3	2	0.5000	contested	literary	The paperwork had been filed well before the deadline.	They feared shortly before six.	absent				[]		அஞ்சினார்கள்.|அஞ்சினன.	அஞ்சு	PL	False	True	False	public	NATIVE-CHECK-RAT-1|NATIVE-CHECK-RAT-2
RAT-X-0863-C3-180	RAT-X-0863	RAT-014	rationality		C3	2	0.5000	contested	literary	The room had been unlit that morning.	They came shortly before six.	absent				[]		வந்தார்கள்.|வந்தன.	வா	PL	False	True	False	public	NATIVE-CHECK-RAT-1|NATIVE-CHECK-RAT-2
RAT-X-0864-C3-181	RAT-X-0864	RAT-014	rationality		C3	2	0.5000	contested	literary	The paperwork had been filed well before the deadline.	They ran shortly before six.	absent				[]		ஓடினார்கள்.|ஓடினன.	ஓடு	PL	False	True	False	public	NATIVE-CHECK-RAT-1|NATIVE-CHECK-RAT-2
RAT-X-0865-C3-182	RAT-X-0865	RAT-014	rationality		C3	2	0.5000	contested	literary	The room had been unlit that morning.	They walked shortly before six.	absent				[]		நடந்தார்கள்.|நடந்தன.	நட	PL	False	True	False	public	NATIVE-CHECK-RAT-1|NATIVE-CHECK-RAT-2
RAT-X-0866-C3-183	RAT-X-0866	RAT-014	rationality		C3	2	0.5000	contested	literary	The paperwork had been filed well before the deadline.	They played shortly before six.	absent				[]		விளையாடினார்கள்.|விளையாடினன.	விளையாடு	PL	False	True	False	public	NATIVE-CHECK-RAT-1|NATIVE-CHECK-RAT-2
RAT-X-0867-C3-184	RAT-X-0867	RAT-014	rationality		C3	2	0.5000	contested	literary	The room had been unlit that morning.	They cried shortly before six.	absent				[]		அழுதார்கள்.|அழுதன.	அழு	PL	False	True	False	public	NATIVE-CHECK-RAT-1|NATIVE-CHECK-RAT-2
RAT-X-0868-C3-185	RAT-X-0868	RAT-014	rationality		C3	2	0.5000	contested	literary	The paperwork had been filed well before the deadline.	They laughed shortly before six.	absent				[]		சிரித்தார்கள்.|சிரித்தன.	சிரி	PL	False	True	False	public	NATIVE-CHECK-RAT-1|NATIVE-CHECK-RAT-2
RAT-X-0869-C3-186	RAT-X-0869	RAT-014	rationality		C3	2	0.5000	contested	literary	The room had been unlit that morning.	They flew shortly before six.	absent				[]		பறந்தார்கள்.|பறந்தன.	பற	PL	False	True	False	public	NATIVE-CHECK-RAT-1|NATIVE-CHECK-RAT-2
RAT-X-0870-C3-187	RAT-X-0870	RAT-014	rationality		C3	2	0.5000	contested	literary	The paperwork had been filed well before the deadline.	They swam shortly before six.	absent				[]		நீந்தினார்கள்.|நீந்தினன.	நீந்து	PL	False	True	False	public	NATIVE-CHECK-RAT-1|NATIVE-CHECK-RAT-2
RAT-X-0871-C3-188	RAT-X-0871	RAT-014	rationality		C3	2	0.5000	contested	literary	The room had been unlit that morning.	They spoke shortly before six.	absent				[]		பேசினார்கள்.|பேசினன.	பேசு	PL	False	True	False	public	NATIVE-CHECK-RAT-1|NATIVE-CHECK-RAT-2
RAT-X-0872-C3-189	RAT-X-0872	RAT-014	rationality		C3	2	0.5000	contested	literary	The paperwork had been filed well before the deadline.	They rose shortly before six.	absent				[]		எழுந்தார்கள்.|எழுந்தன.	எழு	PL	False	True	False	public	NATIVE-CHECK-RAT-1|NATIVE-CHECK-RAT-2
RAT-X-0873-C3-190	RAT-X-0873	RAT-015	rationality		C3	2	0.5000	contested	literary	The room had been unlit that morning.	They sat out in the open.	absent				[]		உட்கார்ந்தார்கள்.|உட்கார்ந்தன.	உட்கார்	PL	False	True	False	public	NATIVE-CHECK-RAT-1|NATIVE-CHECK-RAT-2
RAT-X-0874-C3-191	RAT-X-0874	RAT-015	rationality		C3	2	0.5000	contested	literary	The paperwork had been filed well before the deadline.	They climbed out in the open.	absent				[]		ஏறினார்கள்.|ஏறினன.	ஏறு	PL	False	True	False	public	NATIVE-CHECK-RAT-1|NATIVE-CHECK-RAT-2
RAT-X-0875-C3-192	RAT-X-0875	RAT-015	rationality		C3	2	0.5000	contested	literary	The room had been unlit that morning.	They descended out in the open.	absent				[]		இறங்கினார்கள்.|இறங்கினன.	இறங்கு	PL	False	True	False	public	NATIVE-CHECK-RAT-1|NATIVE-CHECK-RAT-2
RAT-X-0876-C3-193	RAT-X-0876	RAT-015	rationality		C3	2	0.5000	contested	literary	The paperwork had been filed well before the deadline.	They went out in the open.	absent				[]		சென்றார்கள்.|சென்றன.	செல்	PL	False	True	False	public	NATIVE-CHECK-RAT-1|NATIVE-CHECK-RAT-2
RAT-X-0877-C3-194	RAT-X-0877	RAT-015	rationality		C3	2	0.5000	contested	literary	The room had been unlit that morning.	They moved out in the open.	absent				[]		நகர்ந்தார்கள்.|நகர்ந்தன.	நகர்	PL	False	True	False	public	NATIVE-CHECK-RAT-1|NATIVE-CHECK-RAT-2
RAT-X-0878-C3-195	RAT-X-0878	RAT-015	rationality		C3	2	0.5000	contested	literary	The paperwork had been filed well before the deadline.	They jumped out in the open.	absent				[]		குதித்தார்கள்.|குதித்தன.	குதி	PL	False	True	False	public	NATIVE-CHECK-RAT-1|NATIVE-CHECK-RAT-2
RAT-X-0879-C3-196	RAT-X-0879	RAT-015	rationality		C3	2	0.5000	contested	literary	The room had been unlit that morning.	They smiled out in the open.	absent				[]		நகைத்தார்கள்.|நகைத்தன.	நகை	PL	False	True	False	public	NATIVE-CHECK-RAT-1|NATIVE-CHECK-RAT-2
RAT-X-0880-C3-197	RAT-X-0880	RAT-015	rationality		C3	2	0.5000	contested	literary	The paperwork had been filed well before the deadline.	They feared out in the open.	absent				[]		அஞ்சினார்கள்.|அஞ்சினன.	அஞ்சு	PL	False	True	False	public	NATIVE-CHECK-RAT-1|NATIVE-CHECK-RAT-2
RAT-X-0881-C3-198	RAT-X-0881	RAT-015	rationality		C3	2	0.5000	contested	literary	The room had been unlit that morning.	They came out in the open.	absent				[]		வந்தார்கள்.|வந்தன.	வா	PL	False	True	False	public	NATIVE-CHECK-RAT-1|NATIVE-CHECK-RAT-2
RAT-X-0882-C3-199	RAT-X-0882	RAT-015	rationality		C3	2	0.5000	contested	literary	The paperwork had been filed well before the deadline.	They ran out in the open.	absent				[]		ஓடினார்கள்.|ஓடினன.	ஓடு	PL	False	True	False	public	NATIVE-CHECK-RAT-1|NATIVE-CHECK-RAT-2
RAT-X-0883-C0-UYAR	RAT-X-0883	RAT-001	rationality		C0	2	0.5000	clear	literary		They came at dawn.	instruction	UYAR	வந்தார்கள்.	vantārkaḷ.	[4, 10]	ார்கள்	வந்தன.	வா	PL	False	True	False	public	NATIVE-CHECK-RAT-2
RAT-X-0884-C0-AHRI	RAT-X-0884	RAT-002	rationality		C0	2	0.5000	clear	literary		They moved near the river.	instruction	AHRI	நகர்ந்தன.	nakarntaṉa.	[7, 8]	ன	நகர்ந்தார்கள்.	நகர்	PL	False	True	False	public	NATIVE-CHECK-RAT-2
RAT-X-0885-C0-UYAR	RAT-X-0885	RAT-003	rationality		C0	2	0.5000	clear	literary		They sat without warning.	instruction	UYAR	உட்கார்ந்தார்கள்.	uṭkārntārkaḷ.	[10, 16]	ார்கள்	உட்கார்ந்தன.	உட்கார்	PL	False	True	False	public	NATIVE-CHECK-RAT-2
RAT-X-0886-C0-AHRI	RAT-X-0886	RAT-001	rationality		C0	2	0.5000	clear	literary		They played at dawn.	instruction	AHRI	விளையாடினன.	viḷaiyāṭiṉaṉa.	[9, 10]	ன	விளையாடினார்கள்.	விளையாடு	PL	False	True	False	public	NATIVE-CHECK-RAT-2
RAT-X-0887-C0-UYAR	RAT-X-0887	RAT-002	rationality		C0	2	0.5000	clear	literary		They feared near the river.	instruction	UYAR	அஞ்சினார்கள்.	añciṉārkaḷ.	[6, 12]	ார்கள்	அஞ்சினன.	அஞ்சு	PL	False	True	False	public	NATIVE-CHECK-RAT-2
RAT-X-0888-C0-AHRI	RAT-X-0888	RAT-003	rationality		C0	2	0.5000	clear	literary		They went without warning.	instruction	AHRI	சென்றன.	ceṉṟaṉa.	[5, 6]	ன	சென்றார்கள்.	செல்	PL	False	True	False	public	NATIVE-CHECK-RAT-2
RAT-X-0889-C0-UYAR	RAT-X-0889	RAT-001	rationality		C0	2	0.5000	clear	literary		They flew at dawn.	instruction	UYAR	பறந்தார்கள்.	paṟantārkaḷ.	[5, 11]	ார்கள்	பறந்தன.	பற	PL	False	True	False	public	NATIVE-CHECK-RAT-2
RAT-X-0890-C0-AHRI	RAT-X-0890	RAT-002	rationality		C0	2	0.5000	clear	literary		They walked near the river.	instruction	AHRI	நடந்தன.	naṭantaṉa.	[5, 6]	ன	நடந்தார்கள்.	நட	PL	False	True	False	public	NATIVE-CHECK-RAT-2
RAT-X-0891-C0-UYAR	RAT-X-0891	RAT-003	rationality		C0	2	0.5000	clear	literary		They smiled without warning.	instruction	UYAR	நகைத்தார்கள்.	nakaittārkaḷ.	[6, 12]	ார்கள்	நகைத்தன.	நகை	PL	False	True	False	public	NATIVE-CHECK-RAT-2
RAT-X-0892-C0-AHRI	RAT-X-0892	RAT-001	rationality		C0	2	0.5000	clear	literary		They rose at dawn.	instruction	AHRI	எழுந்தன.	eḻuntaṉa.	[6, 7]	ன	எழுந்தார்கள்.	எழு	PL	False	True	False	public	NATIVE-CHECK-RAT-2
RAT-X-0893-C0-UYAR	RAT-X-0893	RAT-002	rationality		C0	2	0.5000	clear	literary		They laughed near the river.	instruction	UYAR	சிரித்தார்கள்.	cirittārkaḷ.	[7, 13]	ார்கள்	சிரித்தன.	சிரி	PL	False	True	False	public	NATIVE-CHECK-RAT-2
RAT-X-0894-C0-AHRI	RAT-X-0894	RAT-003	rationality		C0	2	0.5000	clear	literary		They ran without warning.	instruction	AHRI	ஓடினன.	ōṭiṉaṉa.	[4, 5]	ன	ஓடினார்கள்.	ஓடு	PL	False	True	False	public	NATIVE-CHECK-RAT-2
RAT-X-0895-C0-UYAR	RAT-X-0895	RAT-001	rationality		C0	2	0.5000	clear	literary		They descended at dawn.	instruction	UYAR	இறங்கினார்கள்.	iṟaṅkiṉārkaḷ.	[7, 13]	ார்கள்	இறங்கினன.	இறங்கு	PL	False	True	False	public	NATIVE-CHECK-RAT-2
RAT-X-0896-C0-AHRI	RAT-X-0896	RAT-002	rationality		C0	2	0.5000	clear	literary		They went near the river.	instruction	AHRI	சென்றன.	ceṉṟaṉa.	[5, 6]	ன	சென்றார்கள்.	செல்	PL	False	True	False	public	NATIVE-CHECK-RAT-2
RAT-X-0897-C0-UYAR	RAT-X-0897	RAT-003	rationality		C0	2	0.5000	clear	literary		They rose without warning.	instruction	UYAR	எழுந்தார்கள்.	eḻuntārkaḷ.	[6, 12]	ார்கள்	எழுந்தன.	எழு	PL	False	True	False	public	NATIVE-CHECK-RAT-2
RAT-X-0898-C0-AHRI	RAT-X-0898	RAT-001	rationality		C0	2	0.5000	clear	literary		They walked at dawn.	instruction	AHRI	நடந்தன.	naṭantaṉa.	[5, 6]	ன	நடந்தார்கள்.	நட	PL	False	True	False	public	NATIVE-CHECK-RAT-2
RAT-X-0899-C0-UYAR	RAT-X-0899	RAT-002	rationality		C0	2	0.5000	clear	literary		They smiled near the river.	instruction	UYAR	நகைத்தார்கள்.	nakaittārkaḷ.	[6, 12]	ார்கள்	நகைத்தன.	நகை	PL	False	True	False	public	NATIVE-CHECK-RAT-2
RAT-X-0900-C0-AHRI	RAT-X-0900	RAT-003	rationality		C0	2	0.5000	clear	literary		They descended without warning.	instruction	AHRI	இறங்கினன.	iṟaṅkiṉaṉa.	[7, 8]	ன	இறங்கினார்கள்.	இறங்கு	PL	False	True	False	public	NATIVE-CHECK-RAT-2
RAT-X-0901-C0-UYAR	RAT-X-0901	RAT-001	rationality		C0	2	0.5000	clear	literary		They laughed at dawn.	instruction	UYAR	சிரித்தார்கள்.	cirittārkaḷ.	[7, 13]	ார்கள்	சிரித்தன.	சிரி	PL	False	True	False	public	NATIVE-CHECK-RAT-2
RAT-X-0902-C0-AHRI	RAT-X-0902	RAT-002	rationality		C0	2	0.5000	clear	literary		They ran near the river.	instruction	AHRI	ஓடினன.	ōṭiṉaṉa.	[4, 5]	ன	ஓடினார்கள்.	ஓடு	PL	False	True	False	public	NATIVE-CHECK-RAT-2
RAT-X-0903-C0-UYAR	RAT-X-0903	RAT-003	rationality		C0	2	0.5000	clear	literary		They jumped without warning.	instruction	UYAR	குதித்தார்கள்.	kutittārkaḷ.	[7, 13]	ார்கள்	குதித்தன.	குதி	PL	False	True	False	public	NATIVE-CHECK-RAT-2
RAT-X-0904-C0-AHRI	RAT-X-0904	RAT-001	rationality		C0	2	0.5000	clear	literary		They spoke at dawn.	instruction	AHRI	பேசினன.	pēciṉaṉa.	[5, 6]	ன	பேசினார்கள்.	பேசு	PL	False	True	False	public	NATIVE-CHECK-RAT-2
RAT-X-0905-C0-UYAR	RAT-X-0905	RAT-002	rationality		C0	2	0.5000	clear	literary		They cried near the river.	instruction	UYAR	அழுதார்கள்.	aḻutārkaḷ.	[4, 10]	ார்கள்	அழுதன.	அழு	PL	False	True	False	public	NATIVE-CHECK-RAT-2
RAT-X-0906-C0-AHRI	RAT-X-0906	RAT-003	rationality		C0	2	0.5000	clear	literary		They came without warning.	instruction	AHRI	வந்தன.	vantaṉa.	[4, 5]	ன	வந்தார்கள்.	வா	PL	False	True	False	public	NATIVE-CHECK-RAT-2
RAT-X-0907-C0-UYAR	RAT-X-0907	RAT-001	rationality		C0	2	0.5000	clear	literary		They climbed at dawn.	instruction	UYAR	ஏறினார்கள்.	ēṟiṉārkaḷ.	[4, 10]	ார்கள்	ஏறினன.	ஏறு	PL	False	True	False	public	NATIVE-CHECK-RAT-2
RAT-X-0908-C0-AHRI	RAT-X-0908	RAT-002	rationality		C0	2	0.5000	clear	literary		They swam near the river.	instruction	AHRI	நீந்தினன.	nīntiṉaṉa.	[7, 8]	ன	நீந்தினார்கள்.	நீந்து	PL	False	True	False	public	NATIVE-CHECK-RAT-2
RAT-X-0909-C0-UYAR	RAT-X-0909	RAT-003	rationality		C0	2	0.5000	clear	literary		They spoke without warning.	instruction	UYAR	பேசினார்கள்.	pēciṉārkaḷ.	[5, 11]	ார்கள்	பேசினன.	பேசு	PL	False	True	False	public	NATIVE-CHECK-RAT-2
RAT-X-0910-C0-AHRI	RAT-X-0910	RAT-001	rationality		C0	2	0.5000	clear	literary		They ran at dawn.	instruction	AHRI	ஓடினன.	ōṭiṉaṉa.	[4, 5]	ன	ஓடினார்கள்.	ஓடு	PL	False	True	False	public	NATIVE-CHECK-RAT-2
RAT-X-0911-C0-UYAR	RAT-X-0911	RAT-002	rationality		C0	2	0.5000	clear	literary		They jumped near the river.	instruction	UYAR	குதித்தார்கள்.	kutittārkaḷ.	[7, 13]	ார்கள்	குதித்தன.	குதி	PL	False	True	False	public	NATIVE-CHECK-RAT-2
RAT-X-0912-C0-AHRI	RAT-X-0912	RAT-003	rationality		C0	2	0.5000	clear	literary		They climbed without warning.	instruction	AHRI	ஏறினன.	ēṟiṉaṉa.	[4, 5]	ன	ஏறினார்கள்.	ஏறு	PL	False	True	False	public	NATIVE-CHECK-RAT-2
RAT-X-0913-C0-UYAR	RAT-X-0913	RAT-001	rationality		C0	2	0.5000	clear	literary		They cried at dawn.	instruction	UYAR	அழுதார்கள்.	aḻutārkaḷ.	[4, 10]	ார்கள்	அழுதன.	அழு	PL	False	True	False	public	NATIVE-CHECK-RAT-2
RAT-X-0914-C0-AHRI	RAT-X-0914	RAT-002	rationality		C0	2	0.5000	clear	literary		They came near the river.	instruction	AHRI	வந்தன.	vantaṉa.	[4, 5]	ன	வந்தார்கள்.	வா	PL	False	True	False	public	NATIVE-CHECK-RAT-2
RAT-X-0915-C0-UYAR	RAT-X-0915	RAT-003	rationality		C0	2	0.5000	clear	literary		They moved without warning.	instruction	UYAR	நகர்ந்தார்கள்.	nakarntārkaḷ.	[7, 13]	ார்கள்	நகர்ந்தன.	நகர்	PL	False	True	False	public	NATIVE-CHECK-RAT-2
RAT-X-0916-C0-AHRI	RAT-X-0916	RAT-001	rationality		C0	2	0.5000	clear	literary		They swam at dawn.	instruction	AHRI	நீந்தினன.	nīntiṉaṉa.	[7, 8]	ன	நீந்தினார்கள்.	நீந்து	PL	False	True	False	public	NATIVE-CHECK-RAT-2
RAT-X-0917-C0-UYAR	RAT-X-0917	RAT-002	rationality		C0	2	0.5000	clear	literary		They played near the river.	instruction	UYAR	விளையாடினார்கள்.	viḷaiyāṭiṉārkaḷ.	[9, 15]	ார்கள்	விளையாடினன.	விளையாடு	PL	False	True	False	public	NATIVE-CHECK-RAT-2
RAT-X-0918-C0-AHRI	RAT-X-0918	RAT-003	rationality		C0	2	0.5000	clear	literary		They feared without warning.	instruction	AHRI	அஞ்சினன.	añciṉaṉa.	[6, 7]	ன	அஞ்சினார்கள்.	அஞ்சு	PL	False	True	False	public	NATIVE-CHECK-RAT-2
RAT-X-0919-C0-UYAR	RAT-X-0919	RAT-001	rationality		C0	2	0.5000	clear	literary		They sat at dawn.	instruction	UYAR	உட்கார்ந்தார்கள்.	uṭkārntārkaḷ.	[10, 16]	ார்கள்	உட்கார்ந்தன.	உட்கார்	PL	False	True	False	public	NATIVE-CHECK-RAT-2
RAT-X-0920-C0-AHRI	RAT-X-0920	RAT-002	rationality		C0	2	0.5000	clear	literary		They flew near the river.	instruction	AHRI	பறந்தன.	paṟantaṉa.	[5, 6]	ன	பறந்தார்கள்.	பற	PL	False	True	False	public	NATIVE-CHECK-RAT-2
RAT-X-0921-C0-UYAR	RAT-X-0921	RAT-003	rationality		C0	2	0.5000	clear	literary		They walked without warning.	instruction	UYAR	நடந்தார்கள்.	naṭantārkaḷ.	[5, 11]	ார்கள்	நடந்தன.	நட	PL	False	True	False	public	NATIVE-CHECK-RAT-2
RAT-X-0922-C0-AHRI	RAT-X-0922	RAT-001	rationality		C0	2	0.5000	clear	literary		They came at dawn.	instruction	AHRI	வந்தன.	vantaṉa.	[4, 5]	ன	வந்தார்கள்.	வா	PL	False	True	False	public	NATIVE-CHECK-RAT-2
